// Логотип для экрана загрузки — 200x200 RGB565
// Белый логотип на чёрном фоне
#pragma once
#define LOGO_WIDTH 200
#define LOGO_HEIGHT 200
static const uint16_t logo_data[40000] = {
  0x0000,0x0000,0x0000,0x0000,0x0000,0x0000,0x0000,0x0000,0x0000,0x0000,0x0000,0x0000,0x0000,0x0000,0x0000,0x0000,
  0x0000,0x0000,0x0000,0x0000,0x0000,0x0000,0x0000,0x0000,0x0000,0x0000,0x0000,0x0000,0x0000,0x0000,0x0000,0x0000,
  0x0000,0x0000,0x0000,0x0000,0x0000,0x0000,0x0000,0x0000,0x0000,0x0000,0x0000,0x0000,0x0000,0x0000,0x0000,0x0000,
  0x0000,0x0000,0x0000,0x0000,0x0000,0x0000,0x0000,0x0000,0x0000,0x0000,0x0000,0x0000,0x0000,0x0000,0x0000,0x0000,
  0x0000,0x0000,0x0000,0x0000,0x0000,0x0000,0x0000,0x0000,0x0000,0x0000,0x0000,0x0000,0x0000,0x0000,0x0000,0x0000,
  0x0000,0x0000,0x0000,0x0000,0x0000,0x0000,0x0000,0x0000,0x0000,0x0000,0x0000,0x0000,0x0000,0x0000,0x0000,0x0000,
  0x0000,0x0000,0x0000,0x0000,0x0000,0x0000,0x0000,0x0000,0x0000,0x0000,0x0000,0x0000,0x07E0,0x07E0,0x07E0,0x07E0,
  0x0000,0x0000,0x0000,0x0000,0x0000,0x0000,0x0000,0x0000,0x0000,0x0000,0x0000,0x0000,0x0000,0x0000,0x0000,0x0000,
  0x0000,0x0000,0x0000,0x0000,0x0000,0x0000,0x0000,0x0000,0x0000,0x0000,0x0000,0x0000,0x0000,0x0000,0x0000,0x0000,
  0x0000,0x0000,0x0000,0x0000,0x0000,0x0000,0x0000,0x0000,0x0000,0x0000,0x0000,0x0000,0x0000,0x0000,0x0000,0x0000,
  0x0000,0x0000,0x0000,0x0000,0x0000,0x0000,0x0000,0x0000,0x0000,0x0000,0x0000,0x0000,0x0000,0x0000,0x0000,0x0000,
  0x0000,0x0000,0x0000,0x0000,0x0000,0x0000,0x0000,0x0000,0x0000,0x0000,0x0000,0x0000,0x0000,0x0000,0x0000,0x0000,
  0x0000,0x0000,0x0000,0x0000,0x0000,0x0000,0x0000,0x0000,
  0x0000,0x0000,0x0000,0x0000,0x0000,0x0000,0x0000,0x0000,0x0000,0x0000,0x0000,0x0000,0x0000,0x0000,0x0000,0x0000,
  0x0000,0x0000,0x0000,0x0000,0x0000,0x0000,0x0000,0x0000,0x0000,0x0000,0x0000,0x0000,0x0000,0x0000,0x0000,0x0000,
  0x0000,0x0000,0x0000,0x0000,0x0000,0x0000,0x0000,0x0000,0x0000,0x0000,0x0000,0x0000,0x0000,0x0000,0x0000,0x0000,
  0x0000,0x0000,0x0000,0x0000,0x0000,0x0000,0x0000,0x0000,0x0000,0x0000,0x0000,0x0000,0x0000,0x0000,0x0000,0x0000,
  0x0000,0x0000,0x0000,0x0000,0x0000,0x0000,0x0000,0x0000,0x0000,0x0000,0x0000,0x0000,0x0000,0x0000,0x0000,0x0000,
  0x0000,0x0000,0x0000,0x0000,0x0000,0x0000,0x0000,0x0000,0x0000,0x0000,0x0000,0x0000,0x0000,0x0000,0x0000,0x0000,
  0x0000,0x0000,0x0000,0x0000,0x0000,0x0000,0x0000,0x0000,0x0000,0x0000,0x0000,0x07E0,0x07E0,0x07E0,0x07E0,0x07E0,
  0x07E0,0x07E0,0x07E0,0x07E0,0x07E0,0x07E0,0x0000,0x0000,0x0000,0x0000,0x0000,0x0000,0x0000,0x0000,0x0000,0x0000,
  0x0000,0x0000,0x0000,0x0000,0x0000,0x0000,0x0000,0x0000,0x0000,0x0000,0x0000,0x0000,0x0000,0x0000,0x0000,0x0000,
  0x0000,0x0000,0x0000,0x0000,0x0000,0x0000,0x0000,0x0000,0x0000,0x0000,0x0000,0x0000,0x0000,0x0000,0x0000,0x0000,
  0x0000,0x0000,0x0000,0x0000,0x0000,0x0000,0x0000,0x0000,0x0000,0x0000,0x0000,0x0000,0x0000,0x0000,0x0000,0x0000,
  0x0000,0x0000,0x0000,0x0000,0x0000,0x0000,0x0000,0x0000,0x0000,0x0000,0x0000,0x0000,0x0000,0x0000,0x0000,0x0000,
  0x0000,0x0000,0x0000,0x0000,0x0000,0x0000,0x0000,0x0000,
  0x0000,0x0000,0x0000,0x0000,0x0000,0x0000,0x0000,0x0000,0x0000,0x0000,0x0000,0x0000,0x0000,0x0000,0x0000,0x0000,
  0x0000,0x0000,0x0000,0x0000,0x0000,0x0000,0x0000,0x0000,0x0000,0x0000,0x0000,0x0000,0x0000,0x0000,0x0000,0x0000,
  0x0000,0x0000,0x0000,0x0000,0x0000,0x0000,0x0000,0x0000,0x0000,0x0000,0x0000,0x0000,0x0000,0x0000,0x0000,0x0000,
  0x0000,0x0000,0x0000,0x0000,0x0000,0x0000,0x0000,0x0000,0x0000,0x0000,0x0000,0x0000,0x0000,0x0000,0x0000,0x0000,
  0x0000,0x0000,0x0000,0x0000,0x0000,0x0000,0x0000,0x0000,0x0000,0x0000,0x0000,0x0000,0x0000,0x07E0,0x07E0,0x07E0,
  0x07E0,0x07E0,0x07E0,0x0000,0x0000,0x0000,0x0000,0x0000,0x0000,0x0000,0x0000,0x0000,0x0000,0x0000,0x0000,0x0000,
  0x0000,0x0000,0x0000,0x0000,0x0000,0x0000,0x0000,0x0000,0x0000,0x0000,0x0000,0x07E0,0x07E0,0x07E0,0x07E0,0x07E0,
  0x07E0,0x07E0,0x07E0,0x07E0,0x07E0,0x07E0,0x07E0,0x07E0,0x07E0,0x07E0,0x07E0,0x07E0,0x0000,0x0000,0x0000,0x0000,
  0x0000,0x0000,0x0000,0x0000,0x0000,0x0000,0x0000,0x0000,0x0000,0x0000,0x0000,0x0000,0x0000,0x0000,0x0000,0x0000,
  0x0000,0x0000,0x0000,0x0000,0x0000,0x0000,0x0000,0x0000,0x0000,0x0000,0x0000,0x0000,0x0000,0x0000,0x0000,0x0000,
  0x0000,0x0000,0x0000,0x0000,0x0000,0x0000,0x0000,0x0000,0x0000,0x0000,0x0000,0x0000,0x0000,0x0000,0x0000,0x0000,
  0x0000,0x0000,0x0000,0x0000,0x0000,0x0000,0x0000,0x0000,0x0000,0x0000,0x0000,0x0000,0x0000,0x0000,0x0000,0x0000,
  0x0000,0x0000,0x0000,0x0000,0x0000,0x0000,0x0000,0x0000,
  0x0000,0x0000,0x0000,0x0000,0x0000,0x0000,0x0000,0x0000,0x0000,0x0000,0x0000,0x0000,0x0000,0x0000,0x0000,0x0000,
  0x0000,0x0000,0x0000,0x0000,0x0000,0x0000,0x0000,0x0000,0x0000,0x0000,0x0000,0x0000,0x0000,0x0000,0x0000,0x0000,
  0x0000,0x0000,0x0000,0x0000,0x0000,0x0000,0x0000,0x0000,0x0000,0x0000,0x0000,0x0000,0x0000,0x0000,0x0000,0x0000,
  0x0000,0x0000,0x0000,0x0000,0x0000,0x0000,0x0000,0x0000,0x0000,0x0000,0x0000,0x0000,0x0000,0x0000,0x0000,0x0000,
  0x0000,0x0000,0x0000,0x0000,0x0000,0x0000,0x0000,0x0000,0x0000,0x0000,0x0000,0x0000,0x0000,0x07E0,0x07E0,0x07E0,
  0x07E0,0x07E0,0x07E0,0x07E0,0x0000,0x0000,0x0000,0x0000,0x0000,0x0000,0x0000,0x0000,0x0000,0x0000,0x0000,0x0000,
  0x0000,0x0000,0x0000,0x0000,0x0000,0x0000,0x0000,0x0000,0x0000,0x0000,0x0000,0x07E0,0x07E0,0x07E0,0x07E0,0x07E0,
  0x07E0,0x07E0,0x07E0,0x07E0,0x07E0,0x07E0,0x07E0,0x07E0,0x07E0,0x07E0,0x07E0,0x07E0,0x07E0,0x07E0,0x0000,0x0000,
  0x0000,0x0000,0x0000,0x0000,0x0000,0x0000,0x0000,0x0000,0x0000,0x0000,0x0000,0x0000,0x0000,0x0000,0x0000,0x0000,
  0x0000,0x0000,0x0000,0x0000,0x0000,0x0000,0x0000,0x0000,0x0000,0x0000,0x0000,0x0000,0x0000,0x0000,0x0000,0x0000,
  0x0000,0x0000,0x0000,0x0000,0x0000,0x0000,0x0000,0x0000,0x0000,0x0000,0x0000,0x0000,0x0000,0x0000,0x0000,0x0000,
  0x0000,0x0000,0x0000,0x0000,0x0000,0x0000,0x0000,0x0000,0x0000,0x0000,0x0000,0x0000,0x0000,0x0000,0x0000,0x0000,
  0x0000,0x0000,0x0000,0x0000,0x0000,0x0000,0x0000,0x0000,
  0x0000,0x0000,0x0000,0x0000,0x0000,0x0000,0x0000,0x0000,0x0000,0x0000,0x0000,0x0000,0x0000,0x0000,0x0000,0x0000,
  0x0000,0x0000,0x0000,0x0000,0x0000,0x0000,0x0000,0x0000,0x0000,0x0000,0x0000,0x0000,0x0000,0x0000,0x0000,0x0000,
  0x0000,0x0000,0x0000,0x0000,0x0000,0x0000,0x0000,0x0000,0x0000,0x0000,0x0000,0x0000,0x0000,0x0000,0x0000,0x0000,
  0x0000,0x0000,0x0000,0x0000,0x0000,0x0000,0x0000,0x0000,0x0000,0x0000,0x0000,0x0000,0x0000,0x0000,0x0000,0x0000,
  0x0000,0x0000,0x0000,0x0000,0x0000,0x0000,0x0000,0x0000,0x0000,0x0000,0x0000,0x0000,0x07E0,0x07E0,0x07E0,0x07E0,
  0x07E0,0x07E0,0x07E0,0x07E0,0x07E0,0x0000,0x0000,0x0000,0x0000,0x0000,0x0000,0x0000,0x0000,0x0000,0x0000,0x0000,
  0x0000,0x0000,0x0000,0x0000,0x0000,0x0000,0x0000,0x0000,0x0000,0x0000,0x0000,0x07E0,0x07E0,0x07E0,0x07E0,0x07E0,
  0x07E0,0x07E0,0x07E0,0x07E0,0x07E0,0x07E0,0x07E0,0x07E0,0x07E0,0x07E0,0x07E0,0x07E0,0x07E0,0x07E0,0x0000,0x0000,
  0x0000,0x0000,0x0000,0x0000,0x0000,0x0000,0x0000,0x0000,0x0000,0x0000,0x0000,0x0000,0x0000,0x0000,0x0000,0x0000,
  0x0000,0x0000,0x0000,0x0000,0x0000,0x0000,0x0000,0x0000,0x0000,0x0000,0x0000,0x0000,0x0000,0x0000,0x0000,0x0000,
  0x0000,0x0000,0x0000,0x0000,0x0000,0x0000,0x0000,0x0000,0x0000,0x0000,0x0000,0x0000,0x0000,0x0000,0x0000,0x0000,
  0x0000,0x0000,0x0000,0x0000,0x0000,0x0000,0x0000,0x0000,0x0000,0x0000,0x0000,0x0000,0x0000,0x0000,0x0000,0x0000,
  0x0000,0x0000,0x0000,0x0000,0x0000,0x0000,0x0000,0x0000,
  0x0000,0x0000,0x0000,0x0000,0x0000,0x0000,0x0000,0x0000,0x0000,0x0000,0x0000,0x0000,0x0000,0x0000,0x0000,0x0000,
  0x0000,0x0000,0x0000,0x0000,0x0000,0x0000,0x0000,0x0000,0x0000,0x0000,0x0000,0x0000,0x0000,0x0000,0x0000,0x0000,
  0x0000,0x0000,0x0000,0x0000,0x0000,0x0000,0x0000,0x0000,0x0000,0x0000,0x0000,0x0000,0x0000,0x0000,0x0000,0x0000,
  0x0000,0x0000,0x0000,0x0000,0x0000,0x0000,0x0000,0x0000,0x0000,0x0000,0x0000,0x0000,0x0000,0x0000,0x0000,0x0000,
  0x0000,0x0000,0x0000,0x0000,0x0000,0x0000,0x0000,0x0000,0x0000,0x0000,0x0000,0x0000,0x07E0,0x07E0,0x07E0,0x07E0,
  0x07E0,0x07E0,0x07E0,0x07E0,0x07E0,0x0000,0x0000,0x0000,0x0000,0x0000,0x0000,0x0000,0x0000,0x0000,0x0000,0x0000,
  0x0000,0x0000,0x0000,0x0000,0x0000,0x0000,0x0000,0x0000,0x0000,0x0000,0x0000,0x0000,0x0000,0x0000,0x0000,0x0000,
  0x07E0,0x07E0,0x07E0,0x07E0,0x07E0,0x07E0,0x07E0,0x07E0,0x07E0,0x07E0,0x07E0,0x07E0,0x07E0,0x0000,0x0000,0x0000,
  0x0000,0x0000,0x0000,0x0000,0x0000,0x0000,0x0000,0x0000,0x0000,0x0000,0x0000,0x0000,0x0000,0x0000,0x0000,0x0000,
  0x0000,0x0000,0x0000,0x0000,0x0000,0x0000,0x0000,0x0000,0x0000,0x0000,0x0000,0x0000,0x0000,0x0000,0x0000,0x0000,
  0x0000,0x0000,0x0000,0x0000,0x0000,0x0000,0x0000,0x0000,0x0000,0x0000,0x0000,0x0000,0x0000,0x0000,0x0000,0x0000,
  0x0000,0x0000,0x0000,0x0000,0x0000,0x0000,0x0000,0x0000,0x0000,0x0000,0x0000,0x0000,0x0000,0x0000,0x0000,0x0000,
  0x0000,0x0000,0x0000,0x0000,0x0000,0x0000,0x0000,0x0000,
  0x0000,0x0000,0x0000,0x0000,0x0000,0x0000,0x0000,0x0000,0x0000,0x0000,0x0000,0x0000,0x0000,0x0000,0x0000,0x0000,
  0x0000,0x0000,0x0000,0x0000,0x0000,0x0000,0x0000,0x0000,0x0000,0x0000,0x0000,0x0000,0x0000,0x0000,0x0000,0x0000,
  0x0000,0x0000,0x0000,0x0000,0x0000,0x0000,0x0000,0x0000,0x0000,0x0000,0x0000,0x0000,0x0000,0x0000,0x0000,0x0000,
  0x0000,0x0000,0x0000,0x0000,0x0000,0x0000,0x0000,0x0000,0x0000,0x0000,0x0000,0x0000,0x0000,0x0000,0x0000,0x0000,
  0x0000,0x0000,0x0000,0x0000,0x0000,0x0000,0x0000,0x0000,0x0000,0x0000,0x0000,0x0000,0x07E0,0x07E0,0x07E0,0x07E0,
  0x07E0,0x07E0,0x07E0,0x07E0,0x07E0,0x07E0,0x0000,0x0000,0x0000,0x0000,0x0000,0x0000,0x0000,0x0000,0x0000,0x0000,
  0x0000,0x0000,0x0000,0x0000,0x0000,0x0000,0x0000,0x0000,0x0000,0x0000,0x0000,0x0000,0x0000,0x0000,0x0000,0x0000,
  0x0000,0x07E0,0x07E0,0x07E0,0x07E0,0x07E0,0x07E0,0x07E0,0x07E0,0x07E0,0x07E0,0x07E0,0x07E0,0x0000,0x0000,0x0000,
  0x0000,0x0000,0x0000,0x0000,0x0000,0x0000,0x0000,0x0000,0x0000,0x0000,0x0000,0x0000,0x0000,0x0000,0x0000,0x0000,
  0x0000,0x0000,0x0000,0x0000,0x0000,0x0000,0x0000,0x0000,0x0000,0x0000,0x0000,0x0000,0x0000,0x0000,0x0000,0x0000,
  0x0000,0x0000,0x0000,0x0000,0x0000,0x0000,0x0000,0x0000,0x0000,0x0000,0x0000,0x0000,0x0000,0x0000,0x0000,0x0000,
  0x0000,0x0000,0x0000,0x0000,0x0000,0x0000,0x0000,0x0000,0x0000,0x0000,0x0000,0x0000,0x0000,0x0000,0x0000,0x0000,
  0x0000,0x0000,0x0000,0x0000,0x0000,0x0000,0x0000,0x0000,
  0x0000,0x0000,0x0000,0x0000,0x0000,0x0000,0x0000,0x0000,0x0000,0x0000,0x0000,0x0000,0x0000,0x0000,0x0000,0x0000,
  0x0000,0x0000,0x0000,0x0000,0x0000,0x0000,0x0000,0x0000,0x0000,0x0000,0x0000,0x0000,0x0000,0x0000,0x0000,0x0000,
  0x0000,0x0000,0x0000,0x0000,0x0000,0x0000,0x0000,0x0000,0x0000,0x0000,0x0000,0x0000,0x0000,0x0000,0x0000,0x0000,
  0x0000,0x0000,0x0000,0x0000,0x0000,0x0000,0x0000,0x0000,0x0000,0x0000,0x0000,0x0000,0x0000,0x0000,0x0000,0x0000,
  0x0000,0x0000,0x0000,0x0000,0x0000,0x0000,0x0000,0x0000,0x0000,0x0000,0x0000,0x0000,0x07E0,0x07E0,0x07E0,0x07E0,
  0x07E0,0x07E0,0x07E0,0x07E0,0x07E0,0x07E0,0x07E0,0x0000,0x0000,0x0000,0x0000,0x0000,0x0000,0x0000,0x0000,0x0000,
  0x0000,0x0000,0x0000,0x0000,0x0000,0x0000,0x0000,0x0000,0x0000,0x0000,0x0000,0x0000,0x0000,0x0000,0x0000,0x0000,
  0x0000,0x07E0,0x07E0,0x07E0,0x07E0,0x07E0,0x07E0,0x0000,0x0000,0x0000,0x0000,0x07E0,0x07E0,0x0000,0x0000,0x0000,
  0x0000,0x0000,0x0000,0x0000,0x0000,0x0000,0x0000,0x0000,0x0000,0x0000,0x0000,0x0000,0x0000,0x0000,0x0000,0x0000,
  0x0000,0x0000,0x0000,0x0000,0x0000,0x0000,0x0000,0x0000,0x0000,0x0000,0x0000,0x0000,0x0000,0x0000,0x0000,0x0000,
  0x0000,0x0000,0x0000,0x0000,0x0000,0x0000,0x0000,0x0000,0x0000,0x0000,0x0000,0x0000,0x0000,0x0000,0x0000,0x0000,
  0x0000,0x0000,0x0000,0x0000,0x0000,0x0000,0x0000,0x0000,0x0000,0x0000,0x0000,0x0000,0x0000,0x0000,0x0000,0x0000,
  0x0000,0x0000,0x0000,0x0000,0x0000,0x0000,0x0000,0x0000,
  0x0000,0x0000,0x0000,0x0000,0x0000,0x0000,0x0000,0x0000,0x0000,0x0000,0x0000,0x0000,0x0000,0x0000,0x0000,0x0000,
  0x0000,0x0000,0x0000,0x0000,0x0000,0x0000,0x0000,0x0000,0x0000,0x0000,0x0000,0x0000,0x0000,0x0000,0x0000,0x0000,
  0x0000,0x0000,0x0000,0x0000,0x0000,0x0000,0x0000,0x0000,0x0000,0x0000,0x0000,0x0000,0x0000,0x0000,0x0000,0x0000,
  0x0000,0x0000,0x0000,0x0000,0x0000,0x0000,0x0000,0x0000,0x0000,0x0000,0x0000,0x0000,0x0000,0x0000,0x0000,0x0000,
  0x0000,0x0000,0x0000,0x0000,0x0000,0x0000,0x0000,0x0000,0x0000,0x0000,0x0000,0x07E0,0x07E0,0x07E0,0x07E0,0x07E0,
  0x07E0,0x07E0,0x07E0,0x07E0,0x07E0,0x07E0,0x07E0,0x07E0,0x0000,0x0000,0x0000,0x0000,0x0000,0x0000,0x0000,0x0000,
  0x0000,0x0000,0x0000,0x0000,0x0000,0x0000,0x0000,0x0000,0x0000,0x0000,0x0000,0x0000,0x0000,0x0000,0x0000,0x0000,
  0x0000,0x07E0,0x07E0,0x07E0,0x07E0,0x07E0,0x07E0,0x0000,0x0000,0x0000,0x0000,0x0000,0x0000,0x0000,0x0000,0x0000,
  0x0000,0x0000,0x0000,0x0000,0x0000,0x0000,0x0000,0x0000,0x0000,0x0000,0x0000,0x0000,0x0000,0x0000,0x0000,0x0000,
  0x0000,0x0000,0x0000,0x0000,0x0000,0x0000,0x0000,0x0000,0x0000,0x0000,0x0000,0x0000,0x0000,0x0000,0x0000,0x0000,
  0x0000,0x0000,0x0000,0x0000,0x0000,0x0000,0x0000,0x0000,0x0000,0x0000,0x0000,0x0000,0x0000,0x0000,0x0000,0x0000,
  0x0000,0x0000,0x0000,0x0000,0x0000,0x0000,0x0000,0x0000,0x0000,0x0000,0x0000,0x0000,0x0000,0x0000,0x0000,0x0000,
  0x0000,0x0000,0x0000,0x0000,0x0000,0x0000,0x0000,0x0000,
  0x0000,0x0000,0x0000,0x0000,0x0000,0x0000,0x0000,0x0000,0x0000,0x0000,0x0000,0x0000,0x0000,0x0000,0x0000,0x0000,
  0x0000,0x0000,0x0000,0x0000,0x0000,0x0000,0x0000,0x0000,0x0000,0x0000,0x0000,0x0000,0x0000,0x0000,0x0000,0x0000,
  0x0000,0x0000,0x0000,0x0000,0x0000,0x0000,0x0000,0x0000,0x0000,0x0000,0x0000,0x0000,0x0000,0x0000,0x0000,0x0000,
  0x0000,0x0000,0x0000,0x0000,0x0000,0x0000,0x0000,0x0000,0x0000,0x0000,0x0000,0x0000,0x0000,0x0000,0x0000,0x0000,
  0x0000,0x0000,0x0000,0x0000,0x0000,0x0000,0x0000,0x0000,0x0000,0x0000,0x0000,0x07E0,0x07E0,0x07E0,0x07E0,0x07E0,
  0x07E0,0x0000,0x07E0,0x07E0,0x07E0,0x07E0,0x07E0,0x07E0,0x0000,0x0000,0x0000,0x0000,0x0000,0x0000,0x0000,0x0000,
  0x0000,0x0000,0x0000,0x0000,0x0000,0x0000,0x0000,0x0000,0x0000,0x0000,0x0000,0x0000,0x0000,0x0000,0x0000,0x0000,
  0x07E0,0x07E0,0x07E0,0x07E0,0x07E0,0x07E0,0x07E0,0x0000,0x0000,0x0000,0x0000,0x0000,0x0000,0x0000,0x0000,0x0000,
  0x0000,0x0000,0x0000,0x0000,0x0000,0x0000,0x0000,0x0000,0x0000,0x0000,0x0000,0x0000,0x0000,0x0000,0x0000,0x0000,
  0x0000,0x0000,0x0000,0x0000,0x0000,0x0000,0x0000,0x0000,0x0000,0x0000,0x0000,0x0000,0x0000,0x0000,0x0000,0x0000,
  0x0000,0x0000,0x0000,0x0000,0x0000,0x0000,0x0000,0x0000,0x0000,0x0000,0x0000,0x0000,0x0000,0x0000,0x0000,0x0000,
  0x0000,0x0000,0x0000,0x0000,0x0000,0x0000,0x0000,0x0000,0x0000,0x0000,0x0000,0x0000,0x0000,0x0000,0x0000,0x0000,
  0x0000,0x0000,0x0000,0x0000,0x0000,0x0000,0x0000,0x0000,
  0x0000,0x0000,0x0000,0x0000,0x0000,0x0000,0x0000,0x0000,0x0000,0x0000,0x0000,0x0000,0x0000,0x0000,0x0000,0x0000,
  0x0000,0x0000,0x0000,0x0000,0x0000,0x0000,0x0000,0x0000,0x0000,0x0000,0x0000,0x0000,0x0000,0x0000,0x0000,0x0000,
  0x0000,0x0000,0x0000,0x0000,0x0000,0x0000,0x0000,0x0000,0x0000,0x0000,0x0000,0x0000,0x0000,0x0000,0x0000,0x0000,
  0x0000,0x0000,0x0000,0x0000,0x0000,0x0000,0x0000,0x0000,0x0000,0x0000,0x0000,0x0000,0x0000,0x0000,0x0000,0x0000,
  0x0000,0x0000,0x0000,0x0000,0x0000,0x0000,0x0000,0x0000,0x0000,0x0000,0x0000,0x07E0,0x07E0,0x07E0,0x07E0,0x07E0,
  0x07E0,0x0000,0x07E0,0x07E0,0x07E0,0x07E0,0x07E0,0x07E0,0x07E0,0x0000,0x0000,0x0000,0x0000,0x0000,0x0000,0x0000,
  0x0000,0x0000,0x0000,0x0000,0x0000,0x0000,0x0000,0x0000,0x0000,0x0000,0x0000,0x0000,0x0000,0x0000,0x0000,0x0000,
  0x07E0,0x07E0,0x07E0,0x07E0,0x07E0,0x07E0,0x0000,0x0000,0x0000,0x0000,0x0000,0x0000,0x0000,0x0000,0x0000,0x0000,
  0x0000,0x0000,0x0000,0x0000,0x0000,0x0000,0x0000,0x0000,0x0000,0x0000,0x0000,0x0000,0x0000,0x0000,0x0000,0x0000,
  0x07E0,0x07E0,0x0000,0x0000,0x0000,0x0000,0x0000,0x0000,0x0000,0x0000,0x0000,0x0000,0x0000,0x0000,0x0000,0x0000,
  0x0000,0x0000,0x0000,0x0000,0x0000,0x0000,0x0000,0x0000,0x0000,0x0000,0x0000,0x0000,0x0000,0x0000,0x0000,0x0000,
  0x0000,0x0000,0x0000,0x0000,0x0000,0x0000,0x0000,0x0000,0x0000,0x0000,0x0000,0x0000,0x0000,0x0000,0x0000,0x0000,
  0x0000,0x0000,0x0000,0x0000,0x0000,0x0000,0x0000,0x0000,
  0x0000,0x0000,0x0000,0x0000,0x0000,0x0000,0x0000,0x0000,0x0000,0x0000,0x0000,0x0000,0x0000,0x0000,0x0000,0x0000,
  0x0000,0x0000,0x0000,0x0000,0x0000,0x0000,0x0000,0x0000,0x0000,0x0000,0x0000,0x0000,0x0000,0x0000,0x0000,0x0000,
  0x0000,0x0000,0x0000,0x0000,0x0000,0x0000,0x0000,0x0000,0x0000,0x0000,0x0000,0x0000,0x0000,0x0000,0x0000,0x0000,
  0x0000,0x0000,0x0000,0x0000,0x0000,0x0000,0x0000,0x0000,0x0000,0x0000,0x0000,0x0000,0x0000,0x0000,0x0000,0x0000,
  0x0000,0x0000,0x0000,0x0000,0x0000,0x0000,0x0000,0x0000,0x0000,0x0000,0x0000,0x07E0,0x07E0,0x07E0,0x07E0,0x07E0,
  0x0000,0x0000,0x0000,0x07E0,0x07E0,0x07E0,0x07E0,0x07E0,0x07E0,0x07E0,0x0000,0x0000,0x0000,0x0000,0x0000,0x0000,
  0x0000,0x0000,0x0000,0x0000,0x0000,0x0000,0x0000,0x0000,0x0000,0x0000,0x0000,0x0000,0x0000,0x0000,0x0000,0x0000,
  0x07E0,0x07E0,0x07E0,0x07E0,0x07E0,0x07E0,0x0000,0x0000,0x0000,0x0000,0x0000,0x0000,0x0000,0x0000,0x0000,0x0000,
  0x0000,0x0000,0x0000,0x0000,0x0000,0x0000,0x0000,0x0000,0x0000,0x0000,0x0000,0x0000,0x0000,0x0000,0x0000,0x07E0,
  0x07E0,0x07E0,0x07E0,0x0000,0x0000,0x0000,0x0000,0x0000,0x0000,0x0000,0x0000,0x0000,0x0000,0x0000,0x0000,0x0000,
  0x0000,0x0000,0x0000,0x0000,0x0000,0x0000,0x0000,0x0000,0x0000,0x0000,0x0000,0x0000,0x0000,0x0000,0x0000,0x0000,
  0x0000,0x0000,0x0000,0x0000,0x0000,0x0000,0x0000,0x0000,0x0000,0x0000,0x0000,0x0000,0x0000,0x0000,0x0000,0x0000,
  0x0000,0x0000,0x0000,0x0000,0x0000,0x0000,0x0000,0x0000,
  0x0000,0x0000,0x0000,0x0000,0x0000,0x0000,0x0000,0x0000,0x0000,0x0000,0x0000,0x0000,0x0000,0x0000,0x0000,0x0000,
  0x0000,0x0000,0x0000,0x0000,0x0000,0x0000,0x0000,0x0000,0x0000,0x0000,0x0000,0x0000,0x0000,0x0000,0x0000,0x0000,
  0x0000,0x0000,0x0000,0x0000,0x0000,0x0000,0x0000,0x0000,0x0000,0x0000,0x0000,0x0000,0x0000,0x0000,0x0000,0x0000,
  0x0000,0x0000,0x0000,0x0000,0x0000,0x0000,0x0000,0x0000,0x0000,0x0000,0x0000,0x0000,0x0000,0x0000,0x0000,0x0000,
  0x0000,0x0000,0x0000,0x0000,0x0000,0x0000,0x0000,0x0000,0x0000,0x0000,0x0000,0x07E0,0x07E0,0x07E0,0x07E0,0x07E0,
  0x0000,0x0000,0x0000,0x0000,0x07E0,0x07E0,0x07E0,0x07E0,0x07E0,0x07E0,0x0000,0x0000,0x0000,0x0000,0x0000,0x0000,
  0x0000,0x0000,0x0000,0x0000,0x0000,0x0000,0x0000,0x0000,0x0000,0x0000,0x0000,0x0000,0x0000,0x0000,0x0000,0x0000,
  0x07E0,0x07E0,0x07E0,0x07E0,0x07E0,0x07E0,0x0000,0x0000,0x0000,0x0000,0x0000,0x0000,0x0000,0x0000,0x0000,0x0000,
  0x0000,0x0000,0x0000,0x0000,0x0000,0x0000,0x0000,0x0000,0x0000,0x0000,0x0000,0x0000,0x0000,0x0000,0x0000,0x07E0,
  0x07E0,0x07E0,0x07E0,0x07E0,0x07E0,0x0000,0x0000,0x0000,0x0000,0x0000,0x0000,0x0000,0x0000,0x0000,0x0000,0x0000,
  0x0000,0x0000,0x0000,0x0000,0x0000,0x0000,0x0000,0x0000,0x0000,0x0000,0x0000,0x0000,0x0000,0x0000,0x0000,0x0000,
  0x0000,0x0000,0x0000,0x0000,0x0000,0x0000,0x0000,0x0000,0x0000,0x0000,0x0000,0x0000,0x0000,0x0000,0x0000,0x0000,
  0x0000,0x0000,0x0000,0x0000,0x0000,0x0000,0x0000,0x0000,
  0x0000,0x0000,0x0000,0x0000,0x0000,0x0000,0x0000,0x0000,0x0000,0x0000,0x0000,0x0000,0x0000,0x0000,0x0000,0x0000,
  0x0000,0x0000,0x0000,0x0000,0x0000,0x0000,0x0000,0x0000,0x0000,0x0000,0x0000,0x0000,0x0000,0x0000,0x0000,0x0000,
  0x0000,0x0000,0x0000,0x0000,0x0000,0x0000,0x0000,0x0000,0x0000,0x0000,0x0000,0x0000,0x0000,0x0000,0x0000,0x0000,
  0x0000,0x0000,0x0000,0x0000,0x0000,0x0000,0x0000,0x0000,0x0000,0x0000,0x0000,0x0000,0x0000,0x0000,0x0000,0x0000,
  0x0000,0x0000,0x0000,0x0000,0x0000,0x0000,0x0000,0x0000,0x0000,0x0000,0x07E0,0x07E0,0x07E0,0x07E0,0x07E0,0x07E0,
  0x0000,0x0000,0x0000,0x07E0,0x07E0,0x07E0,0x07E0,0x07E0,0x07E0,0x07E0,0x07E0,0x0000,0x0000,0x0000,0x0000,0x0000,
  0x0000,0x0000,0x0000,0x0000,0x0000,0x0000,0x0000,0x0000,0x0000,0x0000,0x0000,0x0000,0x0000,0x0000,0x0000,0x0000,
  0x07E0,0x07E0,0x07E0,0x07E0,0x07E0,0x07E0,0x0000,0x0000,0x0000,0x0000,0x0000,0x0000,0x0000,0x0000,0x0000,0x0000,
  0x0000,0x0000,0x0000,0x0000,0x0000,0x0000,0x0000,0x0000,0x0000,0x0000,0x0000,0x0000,0x0000,0x0000,0x07E0,0x07E0,
  0x07E0,0x07E0,0x07E0,0x07E0,0x07E0,0x0000,0x0000,0x0000,0x0000,0x0000,0x0000,0x0000,0x0000,0x0000,0x0000,0x0000,
  0x0000,0x0000,0x0000,0x0000,0x0000,0x0000,0x0000,0x0000,0x0000,0x0000,0x0000,0x0000,0x0000,0x0000,0x0000,0x0000,
  0x0000,0x0000,0x0000,0x0000,0x0000,0x0000,0x0000,0x0000,0x0000,0x0000,0x0000,0x0000,0x0000,0x0000,0x0000,0x0000,
  0x0000,0x0000,0x0000,0x0000,0x0000,0x0000,0x0000,0x0000,
  0x0000,0x0000,0x0000,0x0000,0x0000,0x0000,0x0000,0x0000,0x0000,0x0000,0x0000,0x0000,0x0000,0x0000,0x0000,0x0000,
  0x0000,0x0000,0x0000,0x0000,0x0000,0x0000,0x0000,0x0000,0x0000,0x0000,0x0000,0x0000,0x0000,0x0000,0x0000,0x0000,
  0x0000,0x0000,0x0000,0x0000,0x0000,0x0000,0x0000,0x0000,0x0000,0x0000,0x0000,0x0000,0x0000,0x0000,0x0000,0x0000,
  0x0000,0x07E0,0x07E0,0x07E0,0x07E0,0x0000,0x0000,0x0000,0x0000,0x0000,0x0000,0x0000,0x0000,0x0000,0x0000,0x0000,
  0x0000,0x0000,0x0000,0x0000,0x0000,0x0000,0x0000,0x0000,0x0000,0x0000,0x07E0,0x07E0,0x07E0,0x07E0,0x07E0,0x07E0,
  0x07E0,0x07E0,0x07E0,0x07E0,0x07E0,0x07E0,0x07E0,0x07E0,0x07E0,0x07E0,0x07E0,0x07E0,0x0000,0x0000,0x0000,0x0000,
  0x0000,0x0000,0x0000,0x0000,0x0000,0x0000,0x0000,0x0000,0x0000,0x0000,0x0000,0x0000,0x0000,0x0000,0x0000,0x07E0,
  0x07E0,0x07E0,0x07E0,0x07E0,0x07E0,0x07E0,0x0000,0x0000,0x0000,0x0000,0x0000,0x0000,0x0000,0x0000,0x0000,0x0000,
  0x0000,0x0000,0x0000,0x0000,0x0000,0x0000,0x0000,0x0000,0x0000,0x0000,0x0000,0x0000,0x0000,0x07E0,0x07E0,0x07E0,
  0x07E0,0x07E0,0x07E0,0x07E0,0x0000,0x0000,0x0000,0x0000,0x0000,0x0000,0x0000,0x0000,0x0000,0x0000,0x0000,0x0000,
  0x0000,0x0000,0x0000,0x0000,0x0000,0x0000,0x0000,0x0000,0x0000,0x0000,0x0000,0x0000,0x0000,0x0000,0x0000,0x0000,
  0x0000,0x0000,0x0000,0x0000,0x0000,0x0000,0x0000,0x0000,0x0000,0x0000,0x0000,0x0000,0x0000,0x0000,0x0000,0x0000,
  0x0000,0x0000,0x0000,0x0000,0x0000,0x0000,0x0000,0x0000,
  0x0000,0x0000,0x0000,0x0000,0x0000,0x0000,0x0000,0x0000,0x0000,0x0000,0x0000,0x0000,0x0000,0x0000,0x0000,0x0000,
  0x0000,0x0000,0x0000,0x0000,0x0000,0x0000,0x0000,0x0000,0x0000,0x0000,0x0000,0x0000,0x0000,0x0000,0x0000,0x0000,
  0x0000,0x0000,0x0000,0x0000,0x0000,0x0000,0x0000,0x0000,0x0000,0x0000,0x0000,0x0000,0x0000,0x0000,0x0000,0x07E0,
  0x07E0,0x07E0,0x07E0,0x07E0,0x07E0,0x07E0,0x07E0,0x0000,0x0000,0x0000,0x0000,0x0000,0x0000,0x0000,0x0000,0x0000,
  0x0000,0x0000,0x0000,0x0000,0x0000,0x0000,0x0000,0x0000,0x0000,0x0000,0x07E0,0x07E0,0x07E0,0x07E0,0x07E0,0x07E0,
  0x07E0,0x07E0,0x07E0,0x07E0,0x07E0,0x07E0,0x07E0,0x07E0,0x07E0,0x07E0,0x07E0,0x07E0,0x07E0,0x0000,0x0000,0x0000,
  0x0000,0x0000,0x0000,0x0000,0x0000,0x0000,0x0000,0x0000,0x0000,0x0000,0x0000,0x0000,0x0000,0x0000,0x0000,0x07E0,
  0x07E0,0x07E0,0x07E0,0x07E0,0x07E0,0x07E0,0x0000,0x0000,0x0000,0x0000,0x0000,0x0000,0x0000,0x0000,0x0000,0x0000,
  0x0000,0x0000,0x0000,0x0000,0x0000,0x0000,0x0000,0x0000,0x0000,0x0000,0x0000,0x0000,0x0000,0x07E0,0x07E0,0x07E0,
  0x07E0,0x07E0,0x07E0,0x07E0,0x0000,0x0000,0x0000,0x0000,0x0000,0x0000,0x0000,0x0000,0x0000,0x0000,0x0000,0x0000,
  0x0000,0x0000,0x0000,0x0000,0x0000,0x0000,0x0000,0x0000,0x0000,0x0000,0x0000,0x0000,0x0000,0x0000,0x0000,0x0000,
  0x0000,0x0000,0x0000,0x0000,0x0000,0x0000,0x0000,0x0000,0x0000,0x0000,0x0000,0x0000,0x0000,0x0000,0x0000,0x0000,
  0x0000,0x0000,0x0000,0x0000,0x0000,0x0000,0x0000,0x0000,
  0x0000,0x0000,0x0000,0x0000,0x0000,0x0000,0x0000,0x0000,0x0000,0x0000,0x0000,0x0000,0x0000,0x0000,0x0000,0x0000,
  0x0000,0x0000,0x0000,0x0000,0x0000,0x0000,0x0000,0x0000,0x0000,0x0000,0x0000,0x0000,0x0000,0x0000,0x0000,0x0000,
  0x0000,0x0000,0x0000,0x0000,0x0000,0x0000,0x0000,0x0000,0x0000,0x0000,0x0000,0x0000,0x0000,0x07E0,0x07E0,0x07E0,
  0x07E0,0x07E0,0x07E0,0x07E0,0x07E0,0x07E0,0x07E0,0x07E0,0x0000,0x0000,0x0000,0x0000,0x0000,0x0000,0x0000,0x0000,
  0x0000,0x0000,0x0000,0x0000,0x0000,0x0000,0x0000,0x0000,0x0000,0x0000,0x07E0,0x07E0,0x07E0,0x07E0,0x07E0,0x07E0,
  0x07E0,0x07E0,0x07E0,0x07E0,0x07E0,0x07E0,0x07E0,0x07E0,0x07E0,0x07E0,0x07E0,0x07E0,0x07E0,0x0000,0x0000,0x0000,
  0x0000,0x0000,0x0000,0x0000,0x0000,0x0000,0x0000,0x0000,0x0000,0x0000,0x0000,0x0000,0x0000,0x0000,0x0000,0x07E0,
  0x07E0,0x07E0,0x07E0,0x07E0,0x07E0,0x0000,0x0000,0x0000,0x0000,0x0000,0x0000,0x0000,0x0000,0x0000,0x0000,0x0000,
  0x0000,0x0000,0x0000,0x0000,0x0000,0x0000,0x0000,0x0000,0x0000,0x0000,0x0000,0x0000,0x07E0,0x07E0,0x07E0,0x07E0,
  0x07E0,0x07E0,0x07E0,0x0000,0x0000,0x0000,0x0000,0x0000,0x0000,0x0000,0x0000,0x0000,0x0000,0x0000,0x0000,0x0000,
  0x0000,0x0000,0x0000,0x0000,0x0000,0x0000,0x0000,0x0000,0x0000,0x0000,0x0000,0x0000,0x0000,0x0000,0x0000,0x0000,
  0x0000,0x0000,0x0000,0x0000,0x0000,0x0000,0x0000,0x0000,0x0000,0x0000,0x0000,0x0000,0x0000,0x0000,0x0000,0x0000,
  0x0000,0x0000,0x0000,0x0000,0x0000,0x0000,0x0000,0x0000,
  0x0000,0x0000,0x0000,0x0000,0x0000,0x0000,0x0000,0x0000,0x0000,0x0000,0x0000,0x0000,0x0000,0x0000,0x0000,0x0000,
  0x0000,0x0000,0x0000,0x0000,0x0000,0x0000,0x0000,0x0000,0x0000,0x0000,0x0000,0x0000,0x0000,0x0000,0x0000,0x0000,
  0x0000,0x0000,0x0000,0x0000,0x0000,0x0000,0x0000,0x0000,0x0000,0x0000,0x0000,0x07E0,0x07E0,0x07E0,0x07E0,0x07E0,
  0x07E0,0x07E0,0x07E0,0x07E0,0x07E0,0x07E0,0x07E0,0x07E0,0x07E0,0x0000,0x0000,0x0000,0x0000,0x0000,0x0000,0x0000,
  0x0000,0x0000,0x0000,0x0000,0x0000,0x0000,0x0000,0x0000,0x0000,0x0000,0x07E0,0x07E0,0x07E0,0x07E0,0x07E0,0x07E0,
  0x07E0,0x07E0,0x07E0,0x07E0,0x07E0,0x07E0,0x07E0,0x07E0,0x07E0,0x07E0,0x07E0,0x07E0,0x07E0,0x07E0,0x0000,0x0000,
  0x0000,0x0000,0x0000,0x0000,0x0000,0x0000,0x0000,0x0000,0x0000,0x0000,0x0000,0x0000,0x0000,0x0000,0x0000,0x07E0,
  0x07E0,0x07E0,0x07E0,0x07E0,0x07E0,0x0000,0x0000,0x0000,0x0000,0x0000,0x0000,0x0000,0x0000,0x0000,0x0000,0x0000,
  0x0000,0x0000,0x0000,0x0000,0x0000,0x0000,0x0000,0x0000,0x0000,0x0000,0x0000,0x07E0,0x07E0,0x07E0,0x07E0,0x07E0,
  0x07E0,0x07E0,0x07E0,0x0000,0x0000,0x0000,0x0000,0x0000,0x0000,0x0000,0x0000,0x07E0,0x07E0,0x0000,0x0000,0x0000,
  0x0000,0x0000,0x0000,0x0000,0x0000,0x0000,0x0000,0x0000,0x0000,0x0000,0x0000,0x0000,0x0000,0x0000,0x0000,0x0000,
  0x0000,0x0000,0x0000,0x0000,0x0000,0x0000,0x0000,0x0000,0x0000,0x0000,0x0000,0x0000,0x0000,0x0000,0x0000,0x0000,
  0x0000,0x0000,0x0000,0x0000,0x0000,0x0000,0x0000,0x0000,
  0x0000,0x0000,0x0000,0x0000,0x0000,0x0000,0x0000,0x0000,0x0000,0x0000,0x0000,0x0000,0x0000,0x0000,0x0000,0x0000,
  0x0000,0x0000,0x0000,0x0000,0x0000,0x0000,0x0000,0x0000,0x0000,0x0000,0x0000,0x0000,0x0000,0x0000,0x0000,0x0000,
  0x0000,0x0000,0x0000,0x0000,0x0000,0x0000,0x0000,0x0000,0x0000,0x0000,0x07E0,0x07E0,0x07E0,0x07E0,0x07E0,0x07E0,
  0x07E0,0x07E0,0x07E0,0x07E0,0x07E0,0x07E0,0x07E0,0x07E0,0x07E0,0x07E0,0x0000,0x0000,0x0000,0x0000,0x0000,0x0000,
  0x0000,0x0000,0x0000,0x0000,0x0000,0x0000,0x0000,0x0000,0x0000,0x07E0,0x07E0,0x07E0,0x07E0,0x07E0,0x07E0,0x07E0,
  0x07E0,0x07E0,0x0000,0x0000,0x0000,0x0000,0x0000,0x0000,0x07E0,0x07E0,0x07E0,0x07E0,0x07E0,0x07E0,0x07E0,0x0000,
  0x0000,0x0000,0x0000,0x0000,0x0000,0x0000,0x0000,0x0000,0x0000,0x0000,0x0000,0x0000,0x0000,0x0000,0x0000,0x07E0,
  0x07E0,0x07E0,0x07E0,0x07E0,0x07E0,0x0000,0x0000,0x0000,0x0000,0x0000,0x0000,0x0000,0x0000,0x0000,0x0000,0x0000,
  0x0000,0x0000,0x0000,0x0000,0x0000,0x0000,0x0000,0x0000,0x0000,0x0000,0x0000,0x07E0,0x07E0,0x07E0,0x07E0,0x07E0,
  0x07E0,0x07E0,0x0000,0x0000,0x0000,0x0000,0x0000,0x0000,0x0000,0x07E0,0x07E0,0x07E0,0x07E0,0x07E0,0x07E0,0x0000,
  0x0000,0x0000,0x0000,0x0000,0x0000,0x0000,0x0000,0x0000,0x0000,0x0000,0x0000,0x0000,0x0000,0x0000,0x0000,0x0000,
  0x0000,0x0000,0x0000,0x0000,0x0000,0x0000,0x0000,0x0000,0x0000,0x0000,0x0000,0x0000,0x0000,0x0000,0x0000,0x0000,
  0x0000,0x0000,0x0000,0x0000,0x0000,0x0000,0x0000,0x0000,
  0x0000,0x0000,0x0000,0x0000,0x0000,0x0000,0x0000,0x0000,0x0000,0x0000,0x0000,0x0000,0x0000,0x0000,0x0000,0x0000,
  0x0000,0x0000,0x0000,0x0000,0x0000,0x0000,0x0000,0x0000,0x0000,0x0000,0x0000,0x0000,0x0000,0x0000,0x0000,0x0000,
  0x0000,0x0000,0x0000,0x0000,0x0000,0x0000,0x0000,0x0000,0x07E0,0x07E0,0x07E0,0x07E0,0x07E0,0x07E0,0x07E0,0x07E0,
  0x07E0,0x07E0,0x07E0,0x07E0,0x07E0,0x07E0,0x07E0,0x07E0,0x07E0,0x07E0,0x0000,0x0000,0x0000,0x0000,0x0000,0x0000,
  0x0000,0x0000,0x0000,0x0000,0x0000,0x0000,0x0000,0x0000,0x0000,0x07E0,0x07E0,0x07E0,0x07E0,0x07E0,0x07E0,0x0000,
  0x0000,0x0000,0x0000,0x0000,0x0000,0x0000,0x0000,0x0000,0x07E0,0x07E0,0x07E0,0x07E0,0x07E0,0x07E0,0x07E0,0x0000,
  0x0000,0x0000,0x0000,0x0000,0x0000,0x0000,0x0000,0x0000,0x0000,0x0000,0x0000,0x0000,0x0000,0x0000,0x0000,0x07E0,
  0x07E0,0x07E0,0x07E0,0x07E0,0x07E0,0x0000,0x0000,0x0000,0x0000,0x0000,0x0000,0x0000,0x0000,0x0000,0x0000,0x0000,
  0x0000,0x0000,0x0000,0x0000,0x0000,0x0000,0x0000,0x0000,0x0000,0x0000,0x07E0,0x07E0,0x07E0,0x07E0,0x07E0,0x07E0,
  0x07E0,0x0000,0x0000,0x0000,0x0000,0x0000,0x07E0,0x07E0,0x07E0,0x07E0,0x07E0,0x07E0,0x07E0,0x07E0,0x07E0,0x07E0,
  0x0000,0x0000,0x0000,0x0000,0x0000,0x0000,0x0000,0x0000,0x0000,0x0000,0x0000,0x0000,0x0000,0x0000,0x0000,0x0000,
  0x0000,0x0000,0x0000,0x0000,0x0000,0x0000,0x0000,0x0000,0x0000,0x0000,0x0000,0x0000,0x0000,0x0000,0x0000,0x0000,
  0x0000,0x0000,0x0000,0x0000,0x0000,0x0000,0x0000,0x0000,
  0x0000,0x0000,0x0000,0x0000,0x0000,0x0000,0x0000,0x0000,0x0000,0x0000,0x0000,0x0000,0x0000,0x0000,0x0000,0x0000,
  0x0000,0x0000,0x0000,0x0000,0x0000,0x0000,0x0000,0x0000,0x0000,0x0000,0x0000,0x0000,0x0000,0x0000,0x0000,0x0000,
  0x0000,0x0000,0x0000,0x0000,0x0000,0x0000,0x0000,0x07E0,0x07E0,0x07E0,0x07E0,0x07E0,0x07E0,0x07E0,0x07E0,0x07E0,
  0x0000,0x0000,0x0000,0x07E0,0x07E0,0x07E0,0x07E0,0x07E0,0x07E0,0x07E0,0x0000,0x0000,0x0000,0x0000,0x0000,0x0000,
  0x0000,0x0000,0x0000,0x0000,0x0000,0x0000,0x0000,0x0000,0x0000,0x07E0,0x07E0,0x07E0,0x07E0,0x07E0,0x07E0,0x0000,
  0x0000,0x0000,0x0000,0x0000,0x0000,0x0000,0x0000,0x0000,0x0000,0x07E0,0x07E0,0x0000,0x0000,0x0000,0x0000,0x0000,
  0x0000,0x0000,0x0000,0x0000,0x0000,0x0000,0x0000,0x0000,0x0000,0x0000,0x0000,0x0000,0x0000,0x0000,0x0000,0x07E0,
  0x07E0,0x07E0,0x07E0,0x07E0,0x07E0,0x0000,0x0000,0x0000,0x0000,0x0000,0x0000,0x0000,0x0000,0x0000,0x0000,0x0000,
  0x0000,0x0000,0x0000,0x0000,0x0000,0x0000,0x0000,0x0000,0x0000,0x0000,0x07E0,0x07E0,0x07E0,0x07E0,0x07E0,0x07E0,
  0x07E0,0x0000,0x0000,0x0000,0x07E0,0x07E0,0x07E0,0x07E0,0x07E0,0x07E0,0x07E0,0x07E0,0x07E0,0x07E0,0x07E0,0x07E0,
  0x07E0,0x0000,0x0000,0x0000,0x0000,0x0000,0x0000,0x0000,0x0000,0x0000,0x0000,0x0000,0x0000,0x0000,0x0000,0x0000,
  0x0000,0x0000,0x0000,0x0000,0x0000,0x0000,0x0000,0x0000,0x0000,0x0000,0x0000,0x0000,0x0000,0x0000,0x0000,0x0000,
  0x0000,0x0000,0x0000,0x0000,0x0000,0x0000,0x0000,0x0000,
  0x0000,0x0000,0x0000,0x0000,0x0000,0x0000,0x0000,0x0000,0x0000,0x0000,0x0000,0x0000,0x0000,0x0000,0x0000,0x0000,
  0x0000,0x0000,0x0000,0x0000,0x0000,0x0000,0x0000,0x0000,0x0000,0x0000,0x0000,0x0000,0x0000,0x0000,0x0000,0x0000,
  0x0000,0x0000,0x0000,0x0000,0x0000,0x0000,0x07E0,0x07E0,0x07E0,0x07E0,0x07E0,0x07E0,0x07E0,0x07E0,0x0000,0x0000,
  0x0000,0x0000,0x0000,0x0000,0x07E0,0x07E0,0x07E0,0x07E0,0x07E0,0x07E0,0x0000,0x0000,0x0000,0x0000,0x0000,0x0000,
  0x0000,0x0000,0x0000,0x0000,0x0000,0x0000,0x0000,0x0000,0x0000,0x07E0,0x07E0,0x07E0,0x07E0,0x07E0,0x07E0,0x0000,
  0x0000,0x0000,0x0000,0x0000,0x0000,0x0000,0x0000,0x0000,0x0000,0x0000,0x0000,0x0000,0x0000,0x0000,0x0000,0x0000,
  0x0000,0x0000,0x0000,0x0000,0x0000,0x0000,0x0000,0x0000,0x0000,0x0000,0x0000,0x0000,0x0000,0x0000,0x0000,0x0000,
  0x0000,0x07E0,0x07E0,0x07E0,0x0000,0x0000,0x0000,0x0000,0x0000,0x0000,0x0000,0x0000,0x0000,0x0000,0x0000,0x0000,
  0x0000,0x0000,0x0000,0x0000,0x0000,0x0000,0x0000,0x0000,0x0000,0x07E0,0x07E0,0x07E0,0x07E0,0x07E0,0x07E0,0x07E0,
  0x0000,0x0000,0x07E0,0x07E0,0x07E0,0x07E0,0x07E0,0x07E0,0x07E0,0x07E0,0x07E0,0x07E0,0x07E0,0x07E0,0x07E0,0x07E0,
  0x0000,0x0000,0x0000,0x0000,0x0000,0x0000,0x0000,0x0000,0x0000,0x0000,0x0000,0x0000,0x0000,0x0000,0x0000,0x0000,
  0x0000,0x0000,0x0000,0x0000,0x0000,0x0000,0x0000,0x0000,0x0000,0x0000,0x0000,0x0000,0x0000,0x0000,0x0000,0x0000,
  0x0000,0x0000,0x0000,0x0000,0x0000,0x0000,0x0000,0x0000,
  0x0000,0x0000,0x0000,0x0000,0x0000,0x0000,0x0000,0x0000,0x0000,0x0000,0x0000,0x0000,0x0000,0x0000,0x0000,0x0000,
  0x0000,0x0000,0x0000,0x0000,0x0000,0x0000,0x0000,0x0000,0x0000,0x0000,0x0000,0x0000,0x0000,0x0000,0x0000,0x0000,
  0x0000,0x0000,0x0000,0x0000,0x0000,0x0000,0x07E0,0x07E0,0x07E0,0x07E0,0x07E0,0x07E0,0x07E0,0x07E0,0x0000,0x0000,
  0x0000,0x0000,0x0000,0x0000,0x07E0,0x07E0,0x07E0,0x07E0,0x07E0,0x07E0,0x0000,0x0000,0x0000,0x0000,0x0000,0x0000,
  0x0000,0x0000,0x0000,0x0000,0x0000,0x0000,0x0000,0x0000,0x0000,0x07E0,0x07E0,0x07E0,0x07E0,0x07E0,0x0000,0x0000,
  0x0000,0x0000,0x0000,0x0000,0x0000,0x0000,0x0000,0x0000,0x0000,0x0000,0x0000,0x0000,0x0000,0x0000,0x0000,0x0000,
  0x0000,0x0000,0x0000,0x0000,0x0000,0x0000,0x0000,0x0000,0x0000,0x0000,0x0000,0x0000,0x0000,0x0000,0x0000,0x0000,
  0x0000,0x0000,0x0000,0x0000,0x0000,0x0000,0x0000,0x0000,0x0000,0x0000,0x0000,0x0000,0x0000,0x0000,0x0000,0x0000,
  0x0000,0x0000,0x0000,0x0000,0x0000,0x0000,0x0000,0x0000,0x07E0,0x07E0,0x07E0,0x07E0,0x07E0,0x07E0,0x07E0,0x07E0,
  0x07E0,0x07E0,0x07E0,0x07E0,0x07E0,0x07E0,0x07E0,0x07E0,0x07E0,0x07E0,0x07E0,0x07E0,0x07E0,0x07E0,0x07E0,0x0000,
  0x0000,0x0000,0x0000,0x0000,0x0000,0x0000,0x0000,0x0000,0x0000,0x0000,0x0000,0x0000,0x0000,0x0000,0x0000,0x0000,
  0x0000,0x0000,0x0000,0x0000,0x0000,0x0000,0x0000,0x0000,0x0000,0x0000,0x0000,0x0000,0x0000,0x0000,0x0000,0x0000,
  0x0000,0x0000,0x0000,0x0000,0x0000,0x0000,0x0000,0x0000,
  0x0000,0x0000,0x0000,0x0000,0x0000,0x0000,0x0000,0x0000,0x0000,0x0000,0x0000,0x0000,0x0000,0x0000,0x0000,0x0000,
  0x0000,0x0000,0x0000,0x0000,0x0000,0x0000,0x0000,0x0000,0x0000,0x0000,0x0000,0x0000,0x0000,0x0000,0x0000,0x0000,
  0x0000,0x0000,0x0000,0x0000,0x0000,0x0000,0x0000,0x07E0,0x07E0,0x07E0,0x07E0,0x07E0,0x07E0,0x07E0,0x0000,0x0000,
  0x0000,0x0000,0x0000,0x0000,0x07E0,0x07E0,0x07E0,0x07E0,0x07E0,0x07E0,0x0000,0x0000,0x0000,0x0000,0x0000,0x0000,
  0x0000,0x0000,0x0000,0x0000,0x0000,0x0000,0x0000,0x0000,0x07E0,0x07E0,0x07E0,0x07E0,0x07E0,0x0000,0x0000,0x0000,
  0x0000,0x0000,0x0000,0x0000,0x0000,0x0000,0x0000,0x0000,0x0000,0x0000,0x0000,0x0000,0x0000,0x0000,0x0000,0x0000,
  0x0000,0x0000,0x0000,0x0000,0x0000,0x0000,0x0000,0x0000,0x0000,0x0000,0x0000,0x0000,0x0000,0x0000,0x0000,0x0000,
  0x0000,0x0000,0x0000,0x0000,0x0000,0x0000,0x0000,0x0000,0x0000,0x0000,0x0000,0x0000,0x0000,0x0000,0x0000,0x0000,
  0x0000,0x0000,0x0000,0x0000,0x0000,0x0000,0x0000,0x0000,0x07E0,0x07E0,0x07E0,0x07E0,0x07E0,0x07E0,0x07E0,0x07E0,
  0x07E0,0x07E0,0x07E0,0x07E0,0x07E0,0x07E0,0x07E0,0x07E0,0x07E0,0x07E0,0x07E0,0x07E0,0x07E0,0x07E0,0x07E0,0x0000,
  0x0000,0x0000,0x0000,0x0000,0x0000,0x0000,0x0000,0x0000,0x0000,0x0000,0x0000,0x0000,0x0000,0x0000,0x0000,0x0000,
  0x0000,0x0000,0x0000,0x0000,0x0000,0x0000,0x0000,0x0000,0x0000,0x0000,0x0000,0x0000,0x0000,0x0000,0x0000,0x0000,
  0x0000,0x0000,0x0000,0x0000,0x0000,0x0000,0x0000,0x0000,
  0x0000,0x0000,0x0000,0x0000,0x0000,0x0000,0x0000,0x0000,0x0000,0x0000,0x0000,0x0000,0x0000,0x0000,0x0000,0x0000,
  0x0000,0x0000,0x0000,0x0000,0x0000,0x0000,0x0000,0x0000,0x0000,0x0000,0x0000,0x0000,0x0000,0x0000,0x0000,0x0000,
  0x0000,0x0000,0x0000,0x0000,0x0000,0x0000,0x0000,0x07E0,0x07E0,0x07E0,0x07E0,0x07E0,0x07E0,0x07E0,0x07E0,0x0000,
  0x0000,0x0000,0x0000,0x07E0,0x07E0,0x07E0,0x07E0,0x07E0,0x07E0,0x07E0,0x0000,0x0000,0x0000,0x0000,0x0000,0x0000,
  0x0000,0x0000,0x0000,0x0000,0x0000,0x0000,0x0000,0x0000,0x0000,0x0000,0x0000,0x0000,0x0000,0x0000,0x0000,0x0000,
  0x0000,0x0000,0x0000,0x0000,0x0000,0x0000,0x0000,0x0000,0x0000,0x0000,0x0000,0x0000,0x0000,0x0000,0x0000,0x0000,
  0x0000,0x0000,0x0000,0x0000,0x0000,0x0000,0x0000,0x0000,0x0000,0x0000,0x0000,0x0000,0x0000,0x0000,0x0000,0x0000,
  0x0000,0x0000,0x0000,0x0000,0x0000,0x0000,0x0000,0x0000,0x0000,0x0000,0x0000,0x0000,0x0000,0x0000,0x0000,0x0000,
  0x0000,0x0000,0x0000,0x0000,0x0000,0x0000,0x0000,0x07E0,0x07E0,0x07E0,0x07E0,0x07E0,0x07E0,0x07E0,0x07E0,0x07E0,
  0x07E0,0x07E0,0x07E0,0x07E0,0x07E0,0x07E0,0x07E0,0x07E0,0x07E0,0x07E0,0x07E0,0x07E0,0x07E0,0x07E0,0x0000,0x0000,
  0x0000,0x0000,0x0000,0x0000,0x0000,0x0000,0x0000,0x0000,0x0000,0x0000,0x0000,0x0000,0x0000,0x0000,0x0000,0x0000,
  0x0000,0x0000,0x0000,0x0000,0x0000,0x0000,0x0000,0x0000,0x0000,0x0000,0x0000,0x0000,0x0000,0x0000,0x0000,0x0000,
  0x0000,0x0000,0x0000,0x0000,0x0000,0x0000,0x0000,0x0000,
  0x0000,0x0000,0x0000,0x0000,0x0000,0x0000,0x0000,0x0000,0x0000,0x0000,0x0000,0x0000,0x0000,0x0000,0x0000,0x0000,
  0x0000,0x0000,0x0000,0x0000,0x0000,0x0000,0x0000,0x0000,0x0000,0x0000,0x0000,0x0000,0x0000,0x0000,0x0000,0x0000,
  0x0000,0x0000,0x0000,0x0000,0x0000,0x0000,0x0000,0x0000,0x07E0,0x07E0,0x07E0,0x07E0,0x07E0,0x07E0,0x07E0,0x07E0,
  0x0000,0x0000,0x07E0,0x07E0,0x07E0,0x07E0,0x07E0,0x07E0,0x07E0,0x0000,0x0000,0x0000,0x0000,0x0000,0x0000,0x0000,
  0x0000,0x0000,0x0000,0x0000,0x0000,0x0000,0x0000,0x0000,0x0000,0x0000,0x0000,0x0000,0x0000,0x0000,0x0000,0x0000,
  0x0000,0x0000,0x0000,0x0000,0x0000,0x0000,0x0000,0x0000,0x0000,0x0000,0x0000,0x0000,0x0000,0x0000,0x0000,0x0000,
  0x0000,0x0000,0x0000,0x0000,0x0000,0x0000,0x0000,0x0000,0x0000,0x0000,0x0000,0x0000,0x0000,0x0000,0x0000,0x0000,
  0x0000,0x0000,0x0000,0x0000,0x0000,0x0000,0x0000,0x0000,0x0000,0x0000,0x0000,0x0000,0x0000,0x0000,0x0000,0x0000,
  0x0000,0x0000,0x0000,0x0000,0x0000,0x0000,0x0000,0x07E0,0x07E0,0x07E0,0x07E0,0x07E0,0x07E0,0x07E0,0x07E0,0x07E0,
  0x07E0,0x07E0,0x07E0,0x07E0,0x07E0,0x0000,0x0000,0x07E0,0x07E0,0x07E0,0x07E0,0x07E0,0x07E0,0x07E0,0x0000,0x0000,
  0x0000,0x0000,0x0000,0x0000,0x0000,0x0000,0x0000,0x0000,0x0000,0x0000,0x0000,0x0000,0x0000,0x0000,0x0000,0x0000,
  0x0000,0x0000,0x0000,0x0000,0x0000,0x0000,0x0000,0x0000,0x0000,0x0000,0x0000,0x0000,0x0000,0x0000,0x0000,0x0000,
  0x0000,0x0000,0x0000,0x0000,0x0000,0x0000,0x0000,0x0000,
  0x0000,0x0000,0x0000,0x0000,0x0000,0x0000,0x0000,0x0000,0x0000,0x0000,0x0000,0x0000,0x0000,0x0000,0x0000,0x0000,
  0x0000,0x0000,0x0000,0x0000,0x0000,0x0000,0x0000,0x0000,0x0000,0x0000,0x0000,0x0000,0x0000,0x0000,0x0000,0x0000,
  0x0000,0x0000,0x0000,0x0000,0x0000,0x0000,0x0000,0x0000,0x0000,0x07E0,0x07E0,0x07E0,0x07E0,0x07E0,0x07E0,0x07E0,
  0x07E0,0x07E0,0x07E0,0x07E0,0x07E0,0x07E0,0x07E0,0x07E0,0x07E0,0x0000,0x0000,0x0000,0x0000,0x0000,0x0000,0x0000,
  0x0000,0x0000,0x0000,0x0000,0x0000,0x0000,0x0000,0x0000,0x0000,0x0000,0x0000,0x0000,0x0000,0x0000,0x0000,0x0000,
  0x0000,0x0000,0x0000,0x0000,0x0000,0x0000,0x0000,0x0000,0x0000,0x0000,0x0000,0x0000,0x0000,0x0000,0x0000,0x0000,
  0x0000,0x0000,0x0000,0x0000,0x0000,0x0000,0x0000,0x0000,0x0000,0x0000,0x0000,0x0000,0x0000,0x0000,0x0000,0x0000,
  0x0000,0x0000,0x0000,0x0000,0x0000,0x0000,0x0000,0x0000,0x0000,0x0000,0x0000,0x0000,0x0000,0x0000,0x0000,0x0000,
  0x0000,0x0000,0x0000,0x0000,0x0000,0x0000,0x07E0,0x07E0,0x07E0,0x07E0,0x07E0,0x07E0,0x07E0,0x07E0,0x07E0,0x07E0,
  0x07E0,0x07E0,0x07E0,0x0000,0x0000,0x0000,0x07E0,0x07E0,0x07E0,0x07E0,0x07E0,0x07E0,0x07E0,0x0000,0x0000,0x0000,
  0x0000,0x0000,0x0000,0x0000,0x0000,0x0000,0x0000,0x0000,0x0000,0x0000,0x0000,0x0000,0x0000,0x0000,0x0000,0x0000,
  0x0000,0x0000,0x0000,0x0000,0x0000,0x0000,0x0000,0x0000,0x0000,0x0000,0x0000,0x0000,0x0000,0x0000,0x0000,0x0000,
  0x0000,0x0000,0x0000,0x0000,0x0000,0x0000,0x0000,0x0000,
  0x0000,0x0000,0x0000,0x0000,0x0000,0x0000,0x0000,0x0000,0x0000,0x0000,0x0000,0x0000,0x0000,0x0000,0x0000,0x0000,
  0x0000,0x0000,0x0000,0x0000,0x0000,0x0000,0x0000,0x0000,0x0000,0x0000,0x0000,0x0000,0x0000,0x0000,0x0000,0x0000,
  0x0000,0x0000,0x0000,0x0000,0x0000,0x0000,0x0000,0x0000,0x0000,0x07E0,0x07E0,0x07E0,0x07E0,0x07E0,0x07E0,0x07E0,
  0x07E0,0x07E0,0x07E0,0x07E0,0x07E0,0x07E0,0x07E0,0x07E0,0x0000,0x0000,0x0000,0x0000,0x0000,0x0000,0x0000,0x0000,
  0x0000,0x0000,0x0000,0x0000,0x0000,0x0000,0x0000,0x0000,0x0000,0x0000,0x0000,0x0000,0x0000,0x0000,0x0000,0x0000,
  0x0000,0x0000,0x0000,0x0000,0x0000,0x0000,0x0000,0x0000,0x0000,0x0000,0x0000,0x0000,0x0000,0x0000,0x0000,0x0000,
  0x0000,0x0000,0x0000,0x0000,0x0000,0x0000,0x0000,0x0000,0x0000,0x0000,0x0000,0x0000,0x0000,0x0000,0x0000,0x0000,
  0x0000,0x0000,0x0000,0x0000,0x0000,0x0000,0x0000,0x0000,0x0000,0x0000,0x0000,0x0000,0x0000,0x0000,0x0000,0x0000,
  0x0000,0x0000,0x0000,0x0000,0x0000,0x0000,0x07E0,0x07E0,0x07E0,0x07E0,0x07E0,0x07E0,0x07E0,0x07E0,0x07E0,0x07E0,
  0x07E0,0x0000,0x0000,0x0000,0x0000,0x07E0,0x07E0,0x07E0,0x07E0,0x07E0,0x07E0,0x07E0,0x0000,0x0000,0x0000,0x0000,
  0x0000,0x0000,0x0000,0x0000,0x0000,0x0000,0x0000,0x0000,0x0000,0x0000,0x0000,0x0000,0x0000,0x0000,0x0000,0x0000,
  0x0000,0x0000,0x0000,0x0000,0x0000,0x0000,0x0000,0x0000,0x0000,0x0000,0x0000,0x0000,0x0000,0x0000,0x0000,0x0000,
  0x0000,0x0000,0x0000,0x0000,0x0000,0x0000,0x0000,0x0000,
  0x0000,0x0000,0x0000,0x0000,0x0000,0x0000,0x0000,0x0000,0x0000,0x0000,0x0000,0x0000,0x0000,0x0000,0x0000,0x0000,
  0x0000,0x0000,0x0000,0x0000,0x0000,0x0000,0x0000,0x0000,0x0000,0x0000,0x0000,0x0000,0x0000,0x0000,0x0000,0x0000,
  0x0000,0x0000,0x0000,0x0000,0x0000,0x0000,0x0000,0x0000,0x0000,0x0000,0x07E0,0x07E0,0x07E0,0x07E0,0x07E0,0x07E0,
  0x07E0,0x07E0,0x07E0,0x07E0,0x07E0,0x07E0,0x0000,0x0000,0x0000,0x0000,0x0000,0x0000,0x0000,0x0000,0x0000,0x0000,
  0x0000,0x0000,0x0000,0x0000,0x0000,0x0000,0x0000,0x0000,0x0000,0x0000,0x0000,0x0000,0x0000,0x0000,0x0000,0x0000,
  0x0000,0x0000,0x0000,0x0000,0x0000,0x0000,0x0000,0x0000,0x0000,0x0000,0x0000,0x0000,0x0000,0x0000,0x0000,0x0000,
  0x0000,0x0000,0x0000,0x0000,0x0000,0x0000,0x0000,0x0000,0x0000,0x0000,0x0000,0x0000,0x0000,0x0000,0x0000,0x0000,
  0x0000,0x0000,0x0000,0x0000,0x0000,0x0000,0x0000,0x0000,0x0000,0x0000,0x0000,0x0000,0x0000,0x0000,0x0000,0x0000,
  0x0000,0x0000,0x0000,0x0000,0x0000,0x0000,0x0000,0x0000,0x07E0,0x07E0,0x07E0,0x07E0,0x07E0,0x07E0,0x0000,0x0000,
  0x0000,0x0000,0x0000,0x0000,0x0000,0x07E0,0x07E0,0x07E0,0x07E0,0x07E0,0x07E0,0x07E0,0x0000,0x0000,0x0000,0x0000,
  0x0000,0x0000,0x0000,0x0000,0x0000,0x0000,0x0000,0x0000,0x0000,0x0000,0x0000,0x0000,0x0000,0x0000,0x0000,0x0000,
  0x0000,0x0000,0x0000,0x0000,0x0000,0x0000,0x0000,0x0000,0x0000,0x0000,0x0000,0x0000,0x0000,0x0000,0x0000,0x0000,
  0x0000,0x0000,0x0000,0x0000,0x0000,0x0000,0x0000,0x0000,
  0x0000,0x0000,0x0000,0x0000,0x0000,0x0000,0x0000,0x0000,0x0000,0x0000,0x0000,0x0000,0x0000,0x0000,0x0000,0x0000,
  0x0000,0x0000,0x0000,0x0000,0x0000,0x0000,0x0000,0x0000,0x0000,0x0000,0x0000,0x0000,0x0000,0x0000,0x0000,0x0000,
  0x0000,0x0000,0x0000,0x0000,0x0000,0x0000,0x0000,0x0000,0x0000,0x0000,0x0000,0x07E0,0x07E0,0x07E0,0x07E0,0x07E0,
  0x07E0,0x07E0,0x07E0,0x07E0,0x07E0,0x0000,0x0000,0x0000,0x0000,0x0000,0x0000,0x0000,0x0000,0x0000,0x0000,0x0000,
  0x0000,0x0000,0x0000,0x0000,0x0000,0x0000,0x0000,0x0000,0x0000,0x0000,0x0000,0x0000,0x0000,0x0000,0x0000,0x0000,
  0x0000,0x0000,0x0000,0x0000,0x0000,0x0000,0x0000,0x0000,0x0000,0x0000,0x0000,0x0000,0x0000,0x0000,0x0000,0x0000,
  0x0000,0x0000,0x0000,0x0000,0x0000,0x0000,0x0000,0x0000,0x0000,0x0000,0x0000,0x0000,0x0000,0x0000,0x0000,0x0000,
  0x0000,0x0000,0x0000,0x0000,0x0000,0x0000,0x0000,0x0000,0x0000,0x0000,0x0000,0x0000,0x0000,0x0000,0x0000,0x0000,
  0x0000,0x0000,0x0000,0x0000,0x0000,0x0000,0x0000,0x0000,0x0000,0x07E0,0x07E0,0x07E0,0x0000,0x0000,0x0000,0x0000,
  0x0000,0x0000,0x0000,0x0000,0x07E0,0x07E0,0x07E0,0x07E0,0x07E0,0x07E0,0x07E0,0x0000,0x0000,0x0000,0x0000,0x0000,
  0x0000,0x0000,0x0000,0x0000,0x0000,0x0000,0x0000,0x0000,0x0000,0x0000,0x0000,0x0000,0x0000,0x0000,0x0000,0x0000,
  0x0000,0x0000,0x0000,0x0000,0x0000,0x0000,0x0000,0x0000,0x0000,0x0000,0x0000,0x0000,0x0000,0x0000,0x0000,0x0000,
  0x0000,0x0000,0x0000,0x0000,0x0000,0x0000,0x0000,0x0000,
  0x0000,0x0000,0x0000,0x0000,0x0000,0x0000,0x0000,0x0000,0x0000,0x0000,0x0000,0x0000,0x0000,0x0000,0x0000,0x0000,
  0x0000,0x0000,0x0000,0x0000,0x0000,0x0000,0x0000,0x0000,0x0000,0x0000,0x0000,0x0000,0x0000,0x0000,0x0000,0x0000,
  0x0000,0x0000,0x0000,0x0000,0x0000,0x0000,0x0000,0x0000,0x0000,0x0000,0x0000,0x07E0,0x07E0,0x07E0,0x07E0,0x07E0,
  0x07E0,0x07E0,0x07E0,0x0000,0x0000,0x0000,0x0000,0x0000,0x0000,0x0000,0x0000,0x0000,0x0000,0x0000,0x0000,0x0000,
  0x0000,0x0000,0x0000,0x0000,0x0000,0x0000,0x0000,0x0000,0x0000,0x0000,0x0000,0x0000,0x0000,0x0000,0x0000,0x0000,
  0x0000,0x0000,0x0000,0x0000,0x0000,0x0000,0x0000,0x0000,0x0000,0x0000,0x0000,0x0000,0x0000,0x0000,0x0000,0x0000,
  0x0000,0x0000,0x0000,0x0000,0x0000,0x0000,0x0000,0x0000,0x0000,0x0000,0x0000,0x0000,0x0000,0x0000,0x0000,0x0000,
  0x0000,0x0000,0x0000,0x0000,0x0000,0x0000,0x0000,0x0000,0x0000,0x0000,0x0000,0x0000,0x0000,0x0000,0x0000,0x0000,
  0x0000,0x0000,0x0000,0x0000,0x0000,0x0000,0x0000,0x0000,0x0000,0x0000,0x0000,0x0000,0x0000,0x0000,0x0000,0x0000,
  0x0000,0x0000,0x0000,0x07E0,0x07E0,0x07E0,0x07E0,0x07E0,0x07E0,0x07E0,0x07E0,0x0000,0x0000,0x0000,0x0000,0x0000,
  0x0000,0x0000,0x0000,0x0000,0x0000,0x0000,0x0000,0x0000,0x0000,0x0000,0x0000,0x0000,0x0000,0x0000,0x0000,0x0000,
  0x0000,0x0000,0x0000,0x0000,0x0000,0x0000,0x0000,0x0000,0x0000,0x0000,0x0000,0x0000,0x0000,0x0000,0x0000,0x0000,
  0x0000,0x0000,0x0000,0x0000,0x0000,0x0000,0x0000,0x0000,
  0x0000,0x0000,0x0000,0x0000,0x0000,0x0000,0x0000,0x0000,0x0000,0x0000,0x0000,0x0000,0x0000,0x0000,0x0000,0x0000,
  0x0000,0x0000,0x0000,0x0000,0x0000,0x0000,0x0000,0x0000,0x0000,0x0000,0x0000,0x0000,0x0000,0x0000,0x0000,0x0000,
  0x0000,0x0000,0x0000,0x0000,0x0000,0x0000,0x0000,0x0000,0x0000,0x0000,0x0000,0x0000,0x07E0,0x07E0,0x07E0,0x07E0,
  0x07E0,0x07E0,0x07E0,0x0000,0x0000,0x0000,0x0000,0x0000,0x0000,0x0000,0x0000,0x0000,0x0000,0x0000,0x0000,0x0000,
  0x0000,0x0000,0x0000,0x0000,0x0000,0x0000,0x0000,0x0000,0x0000,0x0000,0x0000,0x0000,0x0000,0x0000,0x0000,0x0000,
  0x0000,0x0000,0x0000,0x0000,0x0000,0x0000,0x0000,0x0000,0x0000,0x07E0,0x07E0,0x07E0,0x07E0,0x07E0,0x07E0,0x07E0,
  0x07E0,0x0000,0x0000,0x0000,0x0000,0x0000,0x0000,0x0000,0x0000,0x07E0,0x07E0,0x07E0,0x07E0,0x07E0,0x07E0,0x07E0,
  0x07E0,0x0000,0x0000,0x0000,0x0000,0x0000,0x0000,0x0000,0x0000,0x0000,0x0000,0x0000,0x0000,0x0000,0x0000,0x0000,
  0x0000,0x0000,0x0000,0x0000,0x0000,0x0000,0x0000,0x0000,0x0000,0x0000,0x0000,0x0000,0x0000,0x0000,0x0000,0x0000,
  0x0000,0x0000,0x0000,0x07E0,0x07E0,0x07E0,0x07E0,0x07E0,0x07E0,0x07E0,0x0000,0x0000,0x0000,0x0000,0x0000,0x0000,
  0x0000,0x0000,0x0000,0x0000,0x0000,0x0000,0x0000,0x0000,0x0000,0x0000,0x0000,0x0000,0x0000,0x0000,0x0000,0x0000,
  0x0000,0x0000,0x0000,0x0000,0x0000,0x0000,0x0000,0x0000,0x0000,0x0000,0x0000,0x0000,0x0000,0x0000,0x0000,0x0000,
  0x0000,0x0000,0x0000,0x0000,0x0000,0x0000,0x0000,0x0000,
  0x0000,0x0000,0x0000,0x0000,0x0000,0x0000,0x0000,0x0000,0x0000,0x0000,0x0000,0x0000,0x0000,0x0000,0x0000,0x0000,
  0x0000,0x0000,0x0000,0x0000,0x0000,0x0000,0x0000,0x0000,0x0000,0x0000,0x0000,0x0000,0x0000,0x0000,0x0000,0x0000,
  0x0000,0x0000,0x0000,0x0000,0x0000,0x0000,0x0000,0x0000,0x0000,0x0000,0x0000,0x0000,0x0000,0x07E0,0x07E0,0x07E0,
  0x07E0,0x07E0,0x07E0,0x07E0,0x0000,0x0000,0x0000,0x0000,0x0000,0x0000,0x0000,0x0000,0x0000,0x0000,0x0000,0x0000,
  0x0000,0x0000,0x0000,0x0000,0x0000,0x0000,0x0000,0x0000,0x0000,0x0000,0x0000,0x0000,0x0000,0x0000,0x0000,0x0000,
  0x0000,0x0000,0x0000,0x0000,0x0000,0x0000,0x0000,0x07E0,0x07E0,0x07E0,0x07E0,0x07E0,0x07E0,0x07E0,0x07E0,0x07E0,
  0x0000,0x0000,0x0000,0x0000,0x0000,0x0000,0x0000,0x0000,0x07E0,0x07E0,0x07E0,0x07E0,0x07E0,0x07E0,0x07E0,0x07E0,
  0x07E0,0x0000,0x0000,0x0000,0x0000,0x0000,0x0000,0x0000,0x0000,0x0000,0x0000,0x0000,0x0000,0x0000,0x0000,0x0000,
  0x0000,0x0000,0x0000,0x0000,0x0000,0x0000,0x0000,0x0000,0x0000,0x0000,0x0000,0x0000,0x0000,0x0000,0x0000,0x0000,
  0x0000,0x0000,0x07E0,0x07E0,0x07E0,0x07E0,0x07E0,0x07E0,0x07E0,0x0000,0x0000,0x0000,0x0000,0x0000,0x0000,0x0000,
  0x0000,0x0000,0x0000,0x0000,0x0000,0x0000,0x0000,0x0000,0x0000,0x0000,0x0000,0x0000,0x0000,0x0000,0x0000,0x0000,
  0x0000,0x0000,0x0000,0x0000,0x0000,0x0000,0x0000,0x0000,0x0000,0x0000,0x0000,0x0000,0x0000,0x0000,0x0000,0x0000,
  0x0000,0x0000,0x0000,0x0000,0x0000,0x0000,0x0000,0x0000,
  0x0000,0x0000,0x0000,0x0000,0x0000,0x0000,0x0000,0x0000,0x0000,0x0000,0x0000,0x0000,0x0000,0x0000,0x0000,0x0000,
  0x0000,0x0000,0x0000,0x0000,0x0000,0x0000,0x0000,0x0000,0x0000,0x0000,0x0000,0x0000,0x0000,0x0000,0x0000,0x0000,
  0x0000,0x0000,0x0000,0x0000,0x0000,0x0000,0x0000,0x0000,0x0000,0x0000,0x0000,0x0000,0x0000,0x07E0,0x07E0,0x07E0,
  0x07E0,0x07E0,0x07E0,0x07E0,0x07E0,0x0000,0x0000,0x0000,0x0000,0x0000,0x0000,0x0000,0x0000,0x0000,0x0000,0x0000,
  0x0000,0x0000,0x0000,0x0000,0x0000,0x0000,0x0000,0x0000,0x0000,0x0000,0x0000,0x0000,0x0000,0x0000,0x0000,0x0000,
  0x0000,0x0000,0x0000,0x0000,0x0000,0x0000,0x07E0,0x07E0,0x07E0,0x07E0,0x07E0,0x07E0,0x07E0,0x07E0,0x07E0,0x0000,
  0x0000,0x0000,0x0000,0x0000,0x0000,0x0000,0x0000,0x07E0,0x07E0,0x07E0,0x07E0,0x07E0,0x07E0,0x07E0,0x07E0,0x07E0,
  0x0000,0x0000,0x0000,0x0000,0x0000,0x0000,0x0000,0x0000,0x07E0,0x0000,0x0000,0x0000,0x0000,0x0000,0x0000,0x0000,
  0x0000,0x0000,0x0000,0x0000,0x0000,0x0000,0x0000,0x0000,0x0000,0x0000,0x0000,0x0000,0x0000,0x0000,0x0000,0x0000,
  0x0000,0x07E0,0x07E0,0x07E0,0x07E0,0x07E0,0x07E0,0x07E0,0x07E0,0x0000,0x0000,0x0000,0x0000,0x0000,0x0000,0x0000,
  0x0000,0x0000,0x0000,0x0000,0x0000,0x0000,0x0000,0x0000,0x0000,0x0000,0x0000,0x0000,0x0000,0x0000,0x0000,0x0000,
  0x0000,0x0000,0x0000,0x0000,0x0000,0x0000,0x0000,0x0000,0x0000,0x0000,0x0000,0x0000,0x0000,0x0000,0x0000,0x0000,
  0x0000,0x0000,0x0000,0x0000,0x0000,0x0000,0x0000,0x0000,
  0x0000,0x0000,0x0000,0x0000,0x0000,0x0000,0x0000,0x0000,0x0000,0x0000,0x0000,0x0000,0x0000,0x0000,0x0000,0x0000,
  0x0000,0x0000,0x0000,0x0000,0x0000,0x0000,0x0000,0x0000,0x0000,0x0000,0x0000,0x0000,0x0000,0x0000,0x0000,0x0000,
  0x0000,0x0000,0x0000,0x0000,0x0000,0x0000,0x0000,0x0000,0x0000,0x0000,0x0000,0x0000,0x0000,0x0000,0x07E0,0x07E0,
  0x07E0,0x07E0,0x07E0,0x07E0,0x07E0,0x07E0,0x0000,0x0000,0x0000,0x0000,0x0000,0x0000,0x0000,0x0000,0x0000,0x0000,
  0x0000,0x0000,0x0000,0x0000,0x0000,0x0000,0x0000,0x0000,0x0000,0x0000,0x0000,0x0000,0x0000,0x0000,0x0000,0x0000,
  0x0000,0x0000,0x0000,0x0000,0x0000,0x07E0,0x07E0,0x07E0,0x07E0,0x07E0,0x07E0,0x07E0,0x07E0,0x07E0,0x0000,0x0000,
  0x0000,0x0000,0x0000,0x0000,0x0000,0x0000,0x07E0,0x07E0,0x07E0,0x07E0,0x07E0,0x07E0,0x07E0,0x07E0,0x07E0,0x0000,
  0x0000,0x0000,0x0000,0x0000,0x0000,0x0000,0x0000,0x07E0,0x07E0,0x07E0,0x07E0,0x07E0,0x0000,0x0000,0x0000,0x0000,
  0x0000,0x0000,0x0000,0x0000,0x0000,0x0000,0x0000,0x0000,0x0000,0x0000,0x0000,0x0000,0x0000,0x0000,0x0000,0x0000,
  0x0000,0x07E0,0x07E0,0x07E0,0x07E0,0x07E0,0x07E0,0x07E0,0x0000,0x0000,0x0000,0x0000,0x0000,0x0000,0x0000,0x0000,
  0x0000,0x0000,0x0000,0x0000,0x0000,0x0000,0x0000,0x0000,0x0000,0x0000,0x0000,0x0000,0x0000,0x0000,0x0000,0x0000,
  0x0000,0x0000,0x0000,0x0000,0x0000,0x0000,0x0000,0x0000,0x0000,0x0000,0x0000,0x0000,0x0000,0x0000,0x0000,0x0000,
  0x0000,0x0000,0x0000,0x0000,0x0000,0x0000,0x0000,0x0000,
  0x0000,0x0000,0x0000,0x0000,0x0000,0x0000,0x0000,0x0000,0x0000,0x0000,0x0000,0x0000,0x0000,0x0000,0x0000,0x0000,
  0x0000,0x0000,0x0000,0x0000,0x0000,0x0000,0x0000,0x0000,0x0000,0x0000,0x0000,0x0000,0x0000,0x0000,0x0000,0x0000,
  0x0000,0x0000,0x0000,0x0000,0x0000,0x0000,0x0000,0x0000,0x0000,0x0000,0x0000,0x0000,0x0000,0x0000,0x0000,0x07E0,
  0x07E0,0x07E0,0x07E0,0x07E0,0x07E0,0x0000,0x0000,0x0000,0x0000,0x0000,0x0000,0x0000,0x0000,0x0000,0x0000,0x0000,
  0x0000,0x0000,0x0000,0x0000,0x0000,0x0000,0x0000,0x0000,0x0000,0x0000,0x07E0,0x0000,0x0000,0x0000,0x0000,0x0000,
  0x0000,0x0000,0x0000,0x0000,0x07E0,0x07E0,0x07E0,0x07E0,0x07E0,0x07E0,0x07E0,0x07E0,0x07E0,0x0000,0x0000,0x0000,
  0x0000,0x0000,0x0000,0x0000,0x0000,0x07E0,0x07E0,0x07E0,0x07E0,0x07E0,0x07E0,0x07E0,0x07E0,0x07E0,0x0000,0x0000,
  0x0000,0x0000,0x0000,0x0000,0x0000,0x0000,0x07E0,0x07E0,0x07E0,0x07E0,0x07E0,0x07E0,0x07E0,0x07E0,0x0000,0x0000,
  0x0000,0x0000,0x0000,0x0000,0x0000,0x0000,0x0000,0x0000,0x0000,0x0000,0x0000,0x0000,0x0000,0x0000,0x0000,0x0000,
  0x0000,0x0000,0x0000,0x07E0,0x07E0,0x07E0,0x07E0,0x0000,0x0000,0x0000,0x0000,0x0000,0x0000,0x0000,0x0000,0x0000,
  0x0000,0x0000,0x0000,0x0000,0x0000,0x0000,0x0000,0x0000,0x0000,0x0000,0x0000,0x0000,0x0000,0x0000,0x0000,0x0000,
  0x07E0,0x0000,0x0000,0x0000,0x0000,0x0000,0x0000,0x0000,0x0000,0x0000,0x0000,0x0000,0x0000,0x0000,0x0000,0x0000,
  0x0000,0x0000,0x0000,0x0000,0x0000,0x0000,0x0000,0x0000,
  0x0000,0x0000,0x0000,0x0000,0x0000,0x0000,0x0000,0x0000,0x0000,0x0000,0x0000,0x0000,0x0000,0x0000,0x0000,0x0000,
  0x0000,0x0000,0x0000,0x0000,0x0000,0x0000,0x0000,0x0000,0x0000,0x0000,0x0000,0x0000,0x0000,0x0000,0x0000,0x0000,
  0x0000,0x0000,0x0000,0x0000,0x0000,0x0000,0x0000,0x0000,0x0000,0x0000,0x0000,0x0000,0x0000,0x0000,0x0000,0x07E0,
  0x07E0,0x07E0,0x07E0,0x07E0,0x0000,0x0000,0x0000,0x0000,0x0000,0x0000,0x0000,0x0000,0x0000,0x0000,0x0000,0x0000,
  0x0000,0x0000,0x0000,0x0000,0x0000,0x0000,0x0000,0x0000,0x07E0,0x07E0,0x07E0,0x0000,0x0000,0x0000,0x0000,0x0000,
  0x0000,0x0000,0x0000,0x07E0,0x07E0,0x07E0,0x07E0,0x07E0,0x07E0,0x07E0,0x07E0,0x07E0,0x0000,0x0000,0x0000,0x0000,
  0x0000,0x0000,0x0000,0x0000,0x07E0,0x07E0,0x07E0,0x07E0,0x07E0,0x07E0,0x07E0,0x07E0,0x07E0,0x0000,0x0000,0x0000,
  0x0000,0x0000,0x0000,0x0000,0x0000,0x07E0,0x07E0,0x07E0,0x07E0,0x07E0,0x07E0,0x07E0,0x07E0,0x07E0,0x0000,0x0000,
  0x0000,0x0000,0x0000,0x0000,0x0000,0x0000,0x0000,0x0000,0x0000,0x0000,0x0000,0x0000,0x0000,0x0000,0x0000,0x0000,
  0x0000,0x0000,0x0000,0x0000,0x0000,0x07E0,0x07E0,0x0000,0x0000,0x0000,0x0000,0x0000,0x0000,0x0000,0x0000,0x0000,
  0x0000,0x0000,0x0000,0x0000,0x0000,0x0000,0x0000,0x0000,0x0000,0x0000,0x0000,0x0000,0x0000,0x0000,0x07E0,0x07E0,
  0x07E0,0x07E0,0x0000,0x0000,0x0000,0x0000,0x0000,0x0000,0x0000,0x0000,0x0000,0x0000,0x0000,0x0000,0x0000,0x0000,
  0x0000,0x0000,0x0000,0x0000,0x0000,0x0000,0x0000,0x0000,
  0x0000,0x0000,0x0000,0x0000,0x0000,0x0000,0x0000,0x0000,0x0000,0x0000,0x0000,0x0000,0x0000,0x0000,0x0000,0x0000,
  0x0000,0x0000,0x0000,0x0000,0x0000,0x0000,0x07E0,0x0000,0x0000,0x0000,0x0000,0x0000,0x0000,0x0000,0x0000,0x0000,
  0x0000,0x0000,0x0000,0x0000,0x0000,0x0000,0x0000,0x0000,0x0000,0x0000,0x0000,0x0000,0x0000,0x0000,0x0000,0x0000,
  0x07E0,0x07E0,0x0000,0x0000,0x0000,0x0000,0x0000,0x0000,0x0000,0x0000,0x0000,0x0000,0x0000,0x0000,0x0000,0x0000,
  0x0000,0x0000,0x0000,0x0000,0x0000,0x0000,0x07E0,0x07E0,0x07E0,0x07E0,0x0000,0x0000,0x0000,0x0000,0x0000,0x0000,
  0x0000,0x0000,0x07E0,0x07E0,0x07E0,0x07E0,0x07E0,0x07E0,0x07E0,0x07E0,0x07E0,0x0000,0x0000,0x0000,0x0000,0x0000,
  0x0000,0x0000,0x0000,0x07E0,0x07E0,0x07E0,0x07E0,0x07E0,0x07E0,0x07E0,0x07E0,0x07E0,0x0000,0x0000,0x0000,0x0000,
  0x0000,0x0000,0x0000,0x0000,0x07E0,0x07E0,0x07E0,0x07E0,0x07E0,0x07E0,0x07E0,0x07E0,0x07E0,0x0000,0x0000,0x0000,
  0x0000,0x0000,0x0000,0x0000,0x0000,0x0000,0x0000,0x0000,0x0000,0x0000,0x0000,0x0000,0x0000,0x0000,0x0000,0x0000,
  0x0000,0x0000,0x0000,0x0000,0x0000,0x0000,0x0000,0x0000,0x0000,0x0000,0x0000,0x0000,0x0000,0x0000,0x0000,0x0000,
  0x0000,0x0000,0x0000,0x0000,0x0000,0x0000,0x0000,0x0000,0x0000,0x0000,0x0000,0x0000,0x0000,0x07E0,0x07E0,0x07E0,
  0x07E0,0x07E0,0x0000,0x0000,0x0000,0x0000,0x0000,0x0000,0x0000,0x0000,0x0000,0x0000,0x0000,0x0000,0x0000,0x0000,
  0x0000,0x0000,0x0000,0x0000,0x0000,0x0000,0x0000,0x0000,
  0x0000,0x0000,0x0000,0x0000,0x0000,0x0000,0x0000,0x0000,0x0000,0x0000,0x0000,0x0000,0x0000,0x0000,0x0000,0x0000,
  0x0000,0x0000,0x0000,0x0000,0x0000,0x07E0,0x07E0,0x07E0,0x07E0,0x0000,0x0000,0x0000,0x0000,0x0000,0x0000,0x0000,
  0x0000,0x0000,0x0000,0x0000,0x0000,0x0000,0x0000,0x0000,0x0000,0x0000,0x0000,0x0000,0x0000,0x0000,0x0000,0x0000,
  0x0000,0x0000,0x0000,0x0000,0x0000,0x0000,0x0000,0x0000,0x0000,0x0000,0x0000,0x0000,0x0000,0x0000,0x0000,0x0000,
  0x0000,0x0000,0x0000,0x0000,0x07E0,0x07E0,0x07E0,0x07E0,0x07E0,0x0000,0x0000,0x0000,0x0000,0x0000,0x0000,0x0000,
  0x0000,0x07E0,0x07E0,0x07E0,0x07E0,0x07E0,0x07E0,0x07E0,0x07E0,0x07E0,0x0000,0x0000,0x0000,0x0000,0x0000,0x0000,
  0x0000,0x0000,0x07E0,0x07E0,0x07E0,0x07E0,0x07E0,0x07E0,0x07E0,0x07E0,0x07E0,0x0000,0x0000,0x0000,0x0000,0x0000,
  0x0000,0x0000,0x0000,0x07E0,0x07E0,0x07E0,0x07E0,0x07E0,0x07E0,0x07E0,0x07E0,0x07E0,0x0000,0x0000,0x0000,0x0000,
  0x0000,0x0000,0x0000,0x07E0,0x07E0,0x0000,0x0000,0x0000,0x0000,0x0000,0x0000,0x0000,0x0000,0x0000,0x0000,0x0000,
  0x0000,0x0000,0x0000,0x0000,0x0000,0x0000,0x0000,0x0000,0x0000,0x0000,0x0000,0x0000,0x0000,0x0000,0x0000,0x0000,
  0x0000,0x0000,0x0000,0x0000,0x0000,0x0000,0x0000,0x0000,0x0000,0x0000,0x0000,0x07E0,0x07E0,0x07E0,0x07E0,0x07E0,
  0x07E0,0x07E0,0x07E0,0x0000,0x0000,0x0000,0x0000,0x0000,0x0000,0x0000,0x0000,0x0000,0x0000,0x0000,0x0000,0x0000,
  0x0000,0x0000,0x0000,0x0000,0x0000,0x0000,0x0000,0x0000,
  0x0000,0x0000,0x0000,0x0000,0x0000,0x0000,0x0000,0x0000,0x0000,0x0000,0x0000,0x0000,0x0000,0x0000,0x0000,0x0000,
  0x0000,0x0000,0x0000,0x0000,0x07E0,0x07E0,0x07E0,0x07E0,0x07E0,0x07E0,0x0000,0x0000,0x0000,0x0000,0x0000,0x0000,
  0x0000,0x0000,0x0000,0x0000,0x0000,0x0000,0x0000,0x0000,0x0000,0x0000,0x0000,0x0000,0x0000,0x0000,0x0000,0x0000,
  0x0000,0x0000,0x0000,0x0000,0x0000,0x0000,0x0000,0x0000,0x0000,0x0000,0x0000,0x0000,0x0000,0x0000,0x0000,0x0000,
  0x0000,0x0000,0x07E0,0x07E0,0x07E0,0x07E0,0x07E0,0x07E0,0x0000,0x0000,0x0000,0x0000,0x0000,0x0000,0x0000,0x0000,
  0x07E0,0x07E0,0x07E0,0x07E0,0x07E0,0x07E0,0x07E0,0x07E0,0x07E0,0x0000,0x0000,0x0000,0x0000,0x0000,0x0000,0x0000,
  0x0000,0x07E0,0x07E0,0x07E0,0x07E0,0x07E0,0x07E0,0x07E0,0x07E0,0x07E0,0x0000,0x0000,0x0000,0x0000,0x0000,0x0000,
  0x0000,0x0000,0x07E0,0x07E0,0x07E0,0x07E0,0x07E0,0x07E0,0x07E0,0x07E0,0x07E0,0x0000,0x0000,0x0000,0x0000,0x0000,
  0x0000,0x0000,0x07E0,0x07E0,0x07E0,0x07E0,0x0000,0x0000,0x0000,0x0000,0x0000,0x0000,0x0000,0x0000,0x0000,0x0000,
  0x0000,0x0000,0x0000,0x0000,0x0000,0x0000,0x0000,0x0000,0x0000,0x0000,0x0000,0x0000,0x0000,0x0000,0x0000,0x0000,
  0x0000,0x0000,0x0000,0x0000,0x0000,0x0000,0x0000,0x0000,0x0000,0x0000,0x07E0,0x07E0,0x07E0,0x07E0,0x07E0,0x07E0,
  0x07E0,0x07E0,0x07E0,0x07E0,0x0000,0x0000,0x0000,0x0000,0x0000,0x0000,0x0000,0x0000,0x0000,0x0000,0x0000,0x0000,
  0x0000,0x0000,0x0000,0x0000,0x0000,0x0000,0x0000,0x0000,
  0x0000,0x0000,0x0000,0x0000,0x0000,0x0000,0x0000,0x0000,0x0000,0x0000,0x0000,0x0000,0x0000,0x0000,0x0000,0x0000,
  0x0000,0x0000,0x0000,0x0000,0x07E0,0x07E0,0x07E0,0x07E0,0x07E0,0x07E0,0x0000,0x0000,0x0000,0x0000,0x0000,0x0000,
  0x0000,0x0000,0x0000,0x0000,0x0000,0x0000,0x0000,0x0000,0x0000,0x0000,0x0000,0x0000,0x0000,0x0000,0x0000,0x0000,
  0x0000,0x0000,0x0000,0x0000,0x0000,0x0000,0x0000,0x0000,0x0000,0x0000,0x0000,0x0000,0x0000,0x0000,0x0000,0x0000,
  0x07E0,0x07E0,0x07E0,0x07E0,0x07E0,0x07E0,0x07E0,0x0000,0x0000,0x0000,0x0000,0x0000,0x0000,0x0000,0x0000,0x07E0,
  0x07E0,0x07E0,0x07E0,0x07E0,0x07E0,0x07E0,0x07E0,0x07E0,0x0000,0x0000,0x0000,0x0000,0x0000,0x0000,0x0000,0x0000,
  0x07E0,0x07E0,0x07E0,0x07E0,0x07E0,0x07E0,0x07E0,0x07E0,0x07E0,0x0000,0x0000,0x0000,0x0000,0x0000,0x0000,0x0000,
  0x0000,0x07E0,0x07E0,0x07E0,0x07E0,0x07E0,0x07E0,0x07E0,0x07E0,0x07E0,0x0000,0x0000,0x0000,0x0000,0x0000,0x0000,
  0x0000,0x07E0,0x07E0,0x07E0,0x07E0,0x07E0,0x07E0,0x07E0,0x0000,0x0000,0x0000,0x0000,0x0000,0x0000,0x0000,0x0000,
  0x0000,0x0000,0x0000,0x0000,0x0000,0x0000,0x0000,0x0000,0x0000,0x0000,0x0000,0x0000,0x0000,0x0000,0x0000,0x0000,
  0x0000,0x0000,0x0000,0x0000,0x0000,0x0000,0x0000,0x0000,0x0000,0x07E0,0x07E0,0x07E0,0x07E0,0x07E0,0x07E0,0x07E0,
  0x07E0,0x07E0,0x07E0,0x0000,0x0000,0x0000,0x0000,0x0000,0x0000,0x0000,0x0000,0x0000,0x0000,0x0000,0x0000,0x0000,
  0x0000,0x0000,0x0000,0x0000,0x0000,0x0000,0x0000,0x0000,
  0x0000,0x0000,0x0000,0x0000,0x0000,0x0000,0x0000,0x0000,0x0000,0x0000,0x0000,0x0000,0x0000,0x0000,0x0000,0x0000,
  0x0000,0x0000,0x0000,0x07E0,0x07E0,0x07E0,0x07E0,0x07E0,0x07E0,0x0000,0x0000,0x0000,0x0000,0x0000,0x0000,0x0000,
  0x0000,0x0000,0x0000,0x0000,0x0000,0x0000,0x0000,0x0000,0x0000,0x0000,0x0000,0x0000,0x0000,0x0000,0x0000,0x0000,
  0x0000,0x0000,0x0000,0x0000,0x0000,0x0000,0x0000,0x0000,0x0000,0x0000,0x0000,0x0000,0x0000,0x0000,0x0000,0x07E0,
  0x07E0,0x07E0,0x07E0,0x07E0,0x07E0,0x07E0,0x0000,0x0000,0x0000,0x0000,0x0000,0x0000,0x0000,0x0000,0x07E0,0x07E0,
  0x07E0,0x07E0,0x07E0,0x07E0,0x07E0,0x07E0,0x07E0,0x0000,0x0000,0x0000,0x0000,0x0000,0x0000,0x0000,0x0000,0x07E0,
  0x07E0,0x07E0,0x07E0,0x07E0,0x07E0,0x07E0,0x07E0,0x07E0,0x0000,0x0000,0x0000,0x0000,0x0000,0x0000,0x0000,0x0000,
  0x07E0,0x07E0,0x07E0,0x07E0,0x07E0,0x07E0,0x07E0,0x07E0,0x07E0,0x0000,0x0000,0x0000,0x0000,0x0000,0x0000,0x0000,
  0x07E0,0x07E0,0x07E0,0x07E0,0x07E0,0x07E0,0x07E0,0x07E0,0x07E0,0x0000,0x0000,0x0000,0x0000,0x0000,0x0000,0x0000,
  0x0000,0x0000,0x0000,0x0000,0x0000,0x0000,0x0000,0x0000,0x0000,0x0000,0x0000,0x0000,0x0000,0x0000,0x0000,0x0000,
  0x0000,0x0000,0x0000,0x0000,0x0000,0x0000,0x0000,0x07E0,0x07E0,0x07E0,0x07E0,0x07E0,0x07E0,0x07E0,0x07E0,0x07E0,
  0x07E0,0x07E0,0x0000,0x0000,0x0000,0x0000,0x0000,0x0000,0x0000,0x0000,0x0000,0x0000,0x0000,0x0000,0x0000,0x0000,
  0x0000,0x0000,0x0000,0x0000,0x0000,0x0000,0x0000,0x0000,
  0x0000,0x0000,0x0000,0x0000,0x0000,0x0000,0x0000,0x0000,0x0000,0x0000,0x0000,0x0000,0x0000,0x0000,0x0000,0x0000,
  0x0000,0x0000,0x07E0,0x07E0,0x07E0,0x07E0,0x07E0,0x07E0,0x0000,0x0000,0x0000,0x0000,0x0000,0x07E0,0x07E0,0x07E0,
  0x07E0,0x0000,0x0000,0x0000,0x0000,0x0000,0x0000,0x0000,0x0000,0x0000,0x0000,0x0000,0x0000,0x0000,0x0000,0x0000,
  0x0000,0x0000,0x0000,0x0000,0x0000,0x0000,0x0000,0x0000,0x0000,0x0000,0x0000,0x0000,0x0000,0x07E0,0x07E0,0x07E0,
  0x07E0,0x07E0,0x07E0,0x07E0,0x07E0,0x0000,0x0000,0x0000,0x0000,0x0000,0x0000,0x0000,0x0000,0x07E0,0x07E0,0x07E0,
  0x07E0,0x07E0,0x07E0,0x07E0,0x07E0,0x07E0,0x0000,0x0000,0x0000,0x0000,0x0000,0x0000,0x0000,0x0000,0x07E0,0x07E0,
  0x07E0,0x07E0,0x07E0,0x07E0,0x07E0,0x07E0,0x07E0,0x0000,0x0000,0x0000,0x0000,0x0000,0x0000,0x0000,0x0000,0x07E0,
  0x07E0,0x07E0,0x07E0,0x07E0,0x07E0,0x07E0,0x07E0,0x07E0,0x0000,0x0000,0x0000,0x0000,0x0000,0x0000,0x0000,0x0000,
  0x07E0,0x07E0,0x07E0,0x07E0,0x07E0,0x07E0,0x07E0,0x07E0,0x07E0,0x0000,0x0000,0x0000,0x0000,0x0000,0x0000,0x0000,
  0x0000,0x0000,0x0000,0x0000,0x0000,0x0000,0x0000,0x0000,0x0000,0x0000,0x0000,0x0000,0x0000,0x0000,0x0000,0x0000,
  0x0000,0x0000,0x0000,0x0000,0x0000,0x0000,0x07E0,0x07E0,0x07E0,0x07E0,0x07E0,0x07E0,0x07E0,0x07E0,0x07E0,0x07E0,
  0x0000,0x0000,0x0000,0x0000,0x0000,0x0000,0x0000,0x0000,0x0000,0x0000,0x0000,0x0000,0x0000,0x0000,0x0000,0x0000,
  0x0000,0x0000,0x0000,0x0000,0x0000,0x0000,0x0000,0x0000,
  0x0000,0x0000,0x0000,0x0000,0x0000,0x0000,0x0000,0x0000,0x0000,0x0000,0x0000,0x0000,0x0000,0x0000,0x0000,0x0000,
  0x0000,0x0000,0x07E0,0x07E0,0x07E0,0x07E0,0x07E0,0x07E0,0x0000,0x0000,0x0000,0x07E0,0x07E0,0x07E0,0x07E0,0x07E0,
  0x07E0,0x07E0,0x07E0,0x0000,0x0000,0x0000,0x0000,0x0000,0x0000,0x0000,0x0000,0x0000,0x0000,0x0000,0x0000,0x0000,
  0x0000,0x0000,0x0000,0x0000,0x0000,0x0000,0x0000,0x0000,0x0000,0x0000,0x0000,0x0000,0x07E0,0x07E0,0x07E0,0x07E0,
  0x07E0,0x07E0,0x07E0,0x07E0,0x0000,0x0000,0x0000,0x0000,0x0000,0x0000,0x0000,0x0000,0x07E0,0x07E0,0x07E0,0x07E0,
  0x07E0,0x07E0,0x07E0,0x07E0,0x07E0,0x0000,0x0000,0x0000,0x0000,0x0000,0x0000,0x0000,0x0000,0x07E0,0x07E0,0x07E0,
  0x07E0,0x07E0,0x07E0,0x07E0,0x07E0,0x07E0,0x0000,0x0000,0x0000,0x0000,0x0000,0x0000,0x0000,0x0000,0x07E0,0x07E0,
  0x07E0,0x07E0,0x07E0,0x07E0,0x07E0,0x07E0,0x07E0,0x0000,0x0000,0x0000,0x0000,0x0000,0x0000,0x0000,0x0000,0x07E0,
  0x07E0,0x07E0,0x07E0,0x07E0,0x07E0,0x07E0,0x07E0,0x07E0,0x0000,0x0000,0x0000,0x0000,0x0000,0x0000,0x0000,0x0000,
  0x0000,0x0000,0x0000,0x0000,0x0000,0x0000,0x0000,0x0000,0x0000,0x0000,0x0000,0x0000,0x0000,0x0000,0x0000,0x0000,
  0x0000,0x0000,0x0000,0x0000,0x07E0,0x07E0,0x07E0,0x07E0,0x07E0,0x07E0,0x07E0,0x07E0,0x07E0,0x07E0,0x07E0,0x0000,
  0x0000,0x0000,0x0000,0x0000,0x0000,0x0000,0x0000,0x0000,0x0000,0x0000,0x0000,0x0000,0x0000,0x0000,0x0000,0x0000,
  0x0000,0x0000,0x0000,0x0000,0x0000,0x0000,0x0000,0x0000,
  0x0000,0x0000,0x0000,0x0000,0x0000,0x0000,0x0000,0x0000,0x0000,0x0000,0x0000,0x0000,0x0000,0x0000,0x0000,0x0000,
  0x0000,0x07E0,0x07E0,0x07E0,0x07E0,0x07E0,0x07E0,0x0000,0x0000,0x0000,0x07E0,0x07E0,0x07E0,0x07E0,0x07E0,0x07E0,
  0x07E0,0x07E0,0x07E0,0x07E0,0x0000,0x0000,0x0000,0x0000,0x0000,0x0000,0x0000,0x0000,0x0000,0x0000,0x0000,0x0000,
  0x0000,0x0000,0x0000,0x0000,0x0000,0x0000,0x0000,0x0000,0x0000,0x0000,0x0000,0x07E0,0x07E0,0x07E0,0x07E0,0x07E0,
  0x07E0,0x07E0,0x07E0,0x0000,0x0000,0x0000,0x0000,0x0000,0x0000,0x0000,0x0000,0x07E0,0x07E0,0x07E0,0x07E0,0x07E0,
  0x07E0,0x07E0,0x07E0,0x07E0,0x0000,0x0000,0x0000,0x0000,0x0000,0x0000,0x0000,0x0000,0x07E0,0x07E0,0x07E0,0x07E0,
  0x07E0,0x07E0,0x07E0,0x07E0,0x07E0,0x0000,0x0000,0x0000,0x0000,0x0000,0x0000,0x0000,0x0000,0x07E0,0x07E0,0x07E0,
  0x07E0,0x07E0,0x07E0,0x07E0,0x07E0,0x07E0,0x0000,0x0000,0x0000,0x0000,0x0000,0x0000,0x0000,0x0000,0x07E0,0x07E0,
  0x07E0,0x07E0,0x07E0,0x07E0,0x07E0,0x07E0,0x07E0,0x0000,0x0000,0x0000,0x0000,0x0000,0x0000,0x0000,0x0000,0x0000,
  0x0000,0x0000,0x0000,0x0000,0x0000,0x0000,0x0000,0x0000,0x0000,0x0000,0x0000,0x0000,0x0000,0x0000,0x0000,0x0000,
  0x0000,0x0000,0x0000,0x07E0,0x07E0,0x07E0,0x07E0,0x07E0,0x07E0,0x07E0,0x07E0,0x07E0,0x07E0,0x07E0,0x0000,0x0000,
  0x0000,0x0000,0x0000,0x0000,0x0000,0x0000,0x0000,0x0000,0x0000,0x0000,0x0000,0x0000,0x0000,0x0000,0x0000,0x0000,
  0x0000,0x0000,0x0000,0x0000,0x0000,0x0000,0x0000,0x0000,
  0x0000,0x0000,0x0000,0x0000,0x0000,0x0000,0x0000,0x0000,0x0000,0x0000,0x0000,0x0000,0x0000,0x0000,0x0000,0x0000,
  0x07E0,0x07E0,0x07E0,0x07E0,0x07E0,0x07E0,0x0000,0x0000,0x0000,0x07E0,0x07E0,0x07E0,0x07E0,0x07E0,0x07E0,0x07E0,
  0x07E0,0x07E0,0x07E0,0x07E0,0x07E0,0x0000,0x0000,0x0000,0x0000,0x0000,0x0000,0x0000,0x0000,0x0000,0x0000,0x0000,
  0x0000,0x0000,0x0000,0x0000,0x0000,0x0000,0x0000,0x0000,0x0000,0x07E0,0x07E0,0x07E0,0x07E0,0x07E0,0x07E0,0x07E0,
  0x07E0,0x07E0,0x0000,0x0000,0x0000,0x0000,0x0000,0x0000,0x0000,0x0000,0x07E0,0x07E0,0x07E0,0x07E0,0x07E0,0x07E0,
  0x07E0,0x07E0,0x07E0,0x0000,0x0000,0x0000,0x0000,0x0000,0x0000,0x0000,0x0000,0x07E0,0x07E0,0x07E0,0x07E0,0x07E0,
  0x07E0,0x07E0,0x07E0,0x07E0,0x0000,0x0000,0x0000,0x0000,0x0000,0x0000,0x0000,0x0000,0x07E0,0x07E0,0x07E0,0x07E0,
  0x07E0,0x07E0,0x07E0,0x07E0,0x07E0,0x0000,0x0000,0x0000,0x0000,0x0000,0x0000,0x0000,0x0000,0x07E0,0x07E0,0x07E0,
  0x07E0,0x07E0,0x07E0,0x07E0,0x07E0,0x07E0,0x0000,0x0000,0x0000,0x0000,0x0000,0x0000,0x0000,0x07E0,0x07E0,0x0000,
  0x0000,0x0000,0x0000,0x0000,0x0000,0x0000,0x0000,0x0000,0x0000,0x0000,0x0000,0x0000,0x0000,0x0000,0x0000,0x0000,
  0x0000,0x0000,0x07E0,0x07E0,0x07E0,0x07E0,0x07E0,0x07E0,0x07E0,0x07E0,0x07E0,0x07E0,0x07E0,0x07E0,0x0000,0x0000,
  0x0000,0x0000,0x0000,0x0000,0x0000,0x0000,0x0000,0x0000,0x0000,0x0000,0x0000,0x0000,0x0000,0x0000,0x0000,0x0000,
  0x0000,0x0000,0x0000,0x0000,0x0000,0x0000,0x0000,0x0000,
  0x0000,0x0000,0x0000,0x0000,0x0000,0x0000,0x0000,0x0000,0x0000,0x0000,0x0000,0x0000,0x0000,0x0000,0x0000,0x0000,
  0x07E0,0x07E0,0x07E0,0x07E0,0x07E0,0x0000,0x0000,0x0000,0x0000,0x07E0,0x07E0,0x07E0,0x07E0,0x07E0,0x07E0,0x07E0,
  0x07E0,0x07E0,0x07E0,0x07E0,0x07E0,0x0000,0x0000,0x0000,0x0000,0x0000,0x0000,0x0000,0x0000,0x0000,0x0000,0x0000,
  0x0000,0x0000,0x0000,0x0000,0x0000,0x0000,0x0000,0x0000,0x07E0,0x07E0,0x07E0,0x07E0,0x07E0,0x07E0,0x07E0,0x07E0,
  0x07E0,0x0000,0x0000,0x0000,0x0000,0x0000,0x0000,0x0000,0x0000,0x07E0,0x07E0,0x07E0,0x07E0,0x07E0,0x07E0,0x07E0,
  0x07E0,0x07E0,0x0000,0x0000,0x0000,0x0000,0x0000,0x0000,0x0000,0x0000,0x07E0,0x07E0,0x07E0,0x07E0,0x07E0,0x07E0,
  0x07E0,0x07E0,0x07E0,0x0000,0x0000,0x0000,0x0000,0x0000,0x0000,0x0000,0x0000,0x07E0,0x07E0,0x07E0,0x07E0,0x07E0,
  0x07E0,0x07E0,0x07E0,0x07E0,0x0000,0x0000,0x0000,0x0000,0x0000,0x0000,0x0000,0x0000,0x07E0,0x07E0,0x07E0,0x07E0,
  0x07E0,0x07E0,0x07E0,0x07E0,0x07E0,0x0000,0x0000,0x0000,0x0000,0x0000,0x0000,0x0000,0x07E0,0x07E0,0x07E0,0x07E0,
  0x07E0,0x0000,0x0000,0x0000,0x0000,0x0000,0x0000,0x0000,0x0000,0x0000,0x0000,0x0000,0x0000,0x0000,0x0000,0x0000,
  0x07E0,0x07E0,0x07E0,0x07E0,0x07E0,0x07E0,0x07E0,0x07E0,0x07E0,0x07E0,0x07E0,0x07E0,0x07E0,0x07E0,0x07E0,0x07E0,
  0x07E0,0x07E0,0x07E0,0x07E0,0x07E0,0x07E0,0x07E0,0x07E0,0x07E0,0x0000,0x0000,0x0000,0x0000,0x0000,0x0000,0x0000,
  0x0000,0x0000,0x0000,0x0000,0x0000,0x0000,0x0000,0x0000,
  0x0000,0x0000,0x0000,0x0000,0x0000,0x0000,0x0000,0x0000,0x0000,0x0000,0x0000,0x0000,0x0000,0x0000,0x0000,0x07E0,
  0x07E0,0x07E0,0x07E0,0x07E0,0x07E0,0x0000,0x0000,0x0000,0x07E0,0x07E0,0x07E0,0x07E0,0x07E0,0x07E0,0x07E0,0x07E0,
  0x07E0,0x07E0,0x07E0,0x07E0,0x07E0,0x0000,0x0000,0x0000,0x0000,0x0000,0x0000,0x0000,0x0000,0x0000,0x0000,0x0000,
  0x0000,0x0000,0x0000,0x0000,0x0000,0x0000,0x0000,0x07E0,0x07E0,0x07E0,0x07E0,0x07E0,0x07E0,0x07E0,0x07E0,0x07E0,
  0x0000,0x0000,0x0000,0x0000,0x0000,0x0000,0x0000,0x0000,0x07E0,0x07E0,0x07E0,0x07E0,0x07E0,0x07E0,0x07E0,0x07E0,
  0x07E0,0x0000,0x0000,0x0000,0x0000,0x0000,0x0000,0x0000,0x0000,0x07E0,0x07E0,0x07E0,0x07E0,0x07E0,0x07E0,0x07E0,
  0x07E0,0x07E0,0x0000,0x0000,0x0000,0x0000,0x0000,0x0000,0x0000,0x0000,0x07E0,0x07E0,0x07E0,0x07E0,0x07E0,0x07E0,
  0x07E0,0x07E0,0x07E0,0x0000,0x0000,0x0000,0x0000,0x0000,0x0000,0x0000,0x0000,0x07E0,0x07E0,0x07E0,0x07E0,0x07E0,
  0x07E0,0x07E0,0x07E0,0x07E0,0x0000,0x0000,0x0000,0x0000,0x0000,0x0000,0x0000,0x07E0,0x07E0,0x07E0,0x07E0,0x07E0,
  0x07E0,0x07E0,0x0000,0x0000,0x0000,0x0000,0x0000,0x0000,0x0000,0x0000,0x0000,0x0000,0x0000,0x0000,0x0000,0x0000,
  0x07E0,0x07E0,0x07E0,0x07E0,0x07E0,0x07E0,0x07E0,0x07E0,0x07E0,0x07E0,0x07E0,0x07E0,0x07E0,0x07E0,0x07E0,0x07E0,
  0x07E0,0x07E0,0x07E0,0x07E0,0x07E0,0x07E0,0x07E0,0x07E0,0x07E0,0x0000,0x0000,0x0000,0x0000,0x0000,0x0000,0x0000,
  0x0000,0x0000,0x0000,0x0000,0x0000,0x0000,0x0000,0x0000,
  0x0000,0x0000,0x0000,0x0000,0x0000,0x0000,0x0000,0x0000,0x0000,0x0000,0x0000,0x0000,0x0000,0x0000,0x07E0,0x07E0,
  0x07E0,0x07E0,0x07E0,0x07E0,0x0000,0x0000,0x0000,0x07E0,0x07E0,0x07E0,0x07E0,0x07E0,0x07E0,0x0000,0x0000,0x07E0,
  0x07E0,0x07E0,0x07E0,0x07E0,0x07E0,0x0000,0x0000,0x0000,0x0000,0x0000,0x0000,0x0000,0x0000,0x0000,0x0000,0x0000,
  0x0000,0x0000,0x0000,0x0000,0x0000,0x0000,0x07E0,0x07E0,0x07E0,0x07E0,0x07E0,0x07E0,0x07E0,0x07E0,0x07E0,0x0000,
  0x0000,0x0000,0x0000,0x0000,0x0000,0x0000,0x0000,0x07E0,0x07E0,0x07E0,0x07E0,0x07E0,0x07E0,0x07E0,0x07E0,0x07E0,
  0x0000,0x0000,0x0000,0x0000,0x0000,0x0000,0x0000,0x0000,0x07E0,0x07E0,0x07E0,0x07E0,0x07E0,0x07E0,0x07E0,0x07E0,
  0x07E0,0x0000,0x0000,0x0000,0x0000,0x0000,0x0000,0x0000,0x0000,0x07E0,0x07E0,0x07E0,0x07E0,0x07E0,0x07E0,0x07E0,
  0x07E0,0x07E0,0x0000,0x0000,0x0000,0x0000,0x0000,0x0000,0x0000,0x0000,0x07E0,0x07E0,0x07E0,0x07E0,0x07E0,0x07E0,
  0x07E0,0x07E0,0x07E0,0x0000,0x0000,0x0000,0x0000,0x0000,0x0000,0x0000,0x07E0,0x07E0,0x07E0,0x07E0,0x07E0,0x07E0,
  0x07E0,0x07E0,0x07E0,0x0000,0x0000,0x0000,0x0000,0x0000,0x0000,0x0000,0x0000,0x0000,0x0000,0x0000,0x0000,0x0000,
  0x0000,0x07E0,0x07E0,0x07E0,0x07E0,0x07E0,0x07E0,0x07E0,0x0000,0x0000,0x07E0,0x07E0,0x07E0,0x07E0,0x07E0,0x07E0,
  0x07E0,0x07E0,0x07E0,0x07E0,0x07E0,0x07E0,0x07E0,0x07E0,0x07E0,0x07E0,0x0000,0x0000,0x0000,0x0000,0x0000,0x0000,
  0x0000,0x0000,0x0000,0x0000,0x0000,0x0000,0x0000,0x0000,
  0x0000,0x0000,0x0000,0x0000,0x0000,0x0000,0x0000,0x0000,0x0000,0x0000,0x0000,0x0000,0x0000,0x0000,0x07E0,0x07E0,
  0x07E0,0x07E0,0x07E0,0x07E0,0x07E0,0x0000,0x0000,0x07E0,0x07E0,0x07E0,0x07E0,0x07E0,0x0000,0x0000,0x0000,0x0000,
  0x07E0,0x07E0,0x07E0,0x07E0,0x07E0,0x0000,0x0000,0x0000,0x0000,0x0000,0x0000,0x0000,0x0000,0x0000,0x0000,0x0000,
  0x0000,0x0000,0x0000,0x0000,0x0000,0x07E0,0x07E0,0x07E0,0x07E0,0x07E0,0x07E0,0x07E0,0x07E0,0x07E0,0x0000,0x0000,
  0x0000,0x0000,0x0000,0x0000,0x0000,0x0000,0x07E0,0x07E0,0x07E0,0x07E0,0x07E0,0x07E0,0x07E0,0x07E0,0x07E0,0x0000,
  0x0000,0x0000,0x0000,0x0000,0x0000,0x0000,0x0000,0x07E0,0x07E0,0x07E0,0x07E0,0x07E0,0x07E0,0x07E0,0x07E0,0x07E0,
  0x0000,0x0000,0x0000,0x0000,0x0000,0x0000,0x0000,0x0000,0x07E0,0x07E0,0x07E0,0x07E0,0x07E0,0x07E0,0x07E0,0x07E0,
  0x07E0,0x0000,0x0000,0x0000,0x0000,0x0000,0x0000,0x0000,0x0000,0x07E0,0x07E0,0x07E0,0x07E0,0x07E0,0x07E0,0x07E0,
  0x07E0,0x07E0,0x0000,0x0000,0x0000,0x0000,0x0000,0x0000,0x0000,0x07E0,0x07E0,0x07E0,0x07E0,0x07E0,0x07E0,0x07E0,
  0x07E0,0x07E0,0x07E0,0x0000,0x0000,0x0000,0x0000,0x0000,0x0000,0x0000,0x0000,0x0000,0x0000,0x0000,0x0000,0x0000,
  0x0000,0x0000,0x07E0,0x07E0,0x07E0,0x07E0,0x07E0,0x0000,0x0000,0x0000,0x0000,0x07E0,0x07E0,0x07E0,0x07E0,0x07E0,
  0x07E0,0x07E0,0x07E0,0x07E0,0x07E0,0x07E0,0x07E0,0x07E0,0x07E0,0x07E0,0x07E0,0x0000,0x0000,0x0000,0x0000,0x0000,
  0x0000,0x0000,0x0000,0x0000,0x0000,0x0000,0x0000,0x0000,
  0x0000,0x0000,0x0000,0x0000,0x0000,0x0000,0x0000,0x0000,0x0000,0x0000,0x0000,0x0000,0x0000,0x07E0,0x07E0,0x07E0,
  0x07E0,0x07E0,0x07E0,0x07E0,0x07E0,0x07E0,0x07E0,0x07E0,0x07E0,0x07E0,0x07E0,0x07E0,0x0000,0x0000,0x0000,0x0000,
  0x07E0,0x07E0,0x07E0,0x07E0,0x07E0,0x0000,0x0000,0x0000,0x0000,0x0000,0x0000,0x0000,0x0000,0x0000,0x0000,0x0000,
  0x0000,0x0000,0x0000,0x0000,0x07E0,0x07E0,0x07E0,0x07E0,0x07E0,0x07E0,0x07E0,0x07E0,0x07E0,0x0000,0x0000,0x0000,
  0x0000,0x0000,0x0000,0x0000,0x0000,0x07E0,0x07E0,0x07E0,0x07E0,0x07E0,0x07E0,0x07E0,0x07E0,0x07E0,0x0000,0x0000,
  0x0000,0x0000,0x0000,0x0000,0x0000,0x0000,0x07E0,0x07E0,0x07E0,0x07E0,0x07E0,0x07E0,0x07E0,0x07E0,0x07E0,0x0000,
  0x0000,0x0000,0x0000,0x0000,0x0000,0x0000,0x0000,0x07E0,0x07E0,0x07E0,0x07E0,0x07E0,0x07E0,0x07E0,0x07E0,0x07E0,
  0x0000,0x0000,0x0000,0x0000,0x0000,0x0000,0x0000,0x0000,0x07E0,0x07E0,0x07E0,0x07E0,0x07E0,0x07E0,0x07E0,0x07E0,
  0x07E0,0x0000,0x0000,0x0000,0x0000,0x0000,0x0000,0x0000,0x07E0,0x07E0,0x07E0,0x07E0,0x07E0,0x07E0,0x07E0,0x07E0,
  0x07E0,0x07E0,0x0000,0x0000,0x0000,0x0000,0x0000,0x0000,0x0000,0x0000,0x0000,0x0000,0x0000,0x0000,0x0000,0x0000,
  0x0000,0x0000,0x07E0,0x07E0,0x07E0,0x0000,0x0000,0x0000,0x0000,0x0000,0x07E0,0x07E0,0x07E0,0x07E0,0x07E0,0x07E0,
  0x07E0,0x07E0,0x07E0,0x07E0,0x07E0,0x07E0,0x07E0,0x07E0,0x07E0,0x07E0,0x07E0,0x0000,0x0000,0x0000,0x0000,0x0000,
  0x0000,0x0000,0x0000,0x0000,0x0000,0x0000,0x0000,0x0000,
  0x0000,0x0000,0x0000,0x0000,0x0000,0x0000,0x0000,0x0000,0x0000,0x0000,0x0000,0x0000,0x0000,0x07E0,0x07E0,0x07E0,
  0x07E0,0x07E0,0x07E0,0x07E0,0x07E0,0x07E0,0x07E0,0x07E0,0x07E0,0x07E0,0x07E0,0x0000,0x0000,0x0000,0x0000,0x07E0,
  0x07E0,0x07E0,0x07E0,0x07E0,0x07E0,0x0000,0x0000,0x0000,0x0000,0x0000,0x0000,0x0000,0x0000,0x0000,0x0000,0x0000,
  0x0000,0x0000,0x0000,0x07E0,0x07E0,0x07E0,0x07E0,0x07E0,0x07E0,0x07E0,0x07E0,0x07E0,0x0000,0x0000,0x0000,0x0000,
  0x0000,0x0000,0x0000,0x0000,0x07E0,0x07E0,0x07E0,0x07E0,0x07E0,0x07E0,0x07E0,0x07E0,0x07E0,0x0000,0x0000,0x0000,
  0x0000,0x0000,0x0000,0x0000,0x0000,0x07E0,0x07E0,0x07E0,0x07E0,0x07E0,0x07E0,0x07E0,0x07E0,0x07E0,0x0000,0x0000,
  0x0000,0x0000,0x0000,0x0000,0x0000,0x0000,0x07E0,0x07E0,0x07E0,0x07E0,0x07E0,0x07E0,0x07E0,0x07E0,0x07E0,0x0000,
  0x0000,0x0000,0x0000,0x0000,0x0000,0x0000,0x0000,0x07E0,0x07E0,0x07E0,0x07E0,0x07E0,0x07E0,0x07E0,0x07E0,0x07E0,
  0x0000,0x0000,0x0000,0x0000,0x0000,0x0000,0x0000,0x07E0,0x07E0,0x07E0,0x07E0,0x07E0,0x07E0,0x07E0,0x07E0,0x07E0,
  0x07E0,0x0000,0x0000,0x0000,0x0000,0x0000,0x0000,0x0000,0x0000,0x0000,0x0000,0x0000,0x0000,0x0000,0x0000,0x0000,
  0x0000,0x0000,0x0000,0x0000,0x0000,0x0000,0x0000,0x0000,0x0000,0x0000,0x07E0,0x07E0,0x07E0,0x07E0,0x07E0,0x07E0,
  0x07E0,0x07E0,0x0000,0x0000,0x0000,0x0000,0x0000,0x0000,0x0000,0x0000,0x0000,0x0000,0x0000,0x0000,0x0000,0x0000,
  0x0000,0x0000,0x0000,0x0000,0x0000,0x0000,0x0000,0x0000,
  0x0000,0x0000,0x0000,0x0000,0x0000,0x0000,0x0000,0x0000,0x0000,0x0000,0x0000,0x0000,0x0000,0x0000,0x0000,0x07E0,
  0x07E0,0x07E0,0x07E0,0x07E0,0x07E0,0x07E0,0x07E0,0x07E0,0x07E0,0x07E0,0x0000,0x0000,0x0000,0x0000,0x0000,0x07E0,
  0x07E0,0x07E0,0x07E0,0x07E0,0x0000,0x0000,0x0000,0x0000,0x0000,0x0000,0x0000,0x0000,0x0000,0x0000,0x0000,0x0000,
  0x0000,0x0000,0x07E0,0x07E0,0x07E0,0x07E0,0x07E0,0x07E0,0x07E0,0x07E0,0x07E0,0x0000,0x0000,0x0000,0x0000,0x0000,
  0x0000,0x0000,0x0000,0x07E0,0x07E0,0x07E0,0x07E0,0x07E0,0x07E0,0x07E0,0x07E0,0x07E0,0x0000,0x0000,0x0000,0x0000,
  0x0000,0x0000,0x0000,0x0000,0x07E0,0x07E0,0x07E0,0x07E0,0x07E0,0x07E0,0x07E0,0x07E0,0x07E0,0x0000,0x0000,0x0000,
  0x0000,0x0000,0x0000,0x0000,0x0000,0x07E0,0x07E0,0x07E0,0x07E0,0x07E0,0x07E0,0x07E0,0x07E0,0x07E0,0x0000,0x0000,
  0x0000,0x0000,0x0000,0x0000,0x0000,0x0000,0x07E0,0x07E0,0x07E0,0x07E0,0x07E0,0x07E0,0x07E0,0x07E0,0x07E0,0x0000,
  0x0000,0x0000,0x0000,0x0000,0x0000,0x0000,0x07E0,0x07E0,0x07E0,0x07E0,0x07E0,0x07E0,0x07E0,0x07E0,0x07E0,0x07E0,
  0x0000,0x0000,0x0000,0x0000,0x0000,0x0000,0x0000,0x0000,0x0000,0x0000,0x0000,0x0000,0x0000,0x0000,0x0000,0x0000,
  0x0000,0x0000,0x0000,0x0000,0x0000,0x0000,0x0000,0x0000,0x0000,0x07E0,0x07E0,0x07E0,0x07E0,0x07E0,0x07E0,0x07E0,
  0x0000,0x0000,0x0000,0x0000,0x0000,0x0000,0x0000,0x0000,0x0000,0x0000,0x0000,0x0000,0x0000,0x0000,0x0000,0x0000,
  0x0000,0x0000,0x0000,0x0000,0x0000,0x0000,0x0000,0x0000,
  0x0000,0x0000,0x0000,0x0000,0x0000,0x0000,0x0000,0x0000,0x0000,0x0000,0x0000,0x0000,0x0000,0x0000,0x0000,0x0000,
  0x07E0,0x07E0,0x07E0,0x07E0,0x07E0,0x07E0,0x07E0,0x07E0,0x07E0,0x07E0,0x07E0,0x0000,0x0000,0x0000,0x07E0,0x07E0,
  0x07E0,0x07E0,0x07E0,0x07E0,0x0000,0x0000,0x0000,0x0000,0x0000,0x0000,0x0000,0x0000,0x0000,0x0000,0x0000,0x0000,
  0x0000,0x07E0,0x07E0,0x07E0,0x07E0,0x07E0,0x07E0,0x07E0,0x07E0,0x07E0,0x0000,0x0000,0x0000,0x0000,0x0000,0x0000,
  0x0000,0x0000,0x07E0,0x07E0,0x07E0,0x07E0,0x07E0,0x07E0,0x07E0,0x07E0,0x07E0,0x0000,0x0000,0x0000,0x0000,0x0000,
  0x0000,0x0000,0x0000,0x07E0,0x07E0,0x07E0,0x07E0,0x07E0,0x07E0,0x07E0,0x07E0,0x07E0,0x0000,0x0000,0x0000,0x0000,
  0x0000,0x0000,0x0000,0x0000,0x07E0,0x07E0,0x07E0,0x07E0,0x07E0,0x07E0,0x07E0,0x07E0,0x07E0,0x0000,0x0000,0x0000,
  0x0000,0x0000,0x0000,0x0000,0x0000,0x07E0,0x07E0,0x07E0,0x07E0,0x07E0,0x07E0,0x07E0,0x07E0,0x07E0,0x0000,0x0000,
  0x0000,0x0000,0x0000,0x0000,0x0000,0x07E0,0x07E0,0x07E0,0x07E0,0x07E0,0x07E0,0x07E0,0x07E0,0x07E0,0x07E0,0x0000,
  0x0000,0x0000,0x0000,0x0000,0x0000,0x0000,0x07E0,0x07E0,0x0000,0x0000,0x0000,0x0000,0x0000,0x0000,0x0000,0x0000,
  0x0000,0x0000,0x0000,0x0000,0x0000,0x0000,0x0000,0x0000,0x0000,0x07E0,0x07E0,0x07E0,0x07E0,0x07E0,0x07E0,0x0000,
  0x0000,0x0000,0x0000,0x0000,0x0000,0x0000,0x0000,0x0000,0x0000,0x0000,0x0000,0x0000,0x0000,0x0000,0x0000,0x0000,
  0x0000,0x0000,0x0000,0x0000,0x0000,0x0000,0x0000,0x0000,
  0x0000,0x0000,0x0000,0x0000,0x0000,0x0000,0x0000,0x0000,0x0000,0x0000,0x0000,0x0000,0x0000,0x0000,0x0000,0x0000,
  0x0000,0x0000,0x07E0,0x07E0,0x07E0,0x07E0,0x07E0,0x07E0,0x07E0,0x07E0,0x07E0,0x07E0,0x07E0,0x07E0,0x07E0,0x07E0,
  0x07E0,0x07E0,0x07E0,0x0000,0x0000,0x0000,0x0000,0x0000,0x0000,0x0000,0x0000,0x0000,0x0000,0x0000,0x0000,0x0000,
  0x07E0,0x07E0,0x07E0,0x07E0,0x07E0,0x07E0,0x07E0,0x07E0,0x07E0,0x0000,0x0000,0x0000,0x0000,0x0000,0x0000,0x0000,
  0x0000,0x07E0,0x07E0,0x07E0,0x07E0,0x07E0,0x07E0,0x07E0,0x07E0,0x07E0,0x0000,0x0000,0x0000,0x0000,0x0000,0x0000,
  0x0000,0x0000,0x07E0,0x07E0,0x07E0,0x07E0,0x07E0,0x07E0,0x07E0,0x07E0,0x07E0,0x0000,0x0000,0x0000,0x0000,0x0000,
  0x0000,0x0000,0x0000,0x07E0,0x07E0,0x07E0,0x07E0,0x07E0,0x07E0,0x07E0,0x07E0,0x07E0,0x0000,0x0000,0x0000,0x0000,
  0x0000,0x0000,0x0000,0x0000,0x07E0,0x07E0,0x07E0,0x07E0,0x07E0,0x07E0,0x07E0,0x07E0,0x07E0,0x0000,0x0000,0x0000,
  0x0000,0x0000,0x0000,0x0000,0x07E0,0x07E0,0x07E0,0x07E0,0x07E0,0x07E0,0x07E0,0x07E0,0x07E0,0x07E0,0x0000,0x0000,
  0x0000,0x0000,0x0000,0x0000,0x0000,0x07E0,0x07E0,0x07E0,0x07E0,0x0000,0x0000,0x0000,0x0000,0x0000,0x0000,0x0000,
  0x0000,0x0000,0x0000,0x0000,0x0000,0x0000,0x0000,0x0000,0x07E0,0x07E0,0x07E0,0x07E0,0x07E0,0x07E0,0x07E0,0x0000,
  0x0000,0x0000,0x0000,0x0000,0x0000,0x0000,0x0000,0x0000,0x0000,0x0000,0x0000,0x0000,0x0000,0x0000,0x0000,0x0000,
  0x0000,0x0000,0x0000,0x0000,0x0000,0x0000,0x0000,0x0000,
  0x0000,0x0000,0x0000,0x0000,0x0000,0x0000,0x0000,0x0000,0x0000,0x0000,0x0000,0x0000,0x0000,0x0000,0x0000,0x0000,
  0x0000,0x0000,0x0000,0x07E0,0x07E0,0x07E0,0x07E0,0x07E0,0x07E0,0x07E0,0x07E0,0x07E0,0x07E0,0x07E0,0x07E0,0x07E0,
  0x07E0,0x07E0,0x0000,0x0000,0x0000,0x0000,0x0000,0x0000,0x0000,0x0000,0x0000,0x0000,0x0000,0x0000,0x0000,0x07E0,
  0x07E0,0x07E0,0x07E0,0x07E0,0x07E0,0x07E0,0x07E0,0x07E0,0x0000,0x0000,0x0000,0x0000,0x0000,0x0000,0x0000,0x0000,
  0x07E0,0x07E0,0x07E0,0x07E0,0x07E0,0x07E0,0x07E0,0x07E0,0x07E0,0x0000,0x0000,0x0000,0x0000,0x0000,0x0000,0x0000,
  0x0000,0x07E0,0x07E0,0x07E0,0x07E0,0x07E0,0x07E0,0x07E0,0x07E0,0x07E0,0x0000,0x0000,0x0000,0x0000,0x0000,0x0000,
  0x0000,0x0000,0x07E0,0x07E0,0x07E0,0x07E0,0x07E0,0x07E0,0x07E0,0x07E0,0x07E0,0x0000,0x0000,0x0000,0x0000,0x0000,
  0x0000,0x0000,0x0000,0x07E0,0x07E0,0x07E0,0x07E0,0x07E0,0x07E0,0x07E0,0x07E0,0x07E0,0x0000,0x0000,0x0000,0x0000,
  0x0000,0x0000,0x0000,0x07E0,0x07E0,0x07E0,0x07E0,0x07E0,0x07E0,0x07E0,0x07E0,0x07E0,0x07E0,0x0000,0x0000,0x0000,
  0x0000,0x0000,0x0000,0x0000,0x07E0,0x07E0,0x07E0,0x07E0,0x07E0,0x0000,0x0000,0x0000,0x0000,0x0000,0x0000,0x0000,
  0x0000,0x0000,0x0000,0x0000,0x0000,0x0000,0x0000,0x0000,0x07E0,0x07E0,0x07E0,0x07E0,0x07E0,0x07E0,0x0000,0x0000,
  0x0000,0x0000,0x0000,0x0000,0x0000,0x0000,0x0000,0x0000,0x0000,0x0000,0x0000,0x0000,0x0000,0x0000,0x0000,0x0000,
  0x0000,0x0000,0x0000,0x0000,0x0000,0x0000,0x0000,0x0000,
  0x0000,0x0000,0x0000,0x0000,0x0000,0x0000,0x0000,0x0000,0x0000,0x0000,0x0000,0x0000,0x0000,0x0000,0x0000,0x0000,
  0x0000,0x0000,0x0000,0x0000,0x0000,0x07E0,0x07E0,0x07E0,0x07E0,0x07E0,0x07E0,0x07E0,0x07E0,0x07E0,0x07E0,0x07E0,
  0x07E0,0x07E0,0x0000,0x0000,0x0000,0x0000,0x0000,0x0000,0x0000,0x0000,0x0000,0x0000,0x0000,0x0000,0x07E0,0x07E0,
  0x07E0,0x07E0,0x07E0,0x07E0,0x07E0,0x07E0,0x07E0,0x0000,0x0000,0x0000,0x0000,0x0000,0x0000,0x0000,0x0000,0x07E0,
  0x07E0,0x07E0,0x07E0,0x07E0,0x07E0,0x07E0,0x07E0,0x07E0,0x0000,0x0000,0x0000,0x0000,0x0000,0x0000,0x0000,0x0000,
  0x07E0,0x07E0,0x07E0,0x07E0,0x07E0,0x07E0,0x07E0,0x07E0,0x07E0,0x0000,0x0000,0x0000,0x0000,0x0000,0x0000,0x0000,
  0x0000,0x07E0,0x07E0,0x07E0,0x07E0,0x07E0,0x07E0,0x07E0,0x07E0,0x07E0,0x0000,0x0000,0x0000,0x0000,0x0000,0x0000,
  0x0000,0x0000,0x07E0,0x07E0,0x07E0,0x07E0,0x07E0,0x07E0,0x07E0,0x07E0,0x07E0,0x0000,0x0000,0x0000,0x0000,0x0000,
  0x0000,0x0000,0x07E0,0x07E0,0x07E0,0x07E0,0x07E0,0x07E0,0x07E0,0x07E0,0x07E0,0x07E0,0x0000,0x0000,0x0000,0x0000,
  0x0000,0x0000,0x0000,0x07E0,0x07E0,0x07E0,0x07E0,0x07E0,0x07E0,0x07E0,0x0000,0x0000,0x0000,0x0000,0x0000,0x0000,
  0x0000,0x0000,0x0000,0x0000,0x0000,0x0000,0x0000,0x07E0,0x07E0,0x07E0,0x07E0,0x07E0,0x07E0,0x07E0,0x0000,0x0000,
  0x0000,0x0000,0x0000,0x0000,0x0000,0x0000,0x0000,0x0000,0x0000,0x0000,0x0000,0x0000,0x0000,0x0000,0x0000,0x0000,
  0x0000,0x0000,0x0000,0x0000,0x0000,0x0000,0x0000,0x0000,
  0x0000,0x0000,0x0000,0x0000,0x0000,0x0000,0x0000,0x0000,0x0000,0x0000,0x0000,0x0000,0x0000,0x0000,0x0000,0x0000,
  0x0000,0x0000,0x0000,0x0000,0x0000,0x0000,0x07E0,0x07E0,0x07E0,0x07E0,0x07E0,0x07E0,0x07E0,0x07E0,0x07E0,0x07E0,
  0x07E0,0x0000,0x0000,0x0000,0x0000,0x0000,0x0000,0x0000,0x0000,0x0000,0x0000,0x0000,0x0000,0x07E0,0x07E0,0x07E0,
  0x07E0,0x07E0,0x07E0,0x07E0,0x07E0,0x07E0,0x0000,0x0000,0x0000,0x0000,0x0000,0x0000,0x0000,0x0000,0x07E0,0x07E0,
  0x07E0,0x07E0,0x07E0,0x07E0,0x07E0,0x07E0,0x07E0,0x0000,0x0000,0x0000,0x0000,0x0000,0x0000,0x0000,0x0000,0x07E0,
  0x07E0,0x07E0,0x07E0,0x07E0,0x07E0,0x07E0,0x07E0,0x07E0,0x0000,0x0000,0x0000,0x0000,0x0000,0x0000,0x0000,0x0000,
  0x07E0,0x07E0,0x07E0,0x07E0,0x07E0,0x07E0,0x07E0,0x07E0,0x07E0,0x0000,0x0000,0x0000,0x0000,0x0000,0x0000,0x0000,
  0x0000,0x07E0,0x07E0,0x07E0,0x07E0,0x07E0,0x07E0,0x07E0,0x07E0,0x07E0,0x0000,0x0000,0x0000,0x0000,0x0000,0x0000,
  0x0000,0x07E0,0x07E0,0x07E0,0x07E0,0x07E0,0x07E0,0x07E0,0x07E0,0x07E0,0x07E0,0x0000,0x0000,0x0000,0x0000,0x0000,
  0x0000,0x0000,0x07E0,0x07E0,0x07E0,0x07E0,0x07E0,0x07E0,0x07E0,0x07E0,0x07E0,0x0000,0x0000,0x0000,0x0000,0x0000,
  0x0000,0x0000,0x0000,0x0000,0x0000,0x0000,0x0000,0x07E0,0x07E0,0x07E0,0x07E0,0x07E0,0x07E0,0x07E0,0x0000,0x0000,
  0x0000,0x0000,0x0000,0x0000,0x0000,0x0000,0x0000,0x0000,0x0000,0x0000,0x0000,0x0000,0x0000,0x0000,0x0000,0x0000,
  0x0000,0x0000,0x0000,0x0000,0x0000,0x0000,0x0000,0x0000,
  0x0000,0x0000,0x0000,0x0000,0x0000,0x0000,0x0000,0x0000,0x0000,0x0000,0x0000,0x0000,0x0000,0x0000,0x0000,0x0000,
  0x0000,0x0000,0x0000,0x0000,0x0000,0x0000,0x0000,0x0000,0x07E0,0x07E0,0x07E0,0x07E0,0x07E0,0x07E0,0x07E0,0x07E0,
  0x0000,0x0000,0x0000,0x0000,0x0000,0x0000,0x0000,0x0000,0x0000,0x0000,0x0000,0x0000,0x0000,0x07E0,0x07E0,0x07E0,
  0x07E0,0x07E0,0x07E0,0x07E0,0x07E0,0x0000,0x0000,0x0000,0x0000,0x0000,0x0000,0x0000,0x0000,0x07E0,0x07E0,0x07E0,
  0x07E0,0x07E0,0x07E0,0x07E0,0x07E0,0x07E0,0x0000,0x0000,0x0000,0x0000,0x0000,0x0000,0x0000,0x0000,0x07E0,0x07E0,
  0x07E0,0x07E0,0x07E0,0x07E0,0x07E0,0x07E0,0x07E0,0x0000,0x0000,0x0000,0x0000,0x0000,0x0000,0x0000,0x0000,0x07E0,
  0x07E0,0x07E0,0x07E0,0x07E0,0x07E0,0x07E0,0x07E0,0x07E0,0x0000,0x0000,0x0000,0x0000,0x0000,0x0000,0x0000,0x0000,
  0x07E0,0x07E0,0x07E0,0x07E0,0x07E0,0x07E0,0x07E0,0x07E0,0x07E0,0x0000,0x0000,0x0000,0x0000,0x0000,0x0000,0x0000,
  0x07E0,0x07E0,0x07E0,0x07E0,0x07E0,0x07E0,0x07E0,0x07E0,0x07E0,0x07E0,0x0000,0x0000,0x0000,0x0000,0x0000,0x0000,
  0x0000,0x07E0,0x07E0,0x07E0,0x07E0,0x07E0,0x07E0,0x07E0,0x07E0,0x07E0,0x07E0,0x0000,0x0000,0x0000,0x0000,0x0000,
  0x0000,0x0000,0x0000,0x0000,0x0000,0x0000,0x0000,0x0000,0x07E0,0x07E0,0x07E0,0x07E0,0x07E0,0x0000,0x0000,0x0000,
  0x0000,0x0000,0x0000,0x0000,0x0000,0x0000,0x0000,0x0000,0x0000,0x0000,0x0000,0x0000,0x0000,0x0000,0x0000,0x0000,
  0x0000,0x0000,0x0000,0x0000,0x0000,0x0000,0x0000,0x0000,
  0x0000,0x0000,0x0000,0x0000,0x0000,0x0000,0x0000,0x0000,0x0000,0x0000,0x0000,0x0000,0x0000,0x0000,0x0000,0x0000,
  0x0000,0x0000,0x0000,0x0000,0x0000,0x0000,0x0000,0x0000,0x0000,0x07E0,0x07E0,0x07E0,0x07E0,0x07E0,0x07E0,0x07E0,
  0x0000,0x0000,0x0000,0x0000,0x0000,0x0000,0x0000,0x0000,0x0000,0x0000,0x0000,0x0000,0x07E0,0x07E0,0x07E0,0x07E0,
  0x07E0,0x07E0,0x07E0,0x07E0,0x0000,0x0000,0x0000,0x0000,0x0000,0x0000,0x0000,0x0000,0x07E0,0x07E0,0x07E0,0x07E0,
  0x07E0,0x07E0,0x07E0,0x07E0,0x07E0,0x0000,0x0000,0x0000,0x0000,0x0000,0x0000,0x0000,0x0000,0x07E0,0x07E0,0x07E0,
  0x07E0,0x07E0,0x07E0,0x07E0,0x07E0,0x07E0,0x0000,0x0000,0x0000,0x0000,0x0000,0x0000,0x0000,0x0000,0x07E0,0x07E0,
  0x07E0,0x07E0,0x07E0,0x07E0,0x07E0,0x07E0,0x07E0,0x0000,0x0000,0x0000,0x0000,0x0000,0x0000,0x0000,0x0000,0x07E0,
  0x07E0,0x07E0,0x07E0,0x07E0,0x07E0,0x07E0,0x07E0,0x07E0,0x0000,0x0000,0x0000,0x0000,0x0000,0x0000,0x0000,0x07E0,
  0x07E0,0x07E0,0x07E0,0x07E0,0x07E0,0x07E0,0x07E0,0x07E0,0x07E0,0x0000,0x0000,0x0000,0x0000,0x0000,0x0000,0x0000,
  0x0000,0x07E0,0x07E0,0x07E0,0x07E0,0x07E0,0x07E0,0x07E0,0x07E0,0x07E0,0x0000,0x0000,0x0000,0x0000,0x0000,0x0000,
  0x0000,0x0000,0x0000,0x0000,0x0000,0x0000,0x0000,0x0000,0x0000,0x07E0,0x07E0,0x07E0,0x07E0,0x0000,0x0000,0x0000,
  0x0000,0x0000,0x0000,0x0000,0x0000,0x0000,0x0000,0x0000,0x0000,0x0000,0x0000,0x0000,0x0000,0x0000,0x0000,0x0000,
  0x0000,0x0000,0x0000,0x0000,0x0000,0x0000,0x0000,0x0000,
  0x0000,0x0000,0x0000,0x0000,0x0000,0x0000,0x0000,0x0000,0x0000,0x0000,0x0000,0x0000,0x0000,0x0000,0x0000,0x0000,
  0x0000,0x0000,0x0000,0x0000,0x0000,0x0000,0x0000,0x0000,0x0000,0x0000,0x0000,0x07E0,0x07E0,0x07E0,0x07E0,0x0000,
  0x0000,0x0000,0x0000,0x0000,0x0000,0x0000,0x0000,0x0000,0x0000,0x0000,0x0000,0x07E0,0x07E0,0x07E0,0x07E0,0x07E0,
  0x07E0,0x07E0,0x07E0,0x0000,0x0000,0x0000,0x0000,0x0000,0x0000,0x0000,0x0000,0x07E0,0x07E0,0x07E0,0x07E0,0x07E0,
  0x07E0,0x07E0,0x07E0,0x07E0,0x0000,0x0000,0x0000,0x0000,0x0000,0x0000,0x0000,0x0000,0x07E0,0x07E0,0x07E0,0x07E0,
  0x07E0,0x07E0,0x07E0,0x07E0,0x07E0,0x0000,0x0000,0x0000,0x0000,0x0000,0x0000,0x0000,0x0000,0x07E0,0x07E0,0x07E0,
  0x07E0,0x07E0,0x07E0,0x07E0,0x07E0,0x07E0,0x0000,0x0000,0x0000,0x0000,0x0000,0x0000,0x0000,0x0000,0x07E0,0x07E0,
  0x07E0,0x07E0,0x07E0,0x07E0,0x07E0,0x07E0,0x07E0,0x0000,0x0000,0x0000,0x0000,0x0000,0x0000,0x0000,0x07E0,0x07E0,
  0x07E0,0x07E0,0x07E0,0x07E0,0x07E0,0x07E0,0x07E0,0x07E0,0x0000,0x0000,0x0000,0x0000,0x0000,0x0000,0x0000,0x0000,
  0x07E0,0x07E0,0x07E0,0x07E0,0x07E0,0x07E0,0x07E0,0x07E0,0x07E0,0x0000,0x0000,0x0000,0x0000,0x0000,0x0000,0x0000,
  0x0000,0x0000,0x0000,0x0000,0x0000,0x0000,0x0000,0x0000,0x0000,0x0000,0x07E0,0x07E0,0x0000,0x0000,0x0000,0x0000,
  0x0000,0x0000,0x0000,0x0000,0x0000,0x0000,0x0000,0x0000,0x0000,0x0000,0x0000,0x0000,0x0000,0x0000,0x0000,0x0000,
  0x0000,0x0000,0x0000,0x0000,0x0000,0x0000,0x0000,0x0000,
  0x0000,0x0000,0x0000,0x0000,0x0000,0x0000,0x0000,0x0000,0x0000,0x0000,0x0000,0x0000,0x0000,0x0000,0x0000,0x0000,
  0x0000,0x0000,0x0000,0x0000,0x0000,0x0000,0x0000,0x0000,0x0000,0x0000,0x0000,0x0000,0x07E0,0x07E0,0x0000,0x0000,
  0x0000,0x0000,0x0000,0x0000,0x0000,0x0000,0x0000,0x0000,0x0000,0x0000,0x0000,0x07E0,0x07E0,0x07E0,0x07E0,0x07E0,
  0x07E0,0x07E0,0x0000,0x0000,0x0000,0x0000,0x0000,0x0000,0x0000,0x0000,0x07E0,0x07E0,0x07E0,0x07E0,0x07E0,0x07E0,
  0x07E0,0x07E0,0x07E0,0x0000,0x0000,0x0000,0x0000,0x0000,0x0000,0x0000,0x0000,0x07E0,0x07E0,0x07E0,0x07E0,0x07E0,
  0x07E0,0x07E0,0x07E0,0x07E0,0x0000,0x0000,0x0000,0x0000,0x0000,0x0000,0x0000,0x0000,0x07E0,0x07E0,0x07E0,0x07E0,
  0x07E0,0x07E0,0x07E0,0x07E0,0x07E0,0x0000,0x0000,0x0000,0x0000,0x0000,0x0000,0x0000,0x0000,0x07E0,0x07E0,0x07E0,
  0x07E0,0x07E0,0x07E0,0x07E0,0x07E0,0x07E0,0x0000,0x0000,0x0000,0x0000,0x0000,0x0000,0x0000,0x07E0,0x07E0,0x07E0,
  0x07E0,0x07E0,0x07E0,0x07E0,0x07E0,0x07E0,0x07E0,0x0000,0x0000,0x0000,0x0000,0x0000,0x0000,0x0000,0x0000,0x07E0,
  0x07E0,0x07E0,0x07E0,0x07E0,0x07E0,0x07E0,0x07E0,0x07E0,0x0000,0x0000,0x0000,0x0000,0x0000,0x0000,0x0000,0x0000,
  0x0000,0x0000,0x0000,0x0000,0x0000,0x0000,0x0000,0x0000,0x0000,0x0000,0x07E0,0x07E0,0x0000,0x0000,0x0000,0x0000,
  0x0000,0x0000,0x0000,0x0000,0x0000,0x0000,0x0000,0x0000,0x0000,0x0000,0x0000,0x0000,0x0000,0x0000,0x0000,0x0000,
  0x0000,0x0000,0x0000,0x0000,0x0000,0x0000,0x0000,0x0000,
  0x0000,0x0000,0x0000,0x0000,0x0000,0x0000,0x0000,0x0000,0x0000,0x0000,0x0000,0x0000,0x0000,0x0000,0x0000,0x0000,
  0x0000,0x0000,0x0000,0x0000,0x0000,0x0000,0x0000,0x0000,0x0000,0x0000,0x0000,0x0000,0x0000,0x0000,0x0000,0x0000,
  0x0000,0x0000,0x0000,0x0000,0x0000,0x0000,0x0000,0x0000,0x0000,0x0000,0x07E0,0x07E0,0x07E0,0x07E0,0x07E0,0x07E0,
  0x07E0,0x0000,0x0000,0x0000,0x0000,0x0000,0x0000,0x0000,0x0000,0x07E0,0x07E0,0x07E0,0x07E0,0x07E0,0x07E0,0x07E0,
  0x07E0,0x07E0,0x0000,0x0000,0x0000,0x0000,0x0000,0x0000,0x0000,0x0000,0x07E0,0x07E0,0x07E0,0x07E0,0x07E0,0x07E0,
  0x07E0,0x07E0,0x07E0,0x0000,0x0000,0x0000,0x0000,0x0000,0x0000,0x0000,0x0000,0x07E0,0x07E0,0x07E0,0x07E0,0x07E0,
  0x07E0,0x07E0,0x07E0,0x07E0,0x0000,0x0000,0x0000,0x0000,0x0000,0x0000,0x0000,0x0000,0x07E0,0x07E0,0x07E0,0x07E0,
  0x07E0,0x07E0,0x07E0,0x07E0,0x07E0,0x0000,0x0000,0x0000,0x0000,0x0000,0x0000,0x0000,0x0000,0x07E0,0x07E0,0x07E0,
  0x07E0,0x07E0,0x07E0,0x07E0,0x07E0,0x07E0,0x0000,0x0000,0x0000,0x0000,0x0000,0x0000,0x0000,0x0000,0x07E0,0x07E0,
  0x07E0,0x07E0,0x07E0,0x07E0,0x07E0,0x07E0,0x07E0,0x0000,0x0000,0x0000,0x0000,0x0000,0x0000,0x0000,0x0000,0x0000,
  0x0000,0x0000,0x0000,0x0000,0x0000,0x0000,0x0000,0x0000,0x0000,0x0000,0x0000,0x0000,0x0000,0x0000,0x0000,0x0000,
  0x0000,0x0000,0x0000,0x0000,0x0000,0x0000,0x0000,0x0000,0x0000,0x0000,0x0000,0x0000,0x0000,0x0000,0x0000,0x0000,
  0x0000,0x0000,0x0000,0x0000,0x0000,0x0000,0x0000,0x0000,
  0x0000,0x0000,0x0000,0x0000,0x0000,0x0000,0x0000,0x0000,0x0000,0x0000,0x0000,0x0000,0x0000,0x0000,0x0000,0x0000,
  0x0000,0x0000,0x0000,0x0000,0x0000,0x0000,0x0000,0x0000,0x0000,0x0000,0x0000,0x0000,0x0000,0x0000,0x0000,0x0000,
  0x0000,0x0000,0x0000,0x0000,0x0000,0x0000,0x0000,0x0000,0x0000,0x07E0,0x07E0,0x07E0,0x07E0,0x07E0,0x07E0,0x07E0,
  0x0000,0x0000,0x0000,0x0000,0x0000,0x0000,0x0000,0x0000,0x07E0,0x07E0,0x07E0,0x07E0,0x07E0,0x07E0,0x07E0,0x07E0,
  0x07E0,0x0000,0x0000,0x0000,0x0000,0x0000,0x0000,0x0000,0x0000,0x07E0,0x07E0,0x07E0,0x07E0,0x07E0,0x07E0,0x07E0,
  0x07E0,0x07E0,0x0000,0x0000,0x0000,0x0000,0x0000,0x0000,0x0000,0x0000,0x07E0,0x07E0,0x07E0,0x07E0,0x07E0,0x07E0,
  0x07E0,0x07E0,0x07E0,0x0000,0x0000,0x0000,0x0000,0x0000,0x0000,0x0000,0x0000,0x07E0,0x07E0,0x07E0,0x07E0,0x07E0,
  0x07E0,0x07E0,0x07E0,0x07E0,0x0000,0x0000,0x0000,0x0000,0x0000,0x0000,0x0000,0x0000,0x07E0,0x07E0,0x07E0,0x07E0,
  0x07E0,0x07E0,0x07E0,0x07E0,0x07E0,0x0000,0x0000,0x0000,0x0000,0x0000,0x0000,0x0000,0x0000,0x07E0,0x07E0,0x07E0,
  0x07E0,0x07E0,0x07E0,0x07E0,0x07E0,0x07E0,0x0000,0x0000,0x0000,0x0000,0x0000,0x0000,0x0000,0x07E0,0x07E0,0x0000,
  0x0000,0x0000,0x0000,0x0000,0x0000,0x0000,0x0000,0x0000,0x0000,0x0000,0x0000,0x0000,0x0000,0x0000,0x0000,0x0000,
  0x0000,0x0000,0x0000,0x0000,0x0000,0x0000,0x0000,0x0000,0x0000,0x0000,0x0000,0x0000,0x0000,0x0000,0x0000,0x0000,
  0x0000,0x0000,0x0000,0x0000,0x0000,0x0000,0x0000,0x0000,
  0x0000,0x0000,0x0000,0x0000,0x0000,0x0000,0x0000,0x0000,0x0000,0x0000,0x0000,0x0000,0x0000,0x0000,0x0000,0x0000,
  0x0000,0x0000,0x0000,0x0000,0x0000,0x0000,0x0000,0x0000,0x0000,0x0000,0x0000,0x0000,0x0000,0x0000,0x0000,0x0000,
  0x0000,0x0000,0x0000,0x0000,0x0000,0x0000,0x0000,0x0000,0x0000,0x07E0,0x07E0,0x07E0,0x07E0,0x07E0,0x07E0,0x0000,
  0x0000,0x0000,0x0000,0x0000,0x0000,0x0000,0x0000,0x07E0,0x07E0,0x07E0,0x07E0,0x07E0,0x07E0,0x07E0,0x07E0,0x07E0,
  0x0000,0x0000,0x0000,0x0000,0x0000,0x0000,0x0000,0x0000,0x07E0,0x07E0,0x07E0,0x07E0,0x07E0,0x07E0,0x07E0,0x07E0,
  0x07E0,0x0000,0x0000,0x0000,0x0000,0x0000,0x0000,0x0000,0x0000,0x07E0,0x07E0,0x07E0,0x07E0,0x07E0,0x07E0,0x07E0,
  0x07E0,0x07E0,0x0000,0x0000,0x0000,0x0000,0x0000,0x0000,0x0000,0x0000,0x07E0,0x07E0,0x07E0,0x07E0,0x07E0,0x07E0,
  0x07E0,0x07E0,0x07E0,0x0000,0x0000,0x0000,0x0000,0x0000,0x0000,0x0000,0x0000,0x07E0,0x07E0,0x07E0,0x07E0,0x07E0,
  0x07E0,0x07E0,0x07E0,0x07E0,0x0000,0x0000,0x0000,0x0000,0x0000,0x0000,0x0000,0x0000,0x07E0,0x07E0,0x07E0,0x07E0,
  0x07E0,0x07E0,0x07E0,0x07E0,0x07E0,0x0000,0x0000,0x0000,0x0000,0x0000,0x0000,0x0000,0x07E0,0x07E0,0x07E0,0x07E0,
  0x0000,0x0000,0x0000,0x0000,0x0000,0x0000,0x0000,0x0000,0x0000,0x0000,0x0000,0x0000,0x0000,0x0000,0x0000,0x0000,
  0x0000,0x0000,0x0000,0x0000,0x0000,0x0000,0x0000,0x0000,0x0000,0x0000,0x0000,0x0000,0x0000,0x0000,0x0000,0x0000,
  0x0000,0x0000,0x0000,0x0000,0x0000,0x0000,0x0000,0x0000,
  0x0000,0x0000,0x0000,0x0000,0x0000,0x0000,0x0000,0x0000,0x0000,0x0000,0x0000,0x0000,0x0000,0x0000,0x0000,0x0000,
  0x0000,0x0000,0x0000,0x0000,0x0000,0x0000,0x0000,0x0000,0x0000,0x0000,0x0000,0x0000,0x0000,0x0000,0x0000,0x0000,
  0x0000,0x0000,0x0000,0x0000,0x0000,0x0000,0x0000,0x0000,0x07E0,0x07E0,0x07E0,0x07E0,0x07E0,0x07E0,0x0000,0x0000,
  0x0000,0x0000,0x0000,0x0000,0x0000,0x0000,0x07E0,0x07E0,0x07E0,0x07E0,0x07E0,0x07E0,0x07E0,0x07E0,0x07E0,0x0000,
  0x0000,0x0000,0x0000,0x0000,0x0000,0x0000,0x0000,0x07E0,0x07E0,0x07E0,0x07E0,0x07E0,0x07E0,0x07E0,0x07E0,0x07E0,
  0x0000,0x0000,0x0000,0x0000,0x0000,0x0000,0x0000,0x0000,0x07E0,0x07E0,0x07E0,0x07E0,0x07E0,0x07E0,0x07E0,0x07E0,
  0x07E0,0x0000,0x0000,0x0000,0x0000,0x0000,0x0000,0x0000,0x0000,0x07E0,0x07E0,0x07E0,0x07E0,0x07E0,0x07E0,0x07E0,
  0x07E0,0x07E0,0x0000,0x0000,0x0000,0x0000,0x0000,0x0000,0x0000,0x07E0,0x07E0,0x07E0,0x07E0,0x07E0,0x07E0,0x07E0,
  0x07E0,0x07E0,0x07E0,0x0000,0x0000,0x0000,0x0000,0x0000,0x0000,0x0000,0x0000,0x07E0,0x07E0,0x07E0,0x07E0,0x07E0,
  0x07E0,0x07E0,0x07E0,0x07E0,0x0000,0x0000,0x0000,0x0000,0x0000,0x0000,0x0000,0x07E0,0x07E0,0x07E0,0x07E0,0x07E0,
  0x0000,0x0000,0x0000,0x0000,0x0000,0x0000,0x0000,0x0000,0x0000,0x0000,0x0000,0x0000,0x0000,0x0000,0x0000,0x0000,
  0x0000,0x0000,0x0000,0x0000,0x0000,0x0000,0x0000,0x0000,0x0000,0x0000,0x0000,0x0000,0x0000,0x0000,0x0000,0x0000,
  0x0000,0x0000,0x0000,0x0000,0x0000,0x0000,0x0000,0x0000,
  0x0000,0x0000,0x0000,0x0000,0x0000,0x0000,0x0000,0x0000,0x0000,0x0000,0x0000,0x0000,0x0000,0x0000,0x0000,0x0000,
  0x0000,0x0000,0x0000,0x0000,0x0000,0x0000,0x0000,0x0000,0x0000,0x0000,0x0000,0x0000,0x0000,0x0000,0x0000,0x0000,
  0x0000,0x0000,0x0000,0x0000,0x0000,0x0000,0x0000,0x0000,0x07E0,0x07E0,0x07E0,0x07E0,0x07E0,0x0000,0x0000,0x0000,
  0x0000,0x0000,0x0000,0x0000,0x0000,0x07E0,0x07E0,0x07E0,0x07E0,0x07E0,0x07E0,0x07E0,0x07E0,0x07E0,0x0000,0x0000,
  0x0000,0x0000,0x0000,0x0000,0x0000,0x0000,0x0000,0x07E0,0x07E0,0x07E0,0x07E0,0x07E0,0x07E0,0x07E0,0x07E0,0x07E0,
  0x0000,0x0000,0x0000,0x0000,0x0000,0x0000,0x0000,0x0000,0x07E0,0x07E0,0x07E0,0x07E0,0x07E0,0x07E0,0x07E0,0x07E0,
  0x07E0,0x0000,0x0000,0x0000,0x0000,0x0000,0x0000,0x0000,0x0000,0x07E0,0x07E0,0x07E0,0x07E0,0x07E0,0x07E0,0x07E0,
  0x07E0,0x07E0,0x0000,0x0000,0x0000,0x0000,0x0000,0x0000,0x0000,0x0000,0x07E0,0x07E0,0x07E0,0x07E0,0x07E0,0x07E0,
  0x07E0,0x07E0,0x07E0,0x0000,0x0000,0x0000,0x0000,0x0000,0x0000,0x0000,0x07E0,0x07E0,0x07E0,0x07E0,0x07E0,0x07E0,
  0x07E0,0x07E0,0x07E0,0x0000,0x0000,0x0000,0x0000,0x0000,0x0000,0x0000,0x07E0,0x07E0,0x07E0,0x07E0,0x07E0,0x07E0,
  0x07E0,0x0000,0x0000,0x0000,0x0000,0x0000,0x0000,0x0000,0x0000,0x0000,0x0000,0x0000,0x0000,0x0000,0x0000,0x0000,
  0x0000,0x0000,0x0000,0x0000,0x0000,0x0000,0x0000,0x0000,0x0000,0x0000,0x0000,0x0000,0x0000,0x0000,0x0000,0x0000,
  0x0000,0x0000,0x0000,0x0000,0x0000,0x0000,0x0000,0x0000,
  0x0000,0x0000,0x0000,0x0000,0x0000,0x0000,0x0000,0x0000,0x0000,0x0000,0x0000,0x0000,0x0000,0x0000,0x0000,0x0000,
  0x0000,0x0000,0x0000,0x0000,0x0000,0x0000,0x0000,0x0000,0x0000,0x0000,0x0000,0x0000,0x0000,0x0000,0x0000,0x0000,
  0x0000,0x0000,0x0000,0x0000,0x0000,0x0000,0x0000,0x07E0,0x07E0,0x07E0,0x07E0,0x07E0,0x0000,0x0000,0x0000,0x0000,
  0x0000,0x0000,0x0000,0x0000,0x07E0,0x07E0,0x07E0,0x07E0,0x07E0,0x07E0,0x07E0,0x07E0,0x07E0,0x0000,0x0000,0x0000,
  0x0000,0x0000,0x0000,0x0000,0x0000,0x0000,0x0000,0x0000,0x07E0,0x07E0,0x07E0,0x07E0,0x07E0,0x07E0,0x07E0,0x07E0,
  0x07E0,0x0000,0x0000,0x0000,0x0000,0x0000,0x0000,0x0000,0x0000,0x07E0,0x07E0,0x07E0,0x07E0,0x07E0,0x07E0,0x07E0,
  0x07E0,0x07E0,0x0000,0x0000,0x0000,0x0000,0x0000,0x0000,0x0000,0x0000,0x07E0,0x07E0,0x07E0,0x07E0,0x07E0,0x07E0,
  0x07E0,0x07E0,0x07E0,0x0000,0x0000,0x0000,0x0000,0x0000,0x0000,0x0000,0x0000,0x07E0,0x07E0,0x07E0,0x07E0,0x07E0,
  0x07E0,0x07E0,0x07E0,0x07E0,0x0000,0x0000,0x0000,0x0000,0x0000,0x07E0,0x07E0,0x07E0,0x07E0,0x07E0,0x07E0,0x07E0,
  0x07E0,0x07E0,0x0000,0x0000,0x0000,0x0000,0x0000,0x0000,0x0000,0x07E0,0x07E0,0x07E0,0x07E0,0x07E0,0x07E0,0x07E0,
  0x07E0,0x07E0,0x0000,0x0000,0x0000,0x0000,0x0000,0x0000,0x0000,0x0000,0x0000,0x0000,0x0000,0x0000,0x0000,0x0000,
  0x0000,0x0000,0x0000,0x0000,0x0000,0x0000,0x0000,0x0000,0x0000,0x0000,0x0000,0x0000,0x0000,0x0000,0x0000,0x0000,
  0x0000,0x0000,0x0000,0x0000,0x0000,0x0000,0x0000,0x0000,
  0x0000,0x0000,0x0000,0x0000,0x0000,0x0000,0x0000,0x0000,0x0000,0x0000,0x0000,0x0000,0x0000,0x07E0,0x07E0,0x07E0,
  0x0000,0x0000,0x0000,0x0000,0x0000,0x0000,0x0000,0x0000,0x0000,0x0000,0x0000,0x0000,0x0000,0x0000,0x0000,0x0000,
  0x0000,0x0000,0x0000,0x0000,0x0000,0x0000,0x07E0,0x07E0,0x07E0,0x07E0,0x07E0,0x0000,0x0000,0x0000,0x0000,0x0000,
  0x0000,0x0000,0x0000,0x07E0,0x07E0,0x07E0,0x07E0,0x07E0,0x07E0,0x07E0,0x07E0,0x07E0,0x0000,0x0000,0x0000,0x0000,
  0x0000,0x0000,0x0000,0x0000,0x0000,0x0000,0x0000,0x0000,0x0000,0x07E0,0x07E0,0x07E0,0x07E0,0x07E0,0x07E0,0x07E0,
  0x07E0,0x07E0,0x0000,0x0000,0x0000,0x0000,0x0000,0x0000,0x0000,0x0000,0x07E0,0x07E0,0x07E0,0x07E0,0x07E0,0x07E0,
  0x07E0,0x07E0,0x07E0,0x0000,0x0000,0x0000,0x0000,0x0000,0x0000,0x0000,0x0000,0x07E0,0x07E0,0x07E0,0x07E0,0x07E0,
  0x07E0,0x07E0,0x07E0,0x07E0,0x0000,0x0000,0x0000,0x0000,0x0000,0x0000,0x0000,0x0000,0x07E0,0x07E0,0x07E0,0x07E0,
  0x07E0,0x07E0,0x07E0,0x07E0,0x07E0,0x0000,0x0000,0x0000,0x07E0,0x07E0,0x07E0,0x07E0,0x07E0,0x07E0,0x07E0,0x07E0,
  0x07E0,0x0000,0x0000,0x0000,0x0000,0x0000,0x0000,0x0000,0x07E0,0x07E0,0x07E0,0x07E0,0x07E0,0x07E0,0x07E0,0x07E0,
  0x07E0,0x07E0,0x0000,0x0000,0x0000,0x0000,0x0000,0x0000,0x0000,0x0000,0x0000,0x0000,0x0000,0x0000,0x0000,0x0000,
  0x0000,0x0000,0x0000,0x0000,0x0000,0x0000,0x0000,0x0000,0x0000,0x07E0,0x07E0,0x0000,0x0000,0x0000,0x0000,0x0000,
  0x0000,0x0000,0x0000,0x0000,0x0000,0x0000,0x0000,0x0000,
  0x0000,0x0000,0x0000,0x0000,0x0000,0x0000,0x0000,0x0000,0x0000,0x0000,0x0000,0x07E0,0x07E0,0x07E0,0x07E0,0x07E0,
  0x07E0,0x0000,0x0000,0x0000,0x0000,0x0000,0x0000,0x0000,0x0000,0x0000,0x0000,0x0000,0x0000,0x0000,0x0000,0x0000,
  0x0000,0x0000,0x0000,0x0000,0x0000,0x0000,0x07E0,0x07E0,0x07E0,0x07E0,0x0000,0x0000,0x0000,0x0000,0x0000,0x0000,
  0x0000,0x0000,0x07E0,0x07E0,0x07E0,0x07E0,0x07E0,0x07E0,0x07E0,0x07E0,0x07E0,0x0000,0x0000,0x0000,0x0000,0x0000,
  0x0000,0x0000,0x0000,0x0000,0x0000,0x0000,0x0000,0x0000,0x0000,0x0000,0x07E0,0x07E0,0x07E0,0x07E0,0x07E0,0x07E0,
  0x07E0,0x07E0,0x07E0,0x0000,0x0000,0x0000,0x0000,0x0000,0x0000,0x0000,0x0000,0x07E0,0x07E0,0x07E0,0x07E0,0x07E0,
  0x07E0,0x07E0,0x07E0,0x07E0,0x0000,0x0000,0x0000,0x0000,0x0000,0x0000,0x0000,0x0000,0x07E0,0x07E0,0x07E0,0x07E0,
  0x07E0,0x07E0,0x07E0,0x07E0,0x07E0,0x0000,0x0000,0x0000,0x0000,0x0000,0x0000,0x0000,0x0000,0x07E0,0x07E0,0x07E0,
  0x07E0,0x07E0,0x07E0,0x07E0,0x07E0,0x07E0,0x0000,0x07E0,0x07E0,0x07E0,0x07E0,0x07E0,0x07E0,0x07E0,0x07E0,0x07E0,
  0x0000,0x0000,0x0000,0x0000,0x0000,0x0000,0x0000,0x07E0,0x07E0,0x07E0,0x07E0,0x07E0,0x07E0,0x07E0,0x07E0,0x07E0,
  0x07E0,0x0000,0x0000,0x0000,0x0000,0x0000,0x0000,0x0000,0x0000,0x0000,0x0000,0x0000,0x0000,0x0000,0x0000,0x0000,
  0x0000,0x0000,0x0000,0x0000,0x0000,0x0000,0x0000,0x07E0,0x07E0,0x07E0,0x07E0,0x07E0,0x07E0,0x0000,0x0000,0x0000,
  0x0000,0x0000,0x0000,0x0000,0x0000,0x0000,0x0000,0x0000,
  0x0000,0x0000,0x0000,0x0000,0x0000,0x0000,0x0000,0x0000,0x0000,0x0000,0x07E0,0x07E0,0x07E0,0x07E0,0x07E0,0x07E0,
  0x07E0,0x07E0,0x0000,0x0000,0x0000,0x0000,0x0000,0x0000,0x0000,0x0000,0x0000,0x0000,0x0000,0x0000,0x0000,0x0000,
  0x0000,0x0000,0x0000,0x0000,0x0000,0x07E0,0x07E0,0x07E0,0x07E0,0x0000,0x0000,0x0000,0x0000,0x0000,0x0000,0x0000,
  0x0000,0x07E0,0x07E0,0x07E0,0x07E0,0x07E0,0x07E0,0x07E0,0x07E0,0x07E0,0x0000,0x0000,0x0000,0x0000,0x0000,0x0000,
  0x0000,0x0000,0x07E0,0x0000,0x0000,0x0000,0x0000,0x0000,0x0000,0x0000,0x0000,0x07E0,0x07E0,0x07E0,0x07E0,0x07E0,
  0x07E0,0x07E0,0x07E0,0x07E0,0x0000,0x0000,0x0000,0x0000,0x0000,0x0000,0x0000,0x0000,0x07E0,0x07E0,0x07E0,0x07E0,
  0x07E0,0x07E0,0x07E0,0x07E0,0x07E0,0x0000,0x0000,0x0000,0x0000,0x0000,0x0000,0x0000,0x0000,0x07E0,0x07E0,0x07E0,
  0x07E0,0x07E0,0x07E0,0x07E0,0x07E0,0x07E0,0x0000,0x0000,0x0000,0x0000,0x0000,0x0000,0x0000,0x0000,0x07E0,0x07E0,
  0x07E0,0x07E0,0x07E0,0x07E0,0x07E0,0x07E0,0x07E0,0x07E0,0x07E0,0x07E0,0x07E0,0x07E0,0x07E0,0x07E0,0x07E0,0x0000,
  0x0000,0x0000,0x0000,0x0000,0x0000,0x0000,0x07E0,0x07E0,0x07E0,0x07E0,0x07E0,0x07E0,0x07E0,0x07E0,0x07E0,0x07E0,
  0x0000,0x0000,0x0000,0x0000,0x0000,0x0000,0x0000,0x0000,0x0000,0x0000,0x0000,0x0000,0x0000,0x0000,0x0000,0x0000,
  0x0000,0x0000,0x0000,0x0000,0x0000,0x0000,0x07E0,0x07E0,0x07E0,0x07E0,0x07E0,0x07E0,0x07E0,0x07E0,0x0000,0x0000,
  0x0000,0x0000,0x0000,0x0000,0x0000,0x0000,0x0000,0x0000,
  0x0000,0x0000,0x0000,0x0000,0x0000,0x0000,0x0000,0x0000,0x0000,0x0000,0x07E0,0x07E0,0x07E0,0x07E0,0x07E0,0x07E0,
  0x07E0,0x07E0,0x07E0,0x0000,0x0000,0x0000,0x0000,0x0000,0x0000,0x0000,0x0000,0x0000,0x0000,0x0000,0x0000,0x0000,
  0x0000,0x0000,0x0000,0x0000,0x0000,0x07E0,0x07E0,0x07E0,0x0000,0x0000,0x0000,0x0000,0x0000,0x0000,0x0000,0x0000,
  0x07E0,0x07E0,0x07E0,0x07E0,0x07E0,0x07E0,0x07E0,0x07E0,0x07E0,0x0000,0x0000,0x0000,0x0000,0x0000,0x0000,0x0000,
  0x0000,0x07E0,0x07E0,0x07E0,0x0000,0x0000,0x0000,0x0000,0x0000,0x0000,0x0000,0x0000,0x07E0,0x07E0,0x07E0,0x07E0,
  0x07E0,0x07E0,0x07E0,0x07E0,0x07E0,0x0000,0x0000,0x0000,0x0000,0x0000,0x0000,0x0000,0x0000,0x07E0,0x07E0,0x07E0,
  0x07E0,0x07E0,0x07E0,0x07E0,0x07E0,0x07E0,0x0000,0x0000,0x0000,0x0000,0x0000,0x0000,0x0000,0x0000,0x07E0,0x07E0,
  0x07E0,0x07E0,0x07E0,0x07E0,0x07E0,0x07E0,0x07E0,0x0000,0x0000,0x0000,0x0000,0x0000,0x0000,0x0000,0x0000,0x07E0,
  0x07E0,0x07E0,0x07E0,0x07E0,0x07E0,0x07E0,0x07E0,0x07E0,0x07E0,0x07E0,0x07E0,0x07E0,0x07E0,0x07E0,0x0000,0x0000,
  0x0000,0x0000,0x0000,0x0000,0x0000,0x07E0,0x07E0,0x07E0,0x07E0,0x07E0,0x07E0,0x07E0,0x07E0,0x07E0,0x07E0,0x0000,
  0x0000,0x0000,0x0000,0x0000,0x0000,0x0000,0x0000,0x0000,0x0000,0x0000,0x0000,0x0000,0x0000,0x0000,0x0000,0x0000,
  0x0000,0x0000,0x0000,0x0000,0x0000,0x0000,0x07E0,0x07E0,0x07E0,0x07E0,0x07E0,0x07E0,0x07E0,0x07E0,0x0000,0x0000,
  0x0000,0x0000,0x0000,0x0000,0x0000,0x0000,0x0000,0x0000,
  0x0000,0x0000,0x0000,0x0000,0x0000,0x0000,0x0000,0x0000,0x0000,0x0000,0x07E0,0x07E0,0x07E0,0x07E0,0x07E0,0x07E0,
  0x07E0,0x07E0,0x07E0,0x0000,0x0000,0x0000,0x0000,0x0000,0x0000,0x0000,0x0000,0x0000,0x0000,0x0000,0x0000,0x0000,
  0x0000,0x0000,0x0000,0x0000,0x0000,0x07E0,0x07E0,0x0000,0x0000,0x0000,0x0000,0x0000,0x0000,0x0000,0x0000,0x07E0,
  0x07E0,0x07E0,0x07E0,0x07E0,0x07E0,0x07E0,0x07E0,0x07E0,0x0000,0x0000,0x0000,0x0000,0x0000,0x0000,0x0000,0x0000,
  0x07E0,0x07E0,0x07E0,0x07E0,0x07E0,0x0000,0x0000,0x0000,0x0000,0x0000,0x0000,0x0000,0x0000,0x07E0,0x07E0,0x07E0,
  0x07E0,0x07E0,0x07E0,0x07E0,0x07E0,0x07E0,0x0000,0x0000,0x0000,0x0000,0x0000,0x0000,0x0000,0x0000,0x07E0,0x07E0,
  0x07E0,0x07E0,0x07E0,0x07E0,0x07E0,0x07E0,0x07E0,0x0000,0x0000,0x0000,0x0000,0x0000,0x0000,0x0000,0x0000,0x07E0,
  0x07E0,0x07E0,0x07E0,0x07E0,0x07E0,0x07E0,0x07E0,0x07E0,0x0000,0x0000,0x0000,0x0000,0x0000,0x0000,0x0000,0x0000,
  0x07E0,0x07E0,0x07E0,0x07E0,0x07E0,0x07E0,0x07E0,0x07E0,0x07E0,0x07E0,0x07E0,0x07E0,0x07E0,0x0000,0x0000,0x0000,
  0x0000,0x0000,0x0000,0x0000,0x07E0,0x07E0,0x07E0,0x07E0,0x07E0,0x07E0,0x07E0,0x07E0,0x07E0,0x07E0,0x0000,0x0000,
  0x0000,0x0000,0x0000,0x0000,0x0000,0x0000,0x0000,0x0000,0x0000,0x0000,0x0000,0x0000,0x0000,0x0000,0x0000,0x0000,
  0x0000,0x0000,0x0000,0x0000,0x0000,0x07E0,0x07E0,0x07E0,0x07E0,0x07E0,0x07E0,0x07E0,0x07E0,0x07E0,0x0000,0x0000,
  0x0000,0x0000,0x0000,0x0000,0x0000,0x0000,0x0000,0x0000,
  0x0000,0x0000,0x0000,0x0000,0x0000,0x0000,0x0000,0x0000,0x0000,0x0000,0x07E0,0x07E0,0x07E0,0x07E0,0x07E0,0x07E0,
  0x07E0,0x07E0,0x07E0,0x0000,0x0000,0x0000,0x0000,0x0000,0x0000,0x0000,0x0000,0x0000,0x0000,0x0000,0x0000,0x0000,
  0x0000,0x0000,0x0000,0x0000,0x07E0,0x07E0,0x0000,0x0000,0x0000,0x0000,0x0000,0x0000,0x0000,0x0000,0x07E0,0x07E0,
  0x07E0,0x07E0,0x07E0,0x07E0,0x07E0,0x07E0,0x07E0,0x0000,0x0000,0x0000,0x0000,0x0000,0x0000,0x0000,0x0000,0x07E0,
  0x07E0,0x07E0,0x07E0,0x07E0,0x07E0,0x07E0,0x0000,0x0000,0x0000,0x0000,0x0000,0x0000,0x0000,0x0000,0x07E0,0x07E0,
  0x07E0,0x07E0,0x07E0,0x07E0,0x07E0,0x07E0,0x07E0,0x0000,0x0000,0x0000,0x0000,0x0000,0x0000,0x0000,0x0000,0x07E0,
  0x07E0,0x07E0,0x07E0,0x07E0,0x07E0,0x07E0,0x07E0,0x07E0,0x0000,0x0000,0x0000,0x0000,0x0000,0x0000,0x0000,0x0000,
  0x07E0,0x07E0,0x07E0,0x07E0,0x07E0,0x07E0,0x07E0,0x07E0,0x07E0,0x0000,0x0000,0x0000,0x0000,0x0000,0x0000,0x0000,
  0x0000,0x07E0,0x07E0,0x07E0,0x07E0,0x07E0,0x07E0,0x07E0,0x07E0,0x07E0,0x07E0,0x07E0,0x0000,0x0000,0x0000,0x0000,
  0x0000,0x0000,0x0000,0x07E0,0x07E0,0x07E0,0x07E0,0x07E0,0x07E0,0x07E0,0x07E0,0x07E0,0x07E0,0x0000,0x0000,0x0000,
  0x0000,0x0000,0x0000,0x0000,0x0000,0x0000,0x0000,0x0000,0x0000,0x0000,0x0000,0x0000,0x0000,0x0000,0x0000,0x0000,
  0x0000,0x0000,0x0000,0x0000,0x0000,0x07E0,0x07E0,0x07E0,0x07E0,0x07E0,0x07E0,0x07E0,0x07E0,0x07E0,0x0000,0x0000,
  0x0000,0x0000,0x0000,0x0000,0x0000,0x0000,0x0000,0x0000,
  0x0000,0x0000,0x0000,0x0000,0x0000,0x0000,0x0000,0x0000,0x0000,0x0000,0x07E0,0x07E0,0x07E0,0x07E0,0x07E0,0x07E0,
  0x07E0,0x07E0,0x0000,0x0000,0x0000,0x0000,0x0000,0x0000,0x0000,0x0000,0x0000,0x0000,0x0000,0x0000,0x0000,0x0000,
  0x0000,0x0000,0x0000,0x0000,0x07E0,0x0000,0x0000,0x0000,0x0000,0x0000,0x0000,0x0000,0x0000,0x07E0,0x07E0,0x07E0,
  0x07E0,0x07E0,0x07E0,0x07E0,0x07E0,0x07E0,0x0000,0x0000,0x0000,0x0000,0x0000,0x0000,0x0000,0x0000,0x07E0,0x07E0,
  0x07E0,0x07E0,0x07E0,0x07E0,0x07E0,0x07E0,0x07E0,0x0000,0x0000,0x0000,0x0000,0x0000,0x0000,0x0000,0x0000,0x07E0,
  0x07E0,0x07E0,0x07E0,0x07E0,0x07E0,0x07E0,0x07E0,0x07E0,0x0000,0x0000,0x0000,0x0000,0x0000,0x0000,0x0000,0x0000,
  0x07E0,0x07E0,0x07E0,0x07E0,0x07E0,0x07E0,0x07E0,0x07E0,0x07E0,0x0000,0x0000,0x0000,0x0000,0x0000,0x0000,0x0000,
  0x0000,0x07E0,0x07E0,0x07E0,0x07E0,0x07E0,0x07E0,0x07E0,0x07E0,0x07E0,0x0000,0x0000,0x0000,0x0000,0x0000,0x0000,
  0x0000,0x0000,0x07E0,0x07E0,0x07E0,0x07E0,0x07E0,0x07E0,0x07E0,0x07E0,0x07E0,0x0000,0x0000,0x0000,0x0000,0x0000,
  0x0000,0x0000,0x07E0,0x07E0,0x07E0,0x07E0,0x07E0,0x07E0,0x07E0,0x07E0,0x07E0,0x07E0,0x0000,0x0000,0x0000,0x0000,
  0x0000,0x0000,0x0000,0x07E0,0x07E0,0x0000,0x0000,0x0000,0x0000,0x0000,0x0000,0x0000,0x0000,0x0000,0x0000,0x0000,
  0x0000,0x0000,0x0000,0x0000,0x0000,0x0000,0x07E0,0x07E0,0x07E0,0x07E0,0x07E0,0x07E0,0x07E0,0x07E0,0x0000,0x0000,
  0x0000,0x0000,0x0000,0x0000,0x0000,0x0000,0x0000,0x0000,
  0x0000,0x0000,0x0000,0x0000,0x0000,0x0000,0x0000,0x0000,0x0000,0x0000,0x0000,0x07E0,0x07E0,0x07E0,0x07E0,0x07E0,
  0x07E0,0x07E0,0x0000,0x0000,0x0000,0x0000,0x0000,0x0000,0x0000,0x0000,0x0000,0x0000,0x0000,0x0000,0x0000,0x0000,
  0x0000,0x0000,0x0000,0x0000,0x0000,0x0000,0x0000,0x0000,0x0000,0x0000,0x0000,0x0000,0x07E0,0x07E0,0x07E0,0x07E0,
  0x07E0,0x07E0,0x07E0,0x07E0,0x07E0,0x0000,0x0000,0x0000,0x0000,0x0000,0x0000,0x0000,0x0000,0x07E0,0x07E0,0x07E0,
  0x07E0,0x07E0,0x07E0,0x07E0,0x07E0,0x07E0,0x07E0,0x07E0,0x0000,0x0000,0x0000,0x0000,0x0000,0x0000,0x0000,0x0000,
  0x07E0,0x07E0,0x07E0,0x07E0,0x07E0,0x07E0,0x07E0,0x07E0,0x07E0,0x0000,0x0000,0x0000,0x0000,0x0000,0x0000,0x0000,
  0x0000,0x07E0,0x07E0,0x07E0,0x07E0,0x07E0,0x07E0,0x07E0,0x07E0,0x07E0,0x0000,0x0000,0x0000,0x0000,0x0000,0x0000,
  0x0000,0x0000,0x07E0,0x07E0,0x07E0,0x07E0,0x07E0,0x07E0,0x07E0,0x07E0,0x07E0,0x0000,0x0000,0x0000,0x0000,0x0000,
  0x0000,0x0000,0x0000,0x07E0,0x07E0,0x07E0,0x07E0,0x07E0,0x07E0,0x07E0,0x0000,0x0000,0x0000,0x0000,0x0000,0x0000,
  0x0000,0x07E0,0x07E0,0x07E0,0x07E0,0x07E0,0x07E0,0x07E0,0x07E0,0x07E0,0x07E0,0x0000,0x0000,0x0000,0x0000,0x0000,
  0x0000,0x0000,0x07E0,0x07E0,0x07E0,0x0000,0x0000,0x0000,0x0000,0x0000,0x0000,0x0000,0x0000,0x0000,0x0000,0x0000,
  0x0000,0x0000,0x0000,0x0000,0x0000,0x0000,0x07E0,0x07E0,0x07E0,0x07E0,0x07E0,0x07E0,0x07E0,0x0000,0x0000,0x0000,
  0x0000,0x0000,0x0000,0x0000,0x0000,0x0000,0x0000,0x0000,
  0x0000,0x0000,0x0000,0x0000,0x0000,0x0000,0x0000,0x0000,0x0000,0x0000,0x0000,0x0000,0x07E0,0x07E0,0x07E0,0x07E0,
  0x07E0,0x0000,0x0000,0x0000,0x0000,0x0000,0x0000,0x0000,0x0000,0x0000,0x0000,0x0000,0x0000,0x0000,0x0000,0x0000,
  0x0000,0x0000,0x0000,0x0000,0x0000,0x0000,0x0000,0x0000,0x0000,0x0000,0x0000,0x07E0,0x07E0,0x07E0,0x07E0,0x07E0,
  0x07E0,0x07E0,0x07E0,0x07E0,0x0000,0x0000,0x0000,0x0000,0x0000,0x0000,0x0000,0x0000,0x07E0,0x07E0,0x07E0,0x07E0,
  0x07E0,0x07E0,0x07E0,0x07E0,0x07E0,0x07E0,0x07E0,0x07E0,0x07E0,0x0000,0x0000,0x0000,0x0000,0x0000,0x0000,0x0000,
  0x0000,0x07E0,0x07E0,0x07E0,0x07E0,0x07E0,0x07E0,0x07E0,0x07E0,0x07E0,0x0000,0x0000,0x0000,0x0000,0x0000,0x0000,
  0x0000,0x0000,0x07E0,0x07E0,0x07E0,0x07E0,0x07E0,0x07E0,0x07E0,0x07E0,0x07E0,0x0000,0x0000,0x0000,0x0000,0x0000,
  0x0000,0x0000,0x0000,0x07E0,0x07E0,0x07E0,0x07E0,0x07E0,0x07E0,0x07E0,0x07E0,0x07E0,0x0000,0x0000,0x0000,0x0000,
  0x0000,0x0000,0x0000,0x0000,0x07E0,0x07E0,0x07E0,0x07E0,0x07E0,0x0000,0x0000,0x0000,0x0000,0x0000,0x0000,0x0000,
  0x07E0,0x07E0,0x07E0,0x07E0,0x07E0,0x07E0,0x07E0,0x07E0,0x07E0,0x07E0,0x0000,0x0000,0x0000,0x0000,0x0000,0x0000,
  0x0000,0x07E0,0x07E0,0x07E0,0x07E0,0x0000,0x0000,0x0000,0x0000,0x0000,0x0000,0x0000,0x0000,0x0000,0x0000,0x0000,
  0x0000,0x0000,0x0000,0x0000,0x0000,0x0000,0x0000,0x07E0,0x07E0,0x07E0,0x07E0,0x07E0,0x0000,0x0000,0x0000,0x0000,
  0x0000,0x0000,0x0000,0x0000,0x0000,0x0000,0x0000,0x0000,
  0x0000,0x0000,0x0000,0x0000,0x0000,0x0000,0x0000,0x0000,0x0000,0x0000,0x0000,0x0000,0x0000,0x0000,0x0000,0x0000,
  0x0000,0x0000,0x0000,0x0000,0x0000,0x0000,0x0000,0x0000,0x0000,0x0000,0x0000,0x0000,0x0000,0x0000,0x0000,0x0000,
  0x0000,0x0000,0x0000,0x0000,0x0000,0x0000,0x0000,0x0000,0x0000,0x0000,0x07E0,0x07E0,0x07E0,0x07E0,0x07E0,0x07E0,
  0x07E0,0x07E0,0x07E0,0x0000,0x0000,0x0000,0x0000,0x0000,0x0000,0x0000,0x0000,0x07E0,0x07E0,0x07E0,0x07E0,0x07E0,
  0x07E0,0x07E0,0x07E0,0x07E0,0x07E0,0x07E0,0x07E0,0x07E0,0x07E0,0x07E0,0x0000,0x0000,0x0000,0x0000,0x0000,0x0000,
  0x0000,0x0000,0x07E0,0x07E0,0x07E0,0x07E0,0x07E0,0x07E0,0x07E0,0x07E0,0x07E0,0x0000,0x0000,0x0000,0x0000,0x0000,
  0x0000,0x0000,0x0000,0x07E0,0x07E0,0x07E0,0x07E0,0x07E0,0x07E0,0x07E0,0x07E0,0x07E0,0x0000,0x0000,0x0000,0x0000,
  0x0000,0x0000,0x0000,0x0000,0x07E0,0x07E0,0x07E0,0x07E0,0x07E0,0x07E0,0x07E0,0x07E0,0x07E0,0x0000,0x0000,0x0000,
  0x0000,0x0000,0x0000,0x0000,0x0000,0x07E0,0x07E0,0x07E0,0x0000,0x0000,0x0000,0x0000,0x0000,0x0000,0x0000,0x07E0,
  0x07E0,0x07E0,0x07E0,0x07E0,0x07E0,0x07E0,0x07E0,0x07E0,0x07E0,0x0000,0x0000,0x0000,0x0000,0x0000,0x0000,0x0000,
  0x07E0,0x07E0,0x07E0,0x07E0,0x07E0,0x07E0,0x0000,0x0000,0x0000,0x0000,0x0000,0x0000,0x0000,0x0000,0x0000,0x0000,
  0x0000,0x0000,0x0000,0x0000,0x0000,0x0000,0x0000,0x0000,0x0000,0x0000,0x0000,0x0000,0x0000,0x0000,0x0000,0x0000,
  0x0000,0x0000,0x0000,0x0000,0x0000,0x0000,0x0000,0x0000,
  0x0000,0x0000,0x0000,0x0000,0x0000,0x0000,0x0000,0x0000,0x0000,0x0000,0x0000,0x0000,0x0000,0x0000,0x0000,0x0000,
  0x0000,0x0000,0x0000,0x0000,0x0000,0x0000,0x0000,0x0000,0x0000,0x0000,0x0000,0x0000,0x0000,0x0000,0x0000,0x0000,
  0x0000,0x0000,0x0000,0x0000,0x0000,0x0000,0x0000,0x0000,0x0000,0x07E0,0x07E0,0x07E0,0x07E0,0x07E0,0x07E0,0x07E0,
  0x07E0,0x07E0,0x0000,0x0000,0x0000,0x0000,0x0000,0x0000,0x0000,0x0000,0x07E0,0x07E0,0x07E0,0x07E0,0x07E0,0x07E0,
  0x07E0,0x07E0,0x07E0,0x07E0,0x07E0,0x07E0,0x07E0,0x07E0,0x07E0,0x07E0,0x07E0,0x0000,0x0000,0x0000,0x0000,0x0000,
  0x0000,0x0000,0x0000,0x07E0,0x07E0,0x07E0,0x07E0,0x07E0,0x07E0,0x07E0,0x07E0,0x07E0,0x0000,0x0000,0x0000,0x0000,
  0x0000,0x0000,0x0000,0x0000,0x07E0,0x07E0,0x07E0,0x07E0,0x07E0,0x07E0,0x07E0,0x07E0,0x07E0,0x0000,0x0000,0x0000,
  0x0000,0x0000,0x0000,0x0000,0x0000,0x07E0,0x07E0,0x07E0,0x07E0,0x07E0,0x07E0,0x07E0,0x07E0,0x07E0,0x0000,0x0000,
  0x0000,0x0000,0x0000,0x0000,0x0000,0x07E0,0x07E0,0x0000,0x0000,0x0000,0x0000,0x0000,0x0000,0x0000,0x07E0,0x07E0,
  0x07E0,0x07E0,0x07E0,0x07E0,0x07E0,0x07E0,0x07E0,0x07E0,0x0000,0x0000,0x0000,0x0000,0x0000,0x0000,0x0000,0x07E0,
  0x07E0,0x07E0,0x07E0,0x07E0,0x07E0,0x07E0,0x0000,0x0000,0x0000,0x0000,0x0000,0x0000,0x0000,0x0000,0x0000,0x0000,
  0x0000,0x0000,0x0000,0x0000,0x0000,0x0000,0x0000,0x0000,0x0000,0x0000,0x0000,0x0000,0x0000,0x0000,0x0000,0x0000,
  0x0000,0x0000,0x0000,0x0000,0x0000,0x0000,0x0000,0x0000,
  0x0000,0x0000,0x0000,0x0000,0x0000,0x0000,0x0000,0x0000,0x0000,0x0000,0x0000,0x0000,0x0000,0x0000,0x0000,0x0000,
  0x0000,0x0000,0x0000,0x0000,0x0000,0x0000,0x0000,0x0000,0x0000,0x0000,0x0000,0x0000,0x0000,0x0000,0x0000,0x0000,
  0x0000,0x0000,0x0000,0x0000,0x0000,0x0000,0x0000,0x0000,0x07E0,0x07E0,0x07E0,0x07E0,0x07E0,0x07E0,0x07E0,0x07E0,
  0x07E0,0x0000,0x0000,0x0000,0x0000,0x0000,0x0000,0x0000,0x0000,0x07E0,0x07E0,0x07E0,0x07E0,0x07E0,0x07E0,0x07E0,
  0x07E0,0x07E0,0x0000,0x07E0,0x07E0,0x07E0,0x07E0,0x07E0,0x07E0,0x07E0,0x07E0,0x07E0,0x0000,0x0000,0x0000,0x0000,
  0x0000,0x0000,0x0000,0x0000,0x07E0,0x07E0,0x07E0,0x07E0,0x07E0,0x07E0,0x07E0,0x07E0,0x07E0,0x0000,0x0000,0x0000,
  0x0000,0x0000,0x0000,0x0000,0x0000,0x07E0,0x07E0,0x07E0,0x07E0,0x07E0,0x07E0,0x07E0,0x07E0,0x07E0,0x0000,0x0000,
  0x0000,0x0000,0x0000,0x0000,0x0000,0x0000,0x07E0,0x07E0,0x07E0,0x07E0,0x07E0,0x07E0,0x07E0,0x07E0,0x07E0,0x0000,
  0x0000,0x0000,0x0000,0x0000,0x0000,0x0000,0x0000,0x0000,0x0000,0x0000,0x0000,0x0000,0x0000,0x0000,0x07E0,0x07E0,
  0x07E0,0x07E0,0x07E0,0x07E0,0x07E0,0x07E0,0x07E0,0x0000,0x0000,0x0000,0x0000,0x0000,0x0000,0x0000,0x07E0,0x07E0,
  0x07E0,0x07E0,0x07E0,0x07E0,0x07E0,0x07E0,0x0000,0x0000,0x0000,0x0000,0x0000,0x0000,0x0000,0x0000,0x0000,0x0000,
  0x0000,0x0000,0x0000,0x0000,0x0000,0x0000,0x0000,0x0000,0x0000,0x0000,0x0000,0x0000,0x0000,0x0000,0x0000,0x0000,
  0x0000,0x0000,0x0000,0x0000,0x0000,0x0000,0x0000,0x0000,
  0x0000,0x0000,0x0000,0x0000,0x0000,0x0000,0x0000,0x0000,0x0000,0x0000,0x0000,0x0000,0x0000,0x0000,0x0000,0x0000,
  0x0000,0x0000,0x0000,0x0000,0x0000,0x0000,0x0000,0x0000,0x0000,0x0000,0x0000,0x0000,0x0000,0x0000,0x0000,0x0000,
  0x0000,0x0000,0x0000,0x0000,0x0000,0x0000,0x0000,0x07E0,0x07E0,0x07E0,0x07E0,0x07E0,0x07E0,0x07E0,0x07E0,0x07E0,
  0x0000,0x0000,0x0000,0x0000,0x0000,0x0000,0x0000,0x0000,0x07E0,0x07E0,0x07E0,0x07E0,0x07E0,0x07E0,0x07E0,0x07E0,
  0x07E0,0x0000,0x0000,0x0000,0x07E0,0x07E0,0x07E0,0x07E0,0x07E0,0x07E0,0x07E0,0x07E0,0x07E0,0x0000,0x0000,0x0000,
  0x0000,0x0000,0x0000,0x0000,0x0000,0x07E0,0x07E0,0x07E0,0x07E0,0x07E0,0x07E0,0x07E0,0x07E0,0x07E0,0x0000,0x0000,
  0x0000,0x0000,0x0000,0x0000,0x0000,0x0000,0x07E0,0x07E0,0x07E0,0x07E0,0x07E0,0x07E0,0x07E0,0x07E0,0x07E0,0x0000,
  0x0000,0x0000,0x0000,0x0000,0x0000,0x0000,0x0000,0x07E0,0x07E0,0x07E0,0x07E0,0x07E0,0x07E0,0x07E0,0x07E0,0x07E0,
  0x0000,0x0000,0x0000,0x0000,0x0000,0x0000,0x0000,0x0000,0x0000,0x0000,0x0000,0x0000,0x0000,0x07E0,0x07E0,0x07E0,
  0x07E0,0x07E0,0x07E0,0x07E0,0x07E0,0x07E0,0x0000,0x0000,0x0000,0x0000,0x0000,0x0000,0x0000,0x07E0,0x07E0,0x07E0,
  0x07E0,0x07E0,0x07E0,0x07E0,0x07E0,0x07E0,0x07E0,0x0000,0x0000,0x0000,0x0000,0x0000,0x0000,0x0000,0x0000,0x0000,
  0x0000,0x0000,0x0000,0x0000,0x0000,0x0000,0x0000,0x0000,0x0000,0x0000,0x0000,0x0000,0x0000,0x0000,0x0000,0x0000,
  0x0000,0x0000,0x0000,0x0000,0x0000,0x0000,0x0000,0x0000,
  0x0000,0x0000,0x0000,0x0000,0x0000,0x0000,0x0000,0x0000,0x0000,0x0000,0x0000,0x0000,0x0000,0x0000,0x0000,0x0000,
  0x0000,0x0000,0x0000,0x0000,0x0000,0x0000,0x0000,0x0000,0x0000,0x0000,0x0000,0x0000,0x0000,0x0000,0x0000,0x0000,
  0x0000,0x0000,0x0000,0x0000,0x0000,0x0000,0x07E0,0x07E0,0x07E0,0x07E0,0x07E0,0x07E0,0x07E0,0x07E0,0x07E0,0x0000,
  0x0000,0x0000,0x0000,0x0000,0x0000,0x0000,0x0000,0x07E0,0x07E0,0x07E0,0x07E0,0x07E0,0x07E0,0x07E0,0x07E0,0x07E0,
  0x0000,0x0000,0x0000,0x0000,0x0000,0x07E0,0x07E0,0x07E0,0x07E0,0x07E0,0x07E0,0x07E0,0x07E0,0x07E0,0x0000,0x0000,
  0x0000,0x0000,0x0000,0x0000,0x0000,0x0000,0x07E0,0x07E0,0x07E0,0x07E0,0x07E0,0x07E0,0x07E0,0x07E0,0x07E0,0x0000,
  0x0000,0x0000,0x0000,0x0000,0x0000,0x0000,0x0000,0x07E0,0x07E0,0x07E0,0x07E0,0x07E0,0x07E0,0x07E0,0x07E0,0x07E0,
  0x0000,0x0000,0x0000,0x0000,0x0000,0x0000,0x0000,0x0000,0x07E0,0x07E0,0x07E0,0x07E0,0x07E0,0x07E0,0x07E0,0x07E0,
  0x07E0,0x0000,0x0000,0x0000,0x0000,0x0000,0x0000,0x0000,0x0000,0x0000,0x0000,0x0000,0x07E0,0x07E0,0x07E0,0x07E0,
  0x07E0,0x07E0,0x07E0,0x07E0,0x07E0,0x0000,0x0000,0x0000,0x0000,0x0000,0x0000,0x0000,0x07E0,0x07E0,0x07E0,0x07E0,
  0x07E0,0x07E0,0x07E0,0x07E0,0x07E0,0x07E0,0x0000,0x0000,0x0000,0x0000,0x0000,0x0000,0x0000,0x0000,0x0000,0x0000,
  0x0000,0x0000,0x0000,0x0000,0x0000,0x0000,0x0000,0x0000,0x0000,0x0000,0x0000,0x0000,0x0000,0x0000,0x0000,0x0000,
  0x0000,0x0000,0x0000,0x0000,0x0000,0x0000,0x0000,0x0000,
  0x0000,0x0000,0x0000,0x0000,0x0000,0x0000,0x0000,0x0000,0x0000,0x0000,0x0000,0x0000,0x0000,0x0000,0x0000,0x0000,
  0x0000,0x0000,0x0000,0x0000,0x0000,0x0000,0x0000,0x0000,0x0000,0x0000,0x0000,0x0000,0x0000,0x0000,0x0000,0x0000,
  0x0000,0x0000,0x0000,0x0000,0x0000,0x07E0,0x07E0,0x07E0,0x07E0,0x07E0,0x07E0,0x07E0,0x07E0,0x07E0,0x0000,0x0000,
  0x0000,0x0000,0x0000,0x0000,0x0000,0x0000,0x07E0,0x07E0,0x07E0,0x07E0,0x07E0,0x07E0,0x07E0,0x07E0,0x07E0,0x0000,
  0x0000,0x0000,0x0000,0x0000,0x0000,0x0000,0x07E0,0x07E0,0x07E0,0x07E0,0x07E0,0x07E0,0x07E0,0x07E0,0x07E0,0x0000,
  0x0000,0x0000,0x0000,0x0000,0x0000,0x0000,0x0000,0x07E0,0x07E0,0x07E0,0x07E0,0x07E0,0x07E0,0x07E0,0x07E0,0x07E0,
  0x0000,0x0000,0x0000,0x0000,0x0000,0x0000,0x0000,0x0000,0x07E0,0x07E0,0x07E0,0x07E0,0x07E0,0x07E0,0x07E0,0x07E0,
  0x07E0,0x0000,0x0000,0x0000,0x0000,0x0000,0x0000,0x0000,0x0000,0x07E0,0x07E0,0x07E0,0x07E0,0x07E0,0x07E0,0x07E0,
  0x07E0,0x07E0,0x0000,0x0000,0x0000,0x0000,0x0000,0x0000,0x0000,0x0000,0x0000,0x07E0,0x07E0,0x07E0,0x07E0,0x07E0,
  0x07E0,0x07E0,0x07E0,0x07E0,0x0000,0x0000,0x0000,0x0000,0x0000,0x0000,0x0000,0x07E0,0x07E0,0x07E0,0x07E0,0x07E0,
  0x07E0,0x07E0,0x07E0,0x07E0,0x07E0,0x0000,0x0000,0x0000,0x0000,0x0000,0x0000,0x0000,0x0000,0x0000,0x0000,0x0000,
  0x0000,0x0000,0x0000,0x0000,0x0000,0x0000,0x0000,0x0000,0x0000,0x0000,0x0000,0x0000,0x0000,0x0000,0x0000,0x0000,
  0x0000,0x0000,0x0000,0x0000,0x0000,0x0000,0x0000,0x0000,
  0x0000,0x0000,0x0000,0x0000,0x0000,0x0000,0x0000,0x0000,0x0000,0x0000,0x0000,0x0000,0x0000,0x0000,0x0000,0x0000,
  0x0000,0x0000,0x0000,0x0000,0x0000,0x0000,0x0000,0x0000,0x0000,0x0000,0x0000,0x0000,0x0000,0x0000,0x0000,0x0000,
  0x0000,0x0000,0x0000,0x0000,0x07E0,0x07E0,0x07E0,0x07E0,0x07E0,0x07E0,0x07E0,0x07E0,0x07E0,0x0000,0x0000,0x0000,
  0x0000,0x0000,0x0000,0x0000,0x0000,0x07E0,0x07E0,0x07E0,0x07E0,0x07E0,0x07E0,0x07E0,0x07E0,0x07E0,0x0000,0x0000,
  0x0000,0x0000,0x0000,0x0000,0x0000,0x0000,0x0000,0x07E0,0x07E0,0x07E0,0x07E0,0x07E0,0x07E0,0x07E0,0x07E0,0x07E0,
  0x0000,0x0000,0x0000,0x0000,0x0000,0x0000,0x0000,0x0000,0x07E0,0x07E0,0x07E0,0x07E0,0x07E0,0x07E0,0x07E0,0x07E0,
  0x07E0,0x0000,0x0000,0x0000,0x0000,0x0000,0x0000,0x0000,0x0000,0x07E0,0x07E0,0x07E0,0x07E0,0x07E0,0x07E0,0x07E0,
  0x07E0,0x07E0,0x0000,0x0000,0x0000,0x0000,0x0000,0x0000,0x0000,0x0000,0x07E0,0x07E0,0x07E0,0x07E0,0x07E0,0x07E0,
  0x07E0,0x07E0,0x07E0,0x0000,0x0000,0x0000,0x0000,0x0000,0x0000,0x0000,0x07E0,0x07E0,0x07E0,0x07E0,0x07E0,0x07E0,
  0x07E0,0x07E0,0x07E0,0x0000,0x0000,0x0000,0x0000,0x0000,0x0000,0x0000,0x07E0,0x07E0,0x07E0,0x07E0,0x07E0,0x07E0,
  0x07E0,0x07E0,0x07E0,0x07E0,0x0000,0x0000,0x0000,0x0000,0x0000,0x0000,0x0000,0x0000,0x0000,0x0000,0x0000,0x0000,
  0x0000,0x0000,0x0000,0x0000,0x0000,0x0000,0x0000,0x0000,0x0000,0x0000,0x0000,0x0000,0x0000,0x0000,0x0000,0x0000,
  0x0000,0x0000,0x0000,0x0000,0x0000,0x0000,0x0000,0x0000,
  0x0000,0x0000,0x0000,0x0000,0x0000,0x0000,0x0000,0x0000,0x0000,0x0000,0x0000,0x0000,0x0000,0x0000,0x0000,0x0000,
  0x0000,0x0000,0x0000,0x0000,0x0000,0x0000,0x0000,0x0000,0x0000,0x0000,0x0000,0x0000,0x0000,0x0000,0x0000,0x0000,
  0x0000,0x0000,0x0000,0x07E0,0x07E0,0x07E0,0x07E0,0x07E0,0x07E0,0x07E0,0x07E0,0x07E0,0x0000,0x0000,0x0000,0x0000,
  0x0000,0x0000,0x0000,0x0000,0x07E0,0x07E0,0x07E0,0x07E0,0x07E0,0x07E0,0x07E0,0x07E0,0x07E0,0x0000,0x0000,0x0000,
  0x0000,0x0000,0x0000,0x0000,0x0000,0x0000,0x0000,0x0000,0x07E0,0x07E0,0x07E0,0x07E0,0x07E0,0x07E0,0x07E0,0x07E0,
  0x07E0,0x0000,0x0000,0x0000,0x0000,0x0000,0x0000,0x0000,0x0000,0x07E0,0x07E0,0x07E0,0x07E0,0x07E0,0x07E0,0x07E0,
  0x07E0,0x07E0,0x0000,0x0000,0x0000,0x0000,0x0000,0x0000,0x0000,0x0000,0x07E0,0x07E0,0x07E0,0x07E0,0x07E0,0x07E0,
  0x07E0,0x07E0,0x07E0,0x0000,0x0000,0x0000,0x0000,0x0000,0x0000,0x0000,0x0000,0x07E0,0x07E0,0x07E0,0x07E0,0x07E0,
  0x07E0,0x07E0,0x07E0,0x07E0,0x0000,0x0000,0x0000,0x0000,0x0000,0x07E0,0x07E0,0x07E0,0x07E0,0x07E0,0x07E0,0x07E0,
  0x07E0,0x07E0,0x0000,0x0000,0x0000,0x0000,0x0000,0x0000,0x0000,0x07E0,0x07E0,0x07E0,0x07E0,0x07E0,0x07E0,0x07E0,
  0x07E0,0x07E0,0x07E0,0x0000,0x0000,0x0000,0x0000,0x0000,0x0000,0x0000,0x0000,0x0000,0x0000,0x0000,0x0000,0x0000,
  0x0000,0x0000,0x0000,0x0000,0x0000,0x0000,0x0000,0x0000,0x0000,0x0000,0x0000,0x0000,0x0000,0x0000,0x0000,0x0000,
  0x0000,0x0000,0x0000,0x0000,0x0000,0x0000,0x0000,0x0000,
  0x0000,0x0000,0x0000,0x0000,0x0000,0x0000,0x0000,0x0000,0x0000,0x0000,0x0000,0x0000,0x0000,0x0000,0x0000,0x0000,
  0x0000,0x0000,0x0000,0x0000,0x0000,0x0000,0x0000,0x0000,0x0000,0x0000,0x0000,0x0000,0x0000,0x0000,0x0000,0x0000,
  0x0000,0x0000,0x07E0,0x07E0,0x07E0,0x07E0,0x07E0,0x07E0,0x07E0,0x07E0,0x07E0,0x0000,0x0000,0x0000,0x0000,0x0000,
  0x0000,0x0000,0x0000,0x07E0,0x07E0,0x07E0,0x07E0,0x07E0,0x07E0,0x07E0,0x07E0,0x07E0,0x0000,0x0000,0x0000,0x0000,
  0x0000,0x0000,0x0000,0x0000,0x0000,0x0000,0x0000,0x0000,0x0000,0x07E0,0x07E0,0x07E0,0x07E0,0x07E0,0x07E0,0x07E0,
  0x07E0,0x07E0,0x0000,0x0000,0x0000,0x0000,0x0000,0x0000,0x0000,0x0000,0x07E0,0x07E0,0x07E0,0x07E0,0x07E0,0x07E0,
  0x07E0,0x07E0,0x07E0,0x0000,0x0000,0x0000,0x0000,0x0000,0x0000,0x0000,0x0000,0x07E0,0x07E0,0x07E0,0x07E0,0x07E0,
  0x07E0,0x07E0,0x07E0,0x07E0,0x0000,0x0000,0x0000,0x0000,0x0000,0x0000,0x0000,0x0000,0x07E0,0x07E0,0x07E0,0x07E0,
  0x07E0,0x07E0,0x07E0,0x07E0,0x07E0,0x0000,0x0000,0x0000,0x07E0,0x07E0,0x07E0,0x07E0,0x07E0,0x07E0,0x07E0,0x07E0,
  0x07E0,0x0000,0x0000,0x0000,0x0000,0x0000,0x0000,0x0000,0x07E0,0x07E0,0x07E0,0x07E0,0x07E0,0x07E0,0x07E0,0x07E0,
  0x07E0,0x07E0,0x0000,0x0000,0x0000,0x0000,0x0000,0x0000,0x0000,0x0000,0x0000,0x0000,0x0000,0x0000,0x0000,0x0000,
  0x0000,0x0000,0x0000,0x0000,0x0000,0x0000,0x0000,0x0000,0x0000,0x0000,0x0000,0x0000,0x0000,0x0000,0x0000,0x0000,
  0x0000,0x0000,0x0000,0x0000,0x0000,0x0000,0x0000,0x0000,
  0x0000,0x0000,0x0000,0x0000,0x0000,0x0000,0x0000,0x0000,0x0000,0x0000,0x0000,0x0000,0x0000,0x0000,0x0000,0x0000,
  0x0000,0x0000,0x0000,0x0000,0x0000,0x0000,0x0000,0x0000,0x0000,0x0000,0x0000,0x0000,0x0000,0x0000,0x0000,0x0000,
  0x0000,0x07E0,0x07E0,0x07E0,0x07E0,0x07E0,0x07E0,0x07E0,0x07E0,0x07E0,0x0000,0x0000,0x0000,0x0000,0x0000,0x0000,
  0x0000,0x0000,0x07E0,0x07E0,0x07E0,0x07E0,0x07E0,0x07E0,0x07E0,0x07E0,0x07E0,0x0000,0x0000,0x0000,0x0000,0x0000,
  0x0000,0x0000,0x0000,0x0000,0x0000,0x0000,0x0000,0x0000,0x0000,0x0000,0x07E0,0x07E0,0x07E0,0x07E0,0x07E0,0x07E0,
  0x07E0,0x07E0,0x07E0,0x0000,0x0000,0x0000,0x0000,0x0000,0x0000,0x0000,0x0000,0x07E0,0x07E0,0x07E0,0x07E0,0x07E0,
  0x07E0,0x07E0,0x07E0,0x07E0,0x0000,0x0000,0x0000,0x0000,0x0000,0x0000,0x0000,0x0000,0x07E0,0x07E0,0x07E0,0x07E0,
  0x07E0,0x07E0,0x07E0,0x07E0,0x07E0,0x0000,0x0000,0x0000,0x0000,0x0000,0x0000,0x0000,0x0000,0x07E0,0x07E0,0x07E0,
  0x07E0,0x07E0,0x07E0,0x07E0,0x07E0,0x07E0,0x0000,0x07E0,0x07E0,0x07E0,0x07E0,0x07E0,0x07E0,0x07E0,0x07E0,0x07E0,
  0x0000,0x0000,0x0000,0x0000,0x0000,0x0000,0x0000,0x07E0,0x07E0,0x07E0,0x07E0,0x07E0,0x07E0,0x07E0,0x07E0,0x07E0,
  0x07E0,0x0000,0x0000,0x0000,0x0000,0x0000,0x0000,0x0000,0x0000,0x0000,0x0000,0x0000,0x0000,0x0000,0x0000,0x0000,
  0x0000,0x0000,0x0000,0x0000,0x0000,0x0000,0x0000,0x0000,0x0000,0x0000,0x0000,0x0000,0x0000,0x0000,0x0000,0x0000,
  0x0000,0x0000,0x0000,0x0000,0x0000,0x0000,0x0000,0x0000,
  0x0000,0x0000,0x0000,0x0000,0x0000,0x0000,0x0000,0x0000,0x0000,0x0000,0x0000,0x0000,0x0000,0x0000,0x0000,0x0000,
  0x0000,0x0000,0x0000,0x0000,0x0000,0x0000,0x0000,0x0000,0x0000,0x0000,0x0000,0x0000,0x0000,0x0000,0x0000,0x0000,
  0x07E0,0x07E0,0x07E0,0x07E0,0x07E0,0x07E0,0x07E0,0x07E0,0x07E0,0x0000,0x0000,0x0000,0x0000,0x0000,0x0000,0x0000,
  0x0000,0x07E0,0x07E0,0x07E0,0x07E0,0x07E0,0x07E0,0x07E0,0x07E0,0x07E0,0x0000,0x0000,0x0000,0x0000,0x0000,0x0000,
  0x0000,0x0000,0x07E0,0x0000,0x0000,0x0000,0x0000,0x0000,0x0000,0x0000,0x0000,0x07E0,0x07E0,0x07E0,0x07E0,0x07E0,
  0x07E0,0x07E0,0x07E0,0x07E0,0x0000,0x0000,0x0000,0x0000,0x0000,0x0000,0x0000,0x0000,0x07E0,0x07E0,0x07E0,0x07E0,
  0x07E0,0x07E0,0x07E0,0x07E0,0x07E0,0x0000,0x0000,0x0000,0x0000,0x0000,0x0000,0x0000,0x0000,0x07E0,0x07E0,0x07E0,
  0x07E0,0x07E0,0x07E0,0x07E0,0x07E0,0x07E0,0x0000,0x0000,0x0000,0x0000,0x0000,0x0000,0x0000,0x0000,0x07E0,0x07E0,
  0x07E0,0x07E0,0x07E0,0x07E0,0x07E0,0x07E0,0x07E0,0x07E0,0x07E0,0x07E0,0x07E0,0x07E0,0x07E0,0x07E0,0x07E0,0x0000,
  0x0000,0x0000,0x0000,0x0000,0x0000,0x0000,0x07E0,0x07E0,0x07E0,0x07E0,0x07E0,0x07E0,0x07E0,0x07E0,0x07E0,0x07E0,
  0x0000,0x0000,0x0000,0x0000,0x0000,0x0000,0x0000,0x07E0,0x0000,0x0000,0x0000,0x0000,0x0000,0x0000,0x0000,0x0000,
  0x0000,0x0000,0x0000,0x0000,0x0000,0x0000,0x0000,0x0000,0x0000,0x0000,0x0000,0x0000,0x0000,0x0000,0x0000,0x0000,
  0x0000,0x0000,0x0000,0x0000,0x0000,0x0000,0x0000,0x0000,
  0x0000,0x0000,0x0000,0x0000,0x0000,0x0000,0x0000,0x0000,0x0000,0x0000,0x0000,0x0000,0x0000,0x0000,0x0000,0x0000,
  0x0000,0x0000,0x0000,0x0000,0x0000,0x0000,0x0000,0x0000,0x0000,0x0000,0x0000,0x0000,0x0000,0x0000,0x0000,0x0000,
  0x07E0,0x07E0,0x07E0,0x07E0,0x07E0,0x07E0,0x07E0,0x07E0,0x0000,0x0000,0x0000,0x0000,0x0000,0x0000,0x0000,0x0000,
  0x07E0,0x07E0,0x07E0,0x07E0,0x07E0,0x07E0,0x07E0,0x07E0,0x07E0,0x0000,0x0000,0x0000,0x0000,0x0000,0x0000,0x0000,
  0x0000,0x07E0,0x07E0,0x07E0,0x0000,0x0000,0x0000,0x0000,0x0000,0x0000,0x0000,0x0000,0x07E0,0x07E0,0x07E0,0x07E0,
  0x07E0,0x07E0,0x07E0,0x07E0,0x07E0,0x0000,0x0000,0x0000,0x0000,0x0000,0x0000,0x0000,0x0000,0x07E0,0x07E0,0x07E0,
  0x07E0,0x07E0,0x07E0,0x07E0,0x07E0,0x07E0,0x0000,0x0000,0x0000,0x0000,0x0000,0x0000,0x0000,0x0000,0x07E0,0x07E0,
  0x07E0,0x07E0,0x07E0,0x07E0,0x07E0,0x07E0,0x07E0,0x0000,0x0000,0x0000,0x0000,0x0000,0x0000,0x0000,0x0000,0x07E0,
  0x07E0,0x07E0,0x07E0,0x07E0,0x07E0,0x07E0,0x07E0,0x07E0,0x07E0,0x07E0,0x07E0,0x07E0,0x07E0,0x07E0,0x0000,0x0000,
  0x0000,0x0000,0x0000,0x0000,0x0000,0x07E0,0x07E0,0x07E0,0x07E0,0x07E0,0x07E0,0x07E0,0x07E0,0x07E0,0x07E0,0x0000,
  0x0000,0x0000,0x0000,0x0000,0x0000,0x0000,0x0000,0x07E0,0x07E0,0x0000,0x0000,0x0000,0x0000,0x0000,0x0000,0x0000,
  0x0000,0x0000,0x0000,0x0000,0x0000,0x0000,0x0000,0x0000,0x0000,0x0000,0x0000,0x0000,0x0000,0x0000,0x0000,0x0000,
  0x0000,0x0000,0x0000,0x0000,0x0000,0x0000,0x0000,0x0000,
  0x0000,0x0000,0x0000,0x0000,0x0000,0x0000,0x0000,0x0000,0x0000,0x0000,0x0000,0x0000,0x0000,0x0000,0x0000,0x0000,
  0x0000,0x0000,0x0000,0x0000,0x0000,0x0000,0x0000,0x0000,0x0000,0x0000,0x0000,0x0000,0x0000,0x0000,0x0000,0x0000,
  0x07E0,0x07E0,0x07E0,0x07E0,0x07E0,0x07E0,0x07E0,0x0000,0x0000,0x0000,0x0000,0x0000,0x0000,0x0000,0x0000,0x07E0,
  0x07E0,0x07E0,0x07E0,0x07E0,0x07E0,0x07E0,0x07E0,0x07E0,0x0000,0x0000,0x0000,0x0000,0x0000,0x0000,0x0000,0x0000,
  0x07E0,0x07E0,0x07E0,0x07E0,0x07E0,0x0000,0x0000,0x0000,0x0000,0x0000,0x0000,0x0000,0x0000,0x07E0,0x07E0,0x07E0,
  0x07E0,0x07E0,0x07E0,0x07E0,0x07E0,0x07E0,0x0000,0x0000,0x0000,0x0000,0x0000,0x0000,0x0000,0x0000,0x07E0,0x07E0,
  0x07E0,0x07E0,0x07E0,0x07E0,0x07E0,0x07E0,0x07E0,0x0000,0x0000,0x0000,0x0000,0x0000,0x0000,0x0000,0x0000,0x07E0,
  0x07E0,0x07E0,0x07E0,0x07E0,0x07E0,0x07E0,0x07E0,0x07E0,0x0000,0x0000,0x0000,0x0000,0x0000,0x0000,0x0000,0x0000,
  0x07E0,0x07E0,0x07E0,0x07E0,0x07E0,0x07E0,0x07E0,0x07E0,0x07E0,0x07E0,0x07E0,0x07E0,0x07E0,0x0000,0x0000,0x0000,
  0x0000,0x0000,0x0000,0x0000,0x07E0,0x07E0,0x07E0,0x07E0,0x07E0,0x07E0,0x07E0,0x07E0,0x07E0,0x07E0,0x0000,0x0000,
  0x0000,0x0000,0x0000,0x0000,0x0000,0x07E0,0x07E0,0x07E0,0x07E0,0x0000,0x0000,0x0000,0x0000,0x0000,0x0000,0x0000,
  0x0000,0x0000,0x0000,0x0000,0x0000,0x0000,0x0000,0x0000,0x0000,0x0000,0x0000,0x0000,0x0000,0x0000,0x0000,0x0000,
  0x0000,0x0000,0x0000,0x0000,0x0000,0x0000,0x0000,0x0000,
  0x0000,0x0000,0x0000,0x0000,0x0000,0x0000,0x0000,0x0000,0x0000,0x0000,0x0000,0x0000,0x0000,0x0000,0x0000,0x0000,
  0x0000,0x0000,0x0000,0x0000,0x0000,0x0000,0x0000,0x0000,0x0000,0x0000,0x0000,0x0000,0x0000,0x0000,0x0000,0x0000,
  0x07E0,0x07E0,0x07E0,0x07E0,0x07E0,0x07E0,0x0000,0x0000,0x0000,0x0000,0x0000,0x0000,0x0000,0x0000,0x07E0,0x07E0,
  0x07E0,0x07E0,0x07E0,0x07E0,0x07E0,0x07E0,0x07E0,0x0000,0x0000,0x0000,0x0000,0x0000,0x0000,0x0000,0x0000,0x07E0,
  0x07E0,0x07E0,0x07E0,0x07E0,0x07E0,0x07E0,0x0000,0x0000,0x0000,0x0000,0x0000,0x0000,0x0000,0x0000,0x07E0,0x07E0,
  0x07E0,0x07E0,0x07E0,0x07E0,0x07E0,0x07E0,0x07E0,0x0000,0x0000,0x0000,0x0000,0x0000,0x0000,0x0000,0x0000,0x07E0,
  0x07E0,0x07E0,0x07E0,0x07E0,0x07E0,0x07E0,0x07E0,0x07E0,0x0000,0x0000,0x0000,0x0000,0x0000,0x0000,0x0000,0x0000,
  0x07E0,0x07E0,0x07E0,0x07E0,0x07E0,0x07E0,0x07E0,0x07E0,0x07E0,0x0000,0x0000,0x0000,0x0000,0x0000,0x0000,0x0000,
  0x0000,0x07E0,0x07E0,0x07E0,0x07E0,0x07E0,0x07E0,0x07E0,0x07E0,0x07E0,0x07E0,0x07E0,0x0000,0x0000,0x0000,0x0000,
  0x0000,0x0000,0x0000,0x07E0,0x07E0,0x07E0,0x07E0,0x07E0,0x07E0,0x07E0,0x07E0,0x07E0,0x07E0,0x0000,0x0000,0x0000,
  0x0000,0x0000,0x0000,0x0000,0x07E0,0x07E0,0x07E0,0x07E0,0x07E0,0x0000,0x0000,0x0000,0x0000,0x0000,0x0000,0x0000,
  0x0000,0x0000,0x0000,0x0000,0x0000,0x0000,0x0000,0x0000,0x0000,0x0000,0x0000,0x0000,0x0000,0x0000,0x0000,0x0000,
  0x0000,0x0000,0x0000,0x0000,0x0000,0x0000,0x0000,0x0000,
  0x07E0,0x07E0,0x0000,0x0000,0x0000,0x0000,0x0000,0x0000,0x0000,0x0000,0x0000,0x0000,0x0000,0x0000,0x0000,0x0000,
  0x0000,0x0000,0x0000,0x0000,0x0000,0x0000,0x0000,0x0000,0x0000,0x0000,0x0000,0x0000,0x0000,0x0000,0x0000,0x07E0,
  0x07E0,0x07E0,0x07E0,0x07E0,0x07E0,0x0000,0x0000,0x0000,0x0000,0x0000,0x0000,0x0000,0x0000,0x07E0,0x07E0,0x07E0,
  0x07E0,0x07E0,0x07E0,0x07E0,0x07E0,0x07E0,0x0000,0x0000,0x0000,0x0000,0x0000,0x0000,0x0000,0x0000,0x07E0,0x07E0,
  0x07E0,0x07E0,0x07E0,0x07E0,0x07E0,0x07E0,0x07E0,0x0000,0x0000,0x0000,0x0000,0x0000,0x0000,0x0000,0x0000,0x07E0,
  0x07E0,0x07E0,0x07E0,0x07E0,0x07E0,0x07E0,0x07E0,0x07E0,0x0000,0x0000,0x0000,0x0000,0x0000,0x0000,0x0000,0x0000,
  0x07E0,0x07E0,0x07E0,0x07E0,0x07E0,0x07E0,0x07E0,0x07E0,0x07E0,0x0000,0x0000,0x0000,0x0000,0x0000,0x0000,0x0000,
  0x0000,0x07E0,0x07E0,0x07E0,0x07E0,0x07E0,0x07E0,0x07E0,0x07E0,0x07E0,0x0000,0x0000,0x0000,0x0000,0x0000,0x0000,
  0x0000,0x0000,0x07E0,0x07E0,0x07E0,0x07E0,0x07E0,0x07E0,0x07E0,0x07E0,0x07E0,0x0000,0x0000,0x0000,0x0000,0x0000,
  0x0000,0x0000,0x07E0,0x07E0,0x07E0,0x07E0,0x07E0,0x07E0,0x07E0,0x07E0,0x07E0,0x07E0,0x0000,0x0000,0x0000,0x0000,
  0x0000,0x0000,0x0000,0x07E0,0x07E0,0x07E0,0x07E0,0x07E0,0x07E0,0x0000,0x0000,0x0000,0x0000,0x0000,0x0000,0x0000,
  0x0000,0x0000,0x0000,0x0000,0x07E0,0x0000,0x0000,0x0000,0x0000,0x0000,0x0000,0x0000,0x0000,0x0000,0x0000,0x0000,
  0x0000,0x0000,0x0000,0x0000,0x0000,0x0000,0x0000,0x0000,
  0x07E0,0x07E0,0x07E0,0x07E0,0x0000,0x0000,0x0000,0x0000,0x0000,0x0000,0x0000,0x0000,0x0000,0x0000,0x0000,0x0000,
  0x0000,0x0000,0x0000,0x0000,0x0000,0x0000,0x0000,0x0000,0x0000,0x0000,0x0000,0x0000,0x0000,0x0000,0x0000,0x07E0,
  0x07E0,0x07E0,0x07E0,0x07E0,0x0000,0x0000,0x0000,0x0000,0x0000,0x0000,0x0000,0x0000,0x07E0,0x07E0,0x07E0,0x07E0,
  0x07E0,0x07E0,0x07E0,0x07E0,0x07E0,0x0000,0x0000,0x0000,0x0000,0x0000,0x0000,0x0000,0x0000,0x07E0,0x07E0,0x07E0,
  0x07E0,0x07E0,0x07E0,0x07E0,0x07E0,0x07E0,0x07E0,0x07E0,0x0000,0x0000,0x0000,0x0000,0x0000,0x0000,0x0000,0x0000,
  0x07E0,0x07E0,0x07E0,0x07E0,0x07E0,0x07E0,0x07E0,0x07E0,0x07E0,0x0000,0x0000,0x0000,0x0000,0x0000,0x0000,0x0000,
  0x0000,0x07E0,0x07E0,0x07E0,0x07E0,0x07E0,0x07E0,0x07E0,0x07E0,0x07E0,0x0000,0x0000,0x0000,0x0000,0x0000,0x0000,
  0x0000,0x0000,0x07E0,0x07E0,0x07E0,0x07E0,0x07E0,0x07E0,0x07E0,0x07E0,0x07E0,0x0000,0x0000,0x0000,0x0000,0x0000,
  0x0000,0x0000,0x0000,0x07E0,0x07E0,0x07E0,0x07E0,0x07E0,0x07E0,0x07E0,0x0000,0x0000,0x0000,0x0000,0x0000,0x0000,
  0x0000,0x07E0,0x07E0,0x07E0,0x07E0,0x07E0,0x07E0,0x07E0,0x07E0,0x07E0,0x07E0,0x0000,0x0000,0x0000,0x0000,0x0000,
  0x0000,0x0000,0x07E0,0x07E0,0x07E0,0x07E0,0x07E0,0x07E0,0x07E0,0x0000,0x0000,0x0000,0x0000,0x0000,0x0000,0x0000,
  0x0000,0x0000,0x0000,0x0000,0x07E0,0x07E0,0x0000,0x0000,0x0000,0x0000,0x0000,0x0000,0x0000,0x0000,0x0000,0x0000,
  0x0000,0x0000,0x0000,0x0000,0x0000,0x0000,0x07E0,0x07E0,
  0x07E0,0x07E0,0x07E0,0x07E0,0x07E0,0x07E0,0x07E0,0x0000,0x0000,0x0000,0x0000,0x0000,0x0000,0x0000,0x0000,0x0000,
  0x0000,0x0000,0x0000,0x0000,0x0000,0x0000,0x0000,0x0000,0x0000,0x0000,0x0000,0x0000,0x0000,0x0000,0x0000,0x07E0,
  0x07E0,0x07E0,0x07E0,0x0000,0x0000,0x0000,0x0000,0x0000,0x0000,0x0000,0x0000,0x07E0,0x07E0,0x07E0,0x07E0,0x07E0,
  0x07E0,0x07E0,0x07E0,0x07E0,0x0000,0x0000,0x0000,0x0000,0x0000,0x0000,0x0000,0x0000,0x07E0,0x07E0,0x07E0,0x07E0,
  0x07E0,0x07E0,0x07E0,0x07E0,0x07E0,0x07E0,0x07E0,0x07E0,0x07E0,0x0000,0x0000,0x0000,0x0000,0x0000,0x0000,0x0000,
  0x0000,0x07E0,0x07E0,0x07E0,0x07E0,0x07E0,0x07E0,0x07E0,0x07E0,0x07E0,0x0000,0x0000,0x0000,0x0000,0x0000,0x0000,
  0x0000,0x0000,0x07E0,0x07E0,0x07E0,0x07E0,0x07E0,0x07E0,0x07E0,0x07E0,0x07E0,0x0000,0x0000,0x0000,0x0000,0x0000,
  0x0000,0x0000,0x0000,0x07E0,0x07E0,0x07E0,0x07E0,0x07E0,0x07E0,0x07E0,0x07E0,0x07E0,0x0000,0x0000,0x0000,0x0000,
  0x0000,0x0000,0x0000,0x0000,0x07E0,0x07E0,0x07E0,0x07E0,0x07E0,0x0000,0x0000,0x0000,0x0000,0x0000,0x0000,0x0000,
  0x07E0,0x07E0,0x07E0,0x07E0,0x07E0,0x07E0,0x07E0,0x07E0,0x07E0,0x07E0,0x0000,0x0000,0x0000,0x0000,0x0000,0x0000,
  0x0000,0x07E0,0x07E0,0x07E0,0x07E0,0x07E0,0x07E0,0x07E0,0x07E0,0x0000,0x0000,0x0000,0x0000,0x0000,0x0000,0x0000,
  0x0000,0x0000,0x0000,0x0000,0x07E0,0x07E0,0x07E0,0x07E0,0x0000,0x0000,0x0000,0x0000,0x0000,0x0000,0x0000,0x0000,
  0x0000,0x0000,0x0000,0x0000,0x07E0,0x07E0,0x07E0,0x07E0,
  0x07E0,0x07E0,0x07E0,0x07E0,0x07E0,0x07E0,0x07E0,0x07E0,0x07E0,0x0000,0x0000,0x0000,0x0000,0x0000,0x0000,0x0000,
  0x0000,0x0000,0x0000,0x0000,0x0000,0x0000,0x0000,0x0000,0x0000,0x0000,0x0000,0x0000,0x0000,0x0000,0x0000,0x07E0,
  0x07E0,0x07E0,0x0000,0x0000,0x0000,0x0000,0x0000,0x0000,0x0000,0x0000,0x07E0,0x07E0,0x07E0,0x07E0,0x07E0,0x07E0,
  0x07E0,0x07E0,0x07E0,0x0000,0x0000,0x0000,0x0000,0x0000,0x0000,0x0000,0x0000,0x07E0,0x07E0,0x07E0,0x07E0,0x07E0,
  0x07E0,0x07E0,0x07E0,0x07E0,0x07E0,0x07E0,0x07E0,0x07E0,0x07E0,0x07E0,0x0000,0x0000,0x0000,0x0000,0x0000,0x0000,
  0x0000,0x0000,0x07E0,0x07E0,0x07E0,0x07E0,0x07E0,0x07E0,0x07E0,0x07E0,0x07E0,0x0000,0x0000,0x0000,0x0000,0x0000,
  0x0000,0x0000,0x0000,0x07E0,0x07E0,0x07E0,0x07E0,0x07E0,0x07E0,0x07E0,0x07E0,0x07E0,0x0000,0x0000,0x0000,0x0000,
  0x0000,0x0000,0x0000,0x0000,0x07E0,0x07E0,0x07E0,0x07E0,0x07E0,0x07E0,0x07E0,0x07E0,0x07E0,0x0000,0x0000,0x0000,
  0x0000,0x0000,0x0000,0x0000,0x0000,0x07E0,0x07E0,0x07E0,0x0000,0x0000,0x0000,0x0000,0x0000,0x0000,0x0000,0x07E0,
  0x07E0,0x07E0,0x07E0,0x07E0,0x07E0,0x07E0,0x07E0,0x07E0,0x07E0,0x0000,0x0000,0x0000,0x0000,0x0000,0x0000,0x0000,
  0x07E0,0x07E0,0x07E0,0x07E0,0x07E0,0x07E0,0x07E0,0x07E0,0x07E0,0x0000,0x0000,0x0000,0x0000,0x0000,0x0000,0x0000,
  0x0000,0x0000,0x0000,0x0000,0x07E0,0x07E0,0x07E0,0x07E0,0x07E0,0x0000,0x0000,0x0000,0x0000,0x0000,0x0000,0x0000,
  0x0000,0x0000,0x0000,0x07E0,0x07E0,0x07E0,0x07E0,0x07E0,
  0x07E0,0x07E0,0x07E0,0x07E0,0x07E0,0x07E0,0x07E0,0x07E0,0x07E0,0x07E0,0x07E0,0x07E0,0x0000,0x0000,0x0000,0x0000,
  0x0000,0x0000,0x0000,0x0000,0x0000,0x0000,0x0000,0x0000,0x0000,0x0000,0x0000,0x0000,0x0000,0x0000,0x0000,0x07E0,
  0x07E0,0x0000,0x0000,0x0000,0x0000,0x0000,0x0000,0x0000,0x0000,0x07E0,0x07E0,0x07E0,0x07E0,0x07E0,0x07E0,0x07E0,
  0x07E0,0x07E0,0x0000,0x0000,0x0000,0x0000,0x0000,0x0000,0x0000,0x0000,0x07E0,0x07E0,0x07E0,0x07E0,0x07E0,0x07E0,
  0x07E0,0x07E0,0x07E0,0x07E0,0x07E0,0x07E0,0x07E0,0x07E0,0x07E0,0x07E0,0x07E0,0x0000,0x0000,0x0000,0x0000,0x0000,
  0x0000,0x0000,0x0000,0x07E0,0x07E0,0x07E0,0x07E0,0x07E0,0x07E0,0x07E0,0x07E0,0x07E0,0x0000,0x0000,0x0000,0x0000,
  0x0000,0x0000,0x0000,0x0000,0x07E0,0x07E0,0x07E0,0x07E0,0x07E0,0x07E0,0x07E0,0x07E0,0x07E0,0x0000,0x0000,0x0000,
  0x0000,0x0000,0x0000,0x0000,0x0000,0x07E0,0x07E0,0x07E0,0x07E0,0x07E0,0x07E0,0x07E0,0x07E0,0x07E0,0x0000,0x0000,
  0x0000,0x0000,0x0000,0x0000,0x0000,0x07E0,0x07E0,0x0000,0x0000,0x0000,0x0000,0x0000,0x0000,0x0000,0x07E0,0x07E0,
  0x07E0,0x07E0,0x07E0,0x07E0,0x07E0,0x07E0,0x07E0,0x07E0,0x0000,0x0000,0x0000,0x0000,0x0000,0x0000,0x0000,0x0000,
  0x07E0,0x07E0,0x07E0,0x07E0,0x07E0,0x07E0,0x07E0,0x07E0,0x07E0,0x0000,0x0000,0x0000,0x0000,0x0000,0x0000,0x0000,
  0x0000,0x0000,0x0000,0x0000,0x07E0,0x07E0,0x07E0,0x07E0,0x07E0,0x07E0,0x07E0,0x0000,0x0000,0x0000,0x0000,0x0000,
  0x0000,0x07E0,0x07E0,0x07E0,0x07E0,0x07E0,0x07E0,0x07E0,
  0x07E0,0x07E0,0x07E0,0x07E0,0x07E0,0x07E0,0x07E0,0x07E0,0x07E0,0x07E0,0x07E0,0x07E0,0x07E0,0x07E0,0x0000,0x0000,
  0x0000,0x0000,0x0000,0x0000,0x0000,0x0000,0x0000,0x0000,0x0000,0x0000,0x0000,0x0000,0x0000,0x0000,0x0000,0x07E0,
  0x0000,0x0000,0x0000,0x0000,0x0000,0x0000,0x0000,0x0000,0x07E0,0x07E0,0x07E0,0x07E0,0x07E0,0x07E0,0x07E0,0x07E0,
  0x07E0,0x0000,0x0000,0x0000,0x0000,0x0000,0x0000,0x0000,0x0000,0x07E0,0x07E0,0x07E0,0x07E0,0x07E0,0x07E0,0x07E0,
  0x07E0,0x07E0,0x0000,0x07E0,0x07E0,0x07E0,0x07E0,0x07E0,0x07E0,0x07E0,0x07E0,0x07E0,0x0000,0x0000,0x0000,0x0000,
  0x0000,0x0000,0x0000,0x0000,0x07E0,0x07E0,0x07E0,0x07E0,0x07E0,0x07E0,0x07E0,0x07E0,0x07E0,0x0000,0x0000,0x0000,
  0x0000,0x0000,0x0000,0x0000,0x0000,0x07E0,0x07E0,0x07E0,0x07E0,0x07E0,0x07E0,0x07E0,0x07E0,0x07E0,0x0000,0x0000,
  0x0000,0x0000,0x0000,0x0000,0x0000,0x0000,0x07E0,0x07E0,0x07E0,0x07E0,0x07E0,0x07E0,0x07E0,0x07E0,0x07E0,0x0000,
  0x0000,0x0000,0x0000,0x0000,0x0000,0x0000,0x0000,0x0000,0x0000,0x0000,0x0000,0x0000,0x0000,0x07E0,0x07E0,0x07E0,
  0x07E0,0x07E0,0x07E0,0x07E0,0x07E0,0x07E0,0x07E0,0x0000,0x0000,0x0000,0x0000,0x0000,0x0000,0x0000,0x0000,0x07E0,
  0x07E0,0x07E0,0x07E0,0x07E0,0x07E0,0x07E0,0x07E0,0x07E0,0x0000,0x0000,0x0000,0x0000,0x0000,0x0000,0x0000,0x0000,
  0x0000,0x0000,0x0000,0x0000,0x07E0,0x07E0,0x07E0,0x07E0,0x07E0,0x07E0,0x07E0,0x07E0,0x0000,0x0000,0x0000,0x07E0,
  0x07E0,0x07E0,0x07E0,0x07E0,0x07E0,0x07E0,0x07E0,0x07E0,
  0x0000,0x07E0,0x07E0,0x07E0,0x07E0,0x07E0,0x07E0,0x07E0,0x07E0,0x07E0,0x07E0,0x07E0,0x07E0,0x07E0,0x07E0,0x07E0,
  0x07E0,0x0000,0x0000,0x0000,0x0000,0x0000,0x0000,0x0000,0x0000,0x0000,0x0000,0x0000,0x0000,0x0000,0x0000,0x0000,
  0x0000,0x0000,0x0000,0x0000,0x0000,0x0000,0x0000,0x07E0,0x07E0,0x07E0,0x07E0,0x07E0,0x07E0,0x07E0,0x07E0,0x07E0,
  0x0000,0x0000,0x0000,0x0000,0x0000,0x0000,0x0000,0x0000,0x07E0,0x07E0,0x07E0,0x07E0,0x07E0,0x07E0,0x07E0,0x07E0,
  0x07E0,0x0000,0x0000,0x0000,0x07E0,0x07E0,0x07E0,0x07E0,0x07E0,0x07E0,0x07E0,0x07E0,0x07E0,0x0000,0x0000,0x0000,
  0x0000,0x0000,0x0000,0x0000,0x0000,0x07E0,0x07E0,0x07E0,0x07E0,0x07E0,0x07E0,0x07E0,0x07E0,0x07E0,0x0000,0x0000,
  0x0000,0x0000,0x0000,0x0000,0x0000,0x0000,0x07E0,0x07E0,0x07E0,0x07E0,0x07E0,0x07E0,0x07E0,0x07E0,0x07E0,0x0000,
  0x0000,0x0000,0x0000,0x0000,0x0000,0x0000,0x0000,0x07E0,0x07E0,0x07E0,0x07E0,0x07E0,0x07E0,0x07E0,0x07E0,0x07E0,
  0x0000,0x0000,0x0000,0x0000,0x0000,0x0000,0x0000,0x0000,0x0000,0x0000,0x0000,0x0000,0x07E0,0x07E0,0x07E0,0x07E0,
  0x07E0,0x07E0,0x07E0,0x07E0,0x07E0,0x07E0,0x0000,0x0000,0x0000,0x0000,0x0000,0x0000,0x0000,0x0000,0x07E0,0x07E0,
  0x07E0,0x07E0,0x07E0,0x07E0,0x07E0,0x07E0,0x07E0,0x0000,0x0000,0x0000,0x0000,0x0000,0x0000,0x0000,0x0000,0x0000,
  0x0000,0x0000,0x0000,0x0000,0x07E0,0x07E0,0x07E0,0x07E0,0x07E0,0x07E0,0x07E0,0x07E0,0x07E0,0x07E0,0x07E0,0x07E0,
  0x07E0,0x07E0,0x07E0,0x07E0,0x07E0,0x07E0,0x07E0,0x07E0,
  0x0000,0x0000,0x0000,0x0000,0x07E0,0x07E0,0x07E0,0x07E0,0x07E0,0x07E0,0x07E0,0x07E0,0x07E0,0x07E0,0x07E0,0x07E0,
  0x07E0,0x07E0,0x07E0,0x0000,0x0000,0x0000,0x0000,0x0000,0x0000,0x0000,0x0000,0x0000,0x0000,0x0000,0x0000,0x0000,
  0x0000,0x0000,0x0000,0x0000,0x0000,0x0000,0x07E0,0x07E0,0x07E0,0x07E0,0x07E0,0x07E0,0x07E0,0x07E0,0x07E0,0x0000,
  0x0000,0x0000,0x0000,0x0000,0x0000,0x0000,0x0000,0x07E0,0x07E0,0x07E0,0x07E0,0x07E0,0x07E0,0x07E0,0x07E0,0x07E0,
  0x0000,0x0000,0x0000,0x0000,0x0000,0x07E0,0x07E0,0x07E0,0x07E0,0x07E0,0x07E0,0x07E0,0x07E0,0x07E0,0x0000,0x0000,
  0x0000,0x0000,0x0000,0x0000,0x0000,0x0000,0x07E0,0x07E0,0x07E0,0x07E0,0x07E0,0x07E0,0x07E0,0x07E0,0x07E0,0x0000,
  0x0000,0x0000,0x0000,0x0000,0x0000,0x0000,0x0000,0x07E0,0x07E0,0x07E0,0x07E0,0x07E0,0x07E0,0x07E0,0x07E0,0x07E0,
  0x0000,0x0000,0x0000,0x0000,0x0000,0x0000,0x0000,0x0000,0x07E0,0x07E0,0x07E0,0x07E0,0x07E0,0x07E0,0x07E0,0x07E0,
  0x07E0,0x0000,0x0000,0x0000,0x0000,0x0000,0x0000,0x0000,0x0000,0x0000,0x0000,0x07E0,0x07E0,0x07E0,0x07E0,0x07E0,
  0x07E0,0x07E0,0x07E0,0x07E0,0x07E0,0x0000,0x0000,0x0000,0x0000,0x0000,0x0000,0x0000,0x0000,0x07E0,0x07E0,0x07E0,
  0x07E0,0x07E0,0x07E0,0x07E0,0x07E0,0x07E0,0x0000,0x0000,0x0000,0x0000,0x0000,0x0000,0x0000,0x0000,0x0000,0x0000,
  0x0000,0x0000,0x0000,0x0000,0x0000,0x07E0,0x07E0,0x07E0,0x07E0,0x07E0,0x07E0,0x07E0,0x07E0,0x07E0,0x07E0,0x07E0,
  0x07E0,0x07E0,0x07E0,0x07E0,0x07E0,0x07E0,0x07E0,0x07E0,
  0x0000,0x0000,0x0000,0x0000,0x07E0,0x07E0,0x07E0,0x07E0,0x07E0,0x07E0,0x07E0,0x07E0,0x07E0,0x07E0,0x07E0,0x07E0,
  0x07E0,0x07E0,0x07E0,0x07E0,0x07E0,0x0000,0x0000,0x0000,0x0000,0x0000,0x0000,0x0000,0x0000,0x0000,0x0000,0x0000,
  0x0000,0x0000,0x0000,0x0000,0x0000,0x07E0,0x07E0,0x07E0,0x07E0,0x07E0,0x07E0,0x07E0,0x07E0,0x07E0,0x0000,0x0000,
  0x0000,0x0000,0x0000,0x0000,0x0000,0x0000,0x07E0,0x07E0,0x07E0,0x07E0,0x07E0,0x07E0,0x07E0,0x07E0,0x07E0,0x0000,
  0x0000,0x0000,0x0000,0x0000,0x0000,0x0000,0x07E0,0x07E0,0x07E0,0x07E0,0x07E0,0x07E0,0x07E0,0x07E0,0x07E0,0x0000,
  0x0000,0x0000,0x0000,0x0000,0x0000,0x0000,0x0000,0x07E0,0x07E0,0x07E0,0x07E0,0x07E0,0x07E0,0x07E0,0x07E0,0x07E0,
  0x0000,0x0000,0x0000,0x0000,0x0000,0x0000,0x0000,0x0000,0x07E0,0x07E0,0x07E0,0x07E0,0x07E0,0x07E0,0x07E0,0x07E0,
  0x07E0,0x0000,0x0000,0x0000,0x0000,0x0000,0x0000,0x0000,0x0000,0x07E0,0x07E0,0x07E0,0x07E0,0x07E0,0x07E0,0x07E0,
  0x07E0,0x07E0,0x0000,0x0000,0x0000,0x0000,0x0000,0x0000,0x0000,0x0000,0x0000,0x07E0,0x07E0,0x07E0,0x07E0,0x07E0,
  0x07E0,0x07E0,0x07E0,0x07E0,0x0000,0x0000,0x0000,0x0000,0x0000,0x0000,0x0000,0x0000,0x07E0,0x07E0,0x07E0,0x07E0,
  0x07E0,0x07E0,0x07E0,0x07E0,0x07E0,0x0000,0x0000,0x0000,0x0000,0x0000,0x0000,0x0000,0x0000,0x0000,0x0000,0x0000,
  0x0000,0x0000,0x0000,0x0000,0x0000,0x0000,0x0000,0x07E0,0x07E0,0x07E0,0x07E0,0x07E0,0x07E0,0x07E0,0x07E0,0x07E0,
  0x07E0,0x07E0,0x07E0,0x07E0,0x07E0,0x07E0,0x0000,0x0000,
  0x0000,0x0000,0x0000,0x0000,0x07E0,0x07E0,0x07E0,0x07E0,0x07E0,0x0000,0x07E0,0x07E0,0x07E0,0x07E0,0x07E0,0x07E0,
  0x07E0,0x07E0,0x07E0,0x07E0,0x07E0,0x0000,0x0000,0x0000,0x0000,0x0000,0x0000,0x0000,0x0000,0x0000,0x0000,0x0000,
  0x0000,0x0000,0x0000,0x0000,0x07E0,0x07E0,0x07E0,0x07E0,0x07E0,0x07E0,0x07E0,0x07E0,0x07E0,0x0000,0x0000,0x0000,
  0x0000,0x0000,0x0000,0x0000,0x0000,0x07E0,0x07E0,0x07E0,0x07E0,0x07E0,0x07E0,0x07E0,0x07E0,0x07E0,0x0000,0x0000,
  0x0000,0x0000,0x0000,0x0000,0x0000,0x0000,0x0000,0x07E0,0x07E0,0x07E0,0x07E0,0x07E0,0x07E0,0x07E0,0x07E0,0x07E0,
  0x0000,0x0000,0x0000,0x0000,0x0000,0x0000,0x0000,0x0000,0x07E0,0x07E0,0x07E0,0x07E0,0x07E0,0x07E0,0x07E0,0x07E0,
  0x07E0,0x0000,0x0000,0x0000,0x0000,0x0000,0x0000,0x0000,0x0000,0x07E0,0x07E0,0x07E0,0x07E0,0x07E0,0x07E0,0x07E0,
  0x07E0,0x07E0,0x0000,0x0000,0x0000,0x0000,0x0000,0x0000,0x0000,0x0000,0x07E0,0x07E0,0x07E0,0x07E0,0x07E0,0x07E0,
  0x07E0,0x07E0,0x07E0,0x0000,0x0000,0x0000,0x0000,0x0000,0x0000,0x0000,0x07E0,0x07E0,0x07E0,0x07E0,0x07E0,0x07E0,
  0x07E0,0x07E0,0x07E0,0x0000,0x0000,0x0000,0x0000,0x0000,0x0000,0x0000,0x0000,0x07E0,0x07E0,0x07E0,0x07E0,0x07E0,
  0x07E0,0x07E0,0x07E0,0x07E0,0x0000,0x0000,0x0000,0x0000,0x0000,0x0000,0x0000,0x0000,0x0000,0x0000,0x0000,0x0000,
  0x0000,0x0000,0x0000,0x0000,0x0000,0x0000,0x0000,0x0000,0x07E0,0x07E0,0x07E0,0x07E0,0x07E0,0x07E0,0x07E0,0x07E0,
  0x07E0,0x07E0,0x07E0,0x07E0,0x0000,0x0000,0x0000,0x0000,
  0x0000,0x0000,0x0000,0x0000,0x07E0,0x07E0,0x07E0,0x07E0,0x07E0,0x0000,0x0000,0x0000,0x07E0,0x07E0,0x07E0,0x07E0,
  0x07E0,0x07E0,0x07E0,0x07E0,0x07E0,0x0000,0x0000,0x0000,0x0000,0x0000,0x0000,0x0000,0x0000,0x0000,0x0000,0x0000,
  0x0000,0x0000,0x0000,0x07E0,0x07E0,0x07E0,0x07E0,0x07E0,0x07E0,0x07E0,0x07E0,0x07E0,0x0000,0x0000,0x0000,0x0000,
  0x0000,0x0000,0x0000,0x0000,0x07E0,0x07E0,0x07E0,0x07E0,0x07E0,0x07E0,0x07E0,0x07E0,0x07E0,0x0000,0x0000,0x0000,
  0x0000,0x0000,0x0000,0x0000,0x0000,0x0000,0x0000,0x0000,0x07E0,0x07E0,0x07E0,0x07E0,0x07E0,0x07E0,0x07E0,0x07E0,
  0x07E0,0x0000,0x0000,0x0000,0x0000,0x0000,0x0000,0x0000,0x0000,0x07E0,0x07E0,0x07E0,0x07E0,0x07E0,0x07E0,0x07E0,
  0x07E0,0x07E0,0x0000,0x0000,0x0000,0x0000,0x0000,0x0000,0x0000,0x0000,0x07E0,0x07E0,0x07E0,0x07E0,0x07E0,0x07E0,
  0x07E0,0x07E0,0x07E0,0x0000,0x0000,0x0000,0x0000,0x0000,0x0000,0x0000,0x0000,0x07E0,0x07E0,0x07E0,0x07E0,0x07E0,
  0x07E0,0x07E0,0x07E0,0x07E0,0x0000,0x0000,0x0000,0x0000,0x0000,0x07E0,0x07E0,0x07E0,0x07E0,0x07E0,0x07E0,0x07E0,
  0x07E0,0x07E0,0x0000,0x0000,0x0000,0x0000,0x0000,0x0000,0x0000,0x0000,0x07E0,0x07E0,0x07E0,0x07E0,0x07E0,0x07E0,
  0x07E0,0x07E0,0x07E0,0x0000,0x0000,0x0000,0x0000,0x0000,0x0000,0x0000,0x0000,0x0000,0x0000,0x0000,0x0000,0x0000,
  0x0000,0x0000,0x0000,0x0000,0x0000,0x0000,0x0000,0x0000,0x0000,0x0000,0x07E0,0x07E0,0x07E0,0x07E0,0x07E0,0x07E0,
  0x07E0,0x07E0,0x0000,0x0000,0x0000,0x0000,0x0000,0x0000,
  0x0000,0x0000,0x0000,0x0000,0x07E0,0x07E0,0x07E0,0x07E0,0x07E0,0x0000,0x0000,0x0000,0x0000,0x0000,0x07E0,0x07E0,
  0x07E0,0x07E0,0x07E0,0x07E0,0x07E0,0x0000,0x0000,0x0000,0x0000,0x0000,0x0000,0x0000,0x0000,0x0000,0x0000,0x0000,
  0x0000,0x0000,0x07E0,0x07E0,0x07E0,0x07E0,0x07E0,0x07E0,0x07E0,0x07E0,0x07E0,0x0000,0x0000,0x0000,0x0000,0x0000,
  0x0000,0x0000,0x0000,0x07E0,0x07E0,0x07E0,0x07E0,0x07E0,0x07E0,0x07E0,0x07E0,0x07E0,0x0000,0x0000,0x0000,0x0000,
  0x0000,0x0000,0x0000,0x0000,0x0000,0x0000,0x0000,0x0000,0x0000,0x07E0,0x07E0,0x07E0,0x07E0,0x07E0,0x07E0,0x07E0,
  0x07E0,0x07E0,0x0000,0x0000,0x0000,0x0000,0x0000,0x0000,0x0000,0x0000,0x07E0,0x07E0,0x07E0,0x07E0,0x07E0,0x07E0,
  0x07E0,0x07E0,0x07E0,0x0000,0x0000,0x0000,0x0000,0x0000,0x0000,0x0000,0x0000,0x07E0,0x07E0,0x07E0,0x07E0,0x07E0,
  0x07E0,0x07E0,0x07E0,0x07E0,0x0000,0x0000,0x0000,0x0000,0x0000,0x0000,0x0000,0x0000,0x07E0,0x07E0,0x07E0,0x07E0,
  0x07E0,0x07E0,0x07E0,0x07E0,0x07E0,0x0000,0x0000,0x0000,0x07E0,0x07E0,0x07E0,0x07E0,0x07E0,0x07E0,0x07E0,0x07E0,
  0x07E0,0x0000,0x0000,0x0000,0x0000,0x0000,0x0000,0x0000,0x0000,0x07E0,0x07E0,0x07E0,0x07E0,0x07E0,0x07E0,0x07E0,
  0x07E0,0x07E0,0x0000,0x0000,0x0000,0x0000,0x0000,0x0000,0x0000,0x0000,0x0000,0x0000,0x0000,0x0000,0x0000,0x0000,
  0x0000,0x0000,0x0000,0x0000,0x0000,0x0000,0x0000,0x0000,0x0000,0x0000,0x0000,0x07E0,0x07E0,0x07E0,0x07E0,0x07E0,
  0x07E0,0x0000,0x0000,0x0000,0x0000,0x0000,0x0000,0x0000,
  0x0000,0x0000,0x0000,0x0000,0x07E0,0x07E0,0x07E0,0x07E0,0x07E0,0x0000,0x0000,0x07E0,0x07E0,0x07E0,0x07E0,0x07E0,
  0x07E0,0x07E0,0x07E0,0x07E0,0x07E0,0x0000,0x0000,0x0000,0x0000,0x0000,0x0000,0x0000,0x0000,0x0000,0x0000,0x0000,
  0x0000,0x07E0,0x07E0,0x07E0,0x07E0,0x07E0,0x07E0,0x07E0,0x07E0,0x07E0,0x0000,0x0000,0x0000,0x0000,0x0000,0x0000,
  0x0000,0x0000,0x07E0,0x07E0,0x07E0,0x07E0,0x07E0,0x07E0,0x07E0,0x07E0,0x07E0,0x0000,0x0000,0x0000,0x0000,0x0000,
  0x0000,0x0000,0x0000,0x0000,0x0000,0x0000,0x0000,0x0000,0x0000,0x0000,0x07E0,0x07E0,0x07E0,0x07E0,0x07E0,0x07E0,
  0x07E0,0x07E0,0x07E0,0x0000,0x0000,0x0000,0x0000,0x0000,0x0000,0x0000,0x0000,0x07E0,0x07E0,0x07E0,0x07E0,0x07E0,
  0x07E0,0x07E0,0x07E0,0x07E0,0x0000,0x0000,0x0000,0x0000,0x0000,0x0000,0x0000,0x0000,0x07E0,0x07E0,0x07E0,0x07E0,
  0x07E0,0x07E0,0x07E0,0x07E0,0x07E0,0x0000,0x0000,0x0000,0x0000,0x0000,0x0000,0x0000,0x0000,0x07E0,0x07E0,0x07E0,
  0x07E0,0x07E0,0x07E0,0x07E0,0x07E0,0x07E0,0x0000,0x07E0,0x07E0,0x07E0,0x07E0,0x07E0,0x07E0,0x07E0,0x07E0,0x07E0,
  0x0000,0x0000,0x0000,0x0000,0x0000,0x0000,0x0000,0x0000,0x07E0,0x07E0,0x07E0,0x07E0,0x07E0,0x07E0,0x07E0,0x07E0,
  0x07E0,0x0000,0x0000,0x0000,0x0000,0x0000,0x0000,0x0000,0x0000,0x0000,0x0000,0x0000,0x0000,0x0000,0x0000,0x0000,
  0x0000,0x0000,0x0000,0x0000,0x0000,0x0000,0x0000,0x0000,0x0000,0x0000,0x0000,0x07E0,0x07E0,0x07E0,0x07E0,0x07E0,
  0x0000,0x0000,0x0000,0x0000,0x0000,0x0000,0x0000,0x0000,
  0x0000,0x0000,0x0000,0x0000,0x07E0,0x07E0,0x07E0,0x07E0,0x07E0,0x07E0,0x07E0,0x07E0,0x07E0,0x07E0,0x07E0,0x07E0,
  0x07E0,0x07E0,0x07E0,0x07E0,0x07E0,0x0000,0x0000,0x0000,0x0000,0x0000,0x0000,0x0000,0x0000,0x0000,0x0000,0x0000,
  0x07E0,0x07E0,0x07E0,0x07E0,0x07E0,0x07E0,0x07E0,0x07E0,0x07E0,0x0000,0x0000,0x0000,0x0000,0x0000,0x0000,0x0000,
  0x0000,0x07E0,0x07E0,0x07E0,0x07E0,0x07E0,0x07E0,0x07E0,0x07E0,0x07E0,0x0000,0x0000,0x0000,0x0000,0x0000,0x0000,
  0x0000,0x0000,0x07E0,0x0000,0x0000,0x0000,0x0000,0x0000,0x0000,0x0000,0x0000,0x07E0,0x07E0,0x07E0,0x07E0,0x07E0,
  0x07E0,0x07E0,0x07E0,0x07E0,0x0000,0x0000,0x0000,0x0000,0x0000,0x0000,0x0000,0x0000,0x07E0,0x07E0,0x07E0,0x07E0,
  0x07E0,0x07E0,0x07E0,0x07E0,0x07E0,0x0000,0x0000,0x0000,0x0000,0x0000,0x0000,0x0000,0x0000,0x07E0,0x07E0,0x07E0,
  0x07E0,0x07E0,0x07E0,0x07E0,0x07E0,0x07E0,0x0000,0x0000,0x0000,0x0000,0x0000,0x0000,0x0000,0x0000,0x07E0,0x07E0,
  0x07E0,0x07E0,0x07E0,0x07E0,0x07E0,0x07E0,0x07E0,0x07E0,0x07E0,0x07E0,0x07E0,0x07E0,0x07E0,0x07E0,0x07E0,0x0000,
  0x0000,0x0000,0x0000,0x0000,0x0000,0x0000,0x0000,0x07E0,0x07E0,0x07E0,0x07E0,0x07E0,0x07E0,0x07E0,0x07E0,0x07E0,
  0x0000,0x0000,0x0000,0x0000,0x0000,0x0000,0x0000,0x07E0,0x07E0,0x0000,0x0000,0x0000,0x0000,0x0000,0x0000,0x0000,
  0x0000,0x0000,0x0000,0x0000,0x07E0,0x07E0,0x0000,0x0000,0x0000,0x0000,0x0000,0x07E0,0x07E0,0x07E0,0x07E0,0x07E0,
  0x0000,0x0000,0x0000,0x0000,0x0000,0x0000,0x0000,0x0000,
  0x0000,0x0000,0x0000,0x0000,0x07E0,0x07E0,0x07E0,0x07E0,0x07E0,0x07E0,0x07E0,0x07E0,0x07E0,0x07E0,0x07E0,0x07E0,
  0x07E0,0x07E0,0x07E0,0x07E0,0x0000,0x0000,0x0000,0x0000,0x0000,0x0000,0x0000,0x0000,0x0000,0x0000,0x0000,0x07E0,
  0x07E0,0x07E0,0x07E0,0x07E0,0x07E0,0x07E0,0x07E0,0x07E0,0x0000,0x0000,0x0000,0x0000,0x0000,0x0000,0x0000,0x0000,
  0x07E0,0x07E0,0x07E0,0x07E0,0x07E0,0x07E0,0x07E0,0x07E0,0x07E0,0x0000,0x0000,0x0000,0x0000,0x0000,0x0000,0x0000,
  0x0000,0x07E0,0x07E0,0x07E0,0x0000,0x0000,0x0000,0x0000,0x0000,0x0000,0x0000,0x0000,0x07E0,0x07E0,0x07E0,0x07E0,
  0x07E0,0x07E0,0x07E0,0x07E0,0x07E0,0x0000,0x0000,0x0000,0x0000,0x0000,0x0000,0x0000,0x0000,0x07E0,0x07E0,0x07E0,
  0x07E0,0x07E0,0x07E0,0x07E0,0x07E0,0x07E0,0x0000,0x0000,0x0000,0x0000,0x0000,0x0000,0x0000,0x0000,0x07E0,0x07E0,
  0x07E0,0x07E0,0x07E0,0x07E0,0x07E0,0x07E0,0x07E0,0x0000,0x0000,0x0000,0x0000,0x0000,0x0000,0x0000,0x0000,0x07E0,
  0x07E0,0x07E0,0x07E0,0x07E0,0x07E0,0x07E0,0x07E0,0x07E0,0x07E0,0x07E0,0x07E0,0x07E0,0x07E0,0x07E0,0x0000,0x0000,
  0x0000,0x0000,0x0000,0x0000,0x0000,0x0000,0x07E0,0x07E0,0x07E0,0x07E0,0x07E0,0x07E0,0x07E0,0x07E0,0x07E0,0x0000,
  0x0000,0x0000,0x0000,0x0000,0x0000,0x0000,0x07E0,0x07E0,0x07E0,0x0000,0x0000,0x0000,0x0000,0x0000,0x0000,0x0000,
  0x0000,0x0000,0x0000,0x07E0,0x07E0,0x07E0,0x07E0,0x07E0,0x07E0,0x07E0,0x07E0,0x07E0,0x07E0,0x07E0,0x07E0,0x07E0,
  0x07E0,0x07E0,0x07E0,0x07E0,0x07E0,0x07E0,0x07E0,0x07E0,
  0x0000,0x0000,0x0000,0x0000,0x07E0,0x07E0,0x07E0,0x07E0,0x07E0,0x07E0,0x07E0,0x07E0,0x07E0,0x07E0,0x07E0,0x07E0,
  0x07E0,0x07E0,0x0000,0x0000,0x0000,0x0000,0x0000,0x0000,0x0000,0x0000,0x0000,0x0000,0x0000,0x0000,0x0000,0x07E0,
  0x07E0,0x07E0,0x07E0,0x07E0,0x07E0,0x07E0,0x07E0,0x0000,0x0000,0x0000,0x0000,0x0000,0x0000,0x0000,0x0000,0x07E0,
  0x07E0,0x07E0,0x07E0,0x07E0,0x07E0,0x07E0,0x07E0,0x07E0,0x0000,0x0000,0x0000,0x0000,0x0000,0x0000,0x0000,0x0000,
  0x07E0,0x07E0,0x07E0,0x07E0,0x07E0,0x0000,0x0000,0x0000,0x0000,0x0000,0x0000,0x0000,0x0000,0x07E0,0x07E0,0x07E0,
  0x07E0,0x07E0,0x07E0,0x07E0,0x07E0,0x07E0,0x0000,0x0000,0x0000,0x0000,0x0000,0x0000,0x0000,0x0000,0x07E0,0x07E0,
  0x07E0,0x07E0,0x07E0,0x07E0,0x07E0,0x07E0,0x07E0,0x0000,0x0000,0x0000,0x0000,0x0000,0x0000,0x0000,0x0000,0x07E0,
  0x07E0,0x07E0,0x07E0,0x07E0,0x07E0,0x07E0,0x07E0,0x07E0,0x0000,0x0000,0x0000,0x0000,0x0000,0x0000,0x0000,0x0000,
  0x07E0,0x07E0,0x07E0,0x07E0,0x07E0,0x07E0,0x07E0,0x07E0,0x07E0,0x07E0,0x07E0,0x07E0,0x07E0,0x0000,0x0000,0x0000,
  0x0000,0x0000,0x0000,0x0000,0x0000,0x07E0,0x07E0,0x07E0,0x07E0,0x07E0,0x07E0,0x07E0,0x07E0,0x07E0,0x0000,0x0000,
  0x0000,0x0000,0x0000,0x0000,0x0000,0x07E0,0x07E0,0x07E0,0x07E0,0x0000,0x0000,0x0000,0x0000,0x0000,0x0000,0x0000,
  0x0000,0x0000,0x0000,0x07E0,0x07E0,0x07E0,0x07E0,0x07E0,0x07E0,0x07E0,0x07E0,0x07E0,0x07E0,0x07E0,0x07E0,0x07E0,
  0x07E0,0x07E0,0x07E0,0x07E0,0x07E0,0x07E0,0x07E0,0x07E0,
  0x0000,0x0000,0x07E0,0x07E0,0x07E0,0x07E0,0x07E0,0x07E0,0x07E0,0x07E0,0x07E0,0x07E0,0x07E0,0x07E0,0x07E0,0x07E0,
  0x0000,0x0000,0x0000,0x0000,0x0000,0x0000,0x0000,0x0000,0x0000,0x0000,0x0000,0x0000,0x0000,0x0000,0x0000,0x07E0,
  0x07E0,0x07E0,0x07E0,0x07E0,0x07E0,0x07E0,0x0000,0x0000,0x0000,0x0000,0x0000,0x0000,0x0000,0x0000,0x07E0,0x07E0,
  0x07E0,0x07E0,0x07E0,0x07E0,0x07E0,0x07E0,0x07E0,0x0000,0x0000,0x0000,0x0000,0x0000,0x0000,0x0000,0x0000,0x07E0,
  0x07E0,0x07E0,0x07E0,0x07E0,0x07E0,0x07E0,0x0000,0x0000,0x0000,0x0000,0x0000,0x0000,0x0000,0x0000,0x07E0,0x07E0,
  0x07E0,0x07E0,0x07E0,0x07E0,0x07E0,0x07E0,0x07E0,0x0000,0x0000,0x0000,0x0000,0x0000,0x0000,0x0000,0x0000,0x07E0,
  0x07E0,0x07E0,0x07E0,0x07E0,0x07E0,0x07E0,0x07E0,0x07E0,0x0000,0x0000,0x0000,0x0000,0x0000,0x0000,0x0000,0x0000,
  0x07E0,0x07E0,0x07E0,0x07E0,0x07E0,0x07E0,0x07E0,0x07E0,0x07E0,0x0000,0x0000,0x0000,0x0000,0x0000,0x0000,0x0000,
  0x0000,0x07E0,0x07E0,0x07E0,0x07E0,0x07E0,0x07E0,0x07E0,0x07E0,0x07E0,0x07E0,0x07E0,0x0000,0x0000,0x0000,0x0000,
  0x0000,0x0000,0x0000,0x0000,0x07E0,0x07E0,0x07E0,0x07E0,0x07E0,0x07E0,0x07E0,0x07E0,0x07E0,0x0000,0x0000,0x0000,
  0x0000,0x0000,0x0000,0x0000,0x07E0,0x07E0,0x07E0,0x07E0,0x07E0,0x0000,0x0000,0x0000,0x0000,0x0000,0x0000,0x0000,
  0x0000,0x0000,0x0000,0x07E0,0x07E0,0x07E0,0x07E0,0x07E0,0x07E0,0x07E0,0x07E0,0x07E0,0x07E0,0x07E0,0x07E0,0x07E0,
  0x07E0,0x07E0,0x07E0,0x07E0,0x07E0,0x07E0,0x07E0,0x07E0,
  0x07E0,0x07E0,0x07E0,0x07E0,0x07E0,0x07E0,0x07E0,0x07E0,0x07E0,0x07E0,0x07E0,0x07E0,0x07E0,0x07E0,0x0000,0x0000,
  0x0000,0x0000,0x0000,0x0000,0x0000,0x0000,0x0000,0x0000,0x0000,0x0000,0x0000,0x0000,0x0000,0x0000,0x0000,0x07E0,
  0x07E0,0x07E0,0x07E0,0x07E0,0x07E0,0x0000,0x0000,0x0000,0x0000,0x0000,0x0000,0x0000,0x0000,0x07E0,0x07E0,0x07E0,
  0x07E0,0x07E0,0x07E0,0x07E0,0x07E0,0x07E0,0x0000,0x0000,0x0000,0x0000,0x0000,0x0000,0x0000,0x0000,0x07E0,0x07E0,
  0x07E0,0x07E0,0x07E0,0x07E0,0x07E0,0x07E0,0x07E0,0x0000,0x0000,0x0000,0x0000,0x0000,0x0000,0x0000,0x0000,0x07E0,
  0x07E0,0x07E0,0x07E0,0x07E0,0x07E0,0x07E0,0x07E0,0x07E0,0x0000,0x0000,0x0000,0x0000,0x0000,0x0000,0x0000,0x0000,
  0x07E0,0x07E0,0x07E0,0x07E0,0x07E0,0x07E0,0x07E0,0x07E0,0x07E0,0x0000,0x0000,0x0000,0x0000,0x0000,0x0000,0x0000,
  0x0000,0x07E0,0x07E0,0x07E0,0x07E0,0x07E0,0x07E0,0x07E0,0x07E0,0x07E0,0x0000,0x0000,0x0000,0x0000,0x0000,0x0000,
  0x0000,0x0000,0x07E0,0x07E0,0x07E0,0x07E0,0x07E0,0x07E0,0x07E0,0x07E0,0x07E0,0x0000,0x0000,0x0000,0x0000,0x0000,
  0x0000,0x0000,0x0000,0x07E0,0x07E0,0x07E0,0x07E0,0x07E0,0x07E0,0x07E0,0x07E0,0x07E0,0x0000,0x0000,0x0000,0x0000,
  0x0000,0x0000,0x0000,0x07E0,0x07E0,0x07E0,0x07E0,0x07E0,0x07E0,0x0000,0x0000,0x0000,0x0000,0x0000,0x0000,0x0000,
  0x0000,0x0000,0x0000,0x07E0,0x07E0,0x07E0,0x07E0,0x07E0,0x07E0,0x07E0,0x07E0,0x07E0,0x07E0,0x07E0,0x07E0,0x07E0,
  0x07E0,0x07E0,0x07E0,0x07E0,0x07E0,0x07E0,0x07E0,0x07E0,
  0x07E0,0x07E0,0x07E0,0x07E0,0x07E0,0x07E0,0x07E0,0x07E0,0x07E0,0x07E0,0x07E0,0x0000,0x0000,0x0000,0x0000,0x0000,
  0x0000,0x0000,0x0000,0x0000,0x0000,0x0000,0x0000,0x0000,0x0000,0x0000,0x0000,0x0000,0x0000,0x0000,0x0000,0x07E0,
  0x07E0,0x07E0,0x07E0,0x07E0,0x0000,0x0000,0x0000,0x0000,0x0000,0x0000,0x0000,0x0000,0x07E0,0x07E0,0x07E0,0x07E0,
  0x07E0,0x07E0,0x07E0,0x07E0,0x07E0,0x0000,0x0000,0x0000,0x0000,0x0000,0x0000,0x0000,0x0000,0x07E0,0x07E0,0x07E0,
  0x07E0,0x07E0,0x07E0,0x07E0,0x07E0,0x07E0,0x07E0,0x07E0,0x0000,0x0000,0x0000,0x0000,0x0000,0x0000,0x0000,0x0000,
  0x07E0,0x07E0,0x07E0,0x07E0,0x07E0,0x07E0,0x07E0,0x07E0,0x07E0,0x0000,0x0000,0x0000,0x0000,0x0000,0x0000,0x0000,
  0x0000,0x07E0,0x07E0,0x07E0,0x07E0,0x07E0,0x07E0,0x07E0,0x07E0,0x07E0,0x0000,0x0000,0x0000,0x0000,0x0000,0x0000,
  0x0000,0x0000,0x07E0,0x07E0,0x07E0,0x07E0,0x07E0,0x07E0,0x07E0,0x07E0,0x07E0,0x0000,0x0000,0x0000,0x0000,0x0000,
  0x0000,0x0000,0x0000,0x07E0,0x07E0,0x07E0,0x07E0,0x07E0,0x07E0,0x07E0,0x0000,0x0000,0x0000,0x0000,0x0000,0x0000,
  0x0000,0x0000,0x07E0,0x07E0,0x07E0,0x07E0,0x07E0,0x07E0,0x07E0,0x07E0,0x07E0,0x0000,0x0000,0x0000,0x0000,0x0000,
  0x0000,0x0000,0x07E0,0x07E0,0x07E0,0x07E0,0x07E0,0x07E0,0x07E0,0x0000,0x0000,0x0000,0x0000,0x0000,0x0000,0x0000,
  0x0000,0x0000,0x0000,0x07E0,0x07E0,0x07E0,0x07E0,0x07E0,0x07E0,0x07E0,0x07E0,0x07E0,0x07E0,0x07E0,0x07E0,0x07E0,
  0x07E0,0x07E0,0x07E0,0x07E0,0x07E0,0x07E0,0x07E0,0x07E0,
  0x07E0,0x07E0,0x07E0,0x07E0,0x07E0,0x07E0,0x07E0,0x07E0,0x07E0,0x0000,0x0000,0x0000,0x0000,0x0000,0x0000,0x0000,
  0x0000,0x0000,0x0000,0x0000,0x0000,0x0000,0x0000,0x0000,0x0000,0x0000,0x0000,0x0000,0x0000,0x0000,0x0000,0x07E0,
  0x07E0,0x07E0,0x07E0,0x0000,0x0000,0x0000,0x0000,0x0000,0x0000,0x0000,0x0000,0x07E0,0x07E0,0x07E0,0x07E0,0x07E0,
  0x07E0,0x07E0,0x07E0,0x07E0,0x0000,0x0000,0x0000,0x0000,0x0000,0x0000,0x0000,0x0000,0x07E0,0x07E0,0x07E0,0x07E0,
  0x07E0,0x07E0,0x07E0,0x07E0,0x07E0,0x07E0,0x07E0,0x07E0,0x07E0,0x0000,0x0000,0x0000,0x0000,0x0000,0x0000,0x0000,
  0x0000,0x07E0,0x07E0,0x07E0,0x07E0,0x07E0,0x07E0,0x07E0,0x07E0,0x07E0,0x0000,0x0000,0x0000,0x0000,0x0000,0x0000,
  0x0000,0x0000,0x07E0,0x07E0,0x07E0,0x07E0,0x07E0,0x07E0,0x07E0,0x07E0,0x07E0,0x0000,0x0000,0x0000,0x0000,0x0000,
  0x0000,0x0000,0x0000,0x07E0,0x07E0,0x07E0,0x07E0,0x07E0,0x07E0,0x07E0,0x07E0,0x07E0,0x0000,0x0000,0x0000,0x0000,
  0x0000,0x0000,0x0000,0x0000,0x07E0,0x07E0,0x07E0,0x07E0,0x07E0,0x0000,0x0000,0x0000,0x0000,0x0000,0x0000,0x0000,
  0x0000,0x07E0,0x07E0,0x07E0,0x07E0,0x07E0,0x07E0,0x07E0,0x07E0,0x07E0,0x0000,0x0000,0x0000,0x0000,0x0000,0x0000,
  0x0000,0x07E0,0x07E0,0x07E0,0x07E0,0x07E0,0x07E0,0x07E0,0x0000,0x0000,0x0000,0x0000,0x0000,0x0000,0x0000,0x0000,
  0x0000,0x0000,0x0000,0x0000,0x07E0,0x07E0,0x07E0,0x07E0,0x07E0,0x07E0,0x07E0,0x07E0,0x07E0,0x07E0,0x07E0,0x07E0,
  0x07E0,0x07E0,0x07E0,0x07E0,0x07E0,0x07E0,0x07E0,0x07E0,
  0x07E0,0x07E0,0x07E0,0x07E0,0x07E0,0x07E0,0x07E0,0x0000,0x0000,0x0000,0x0000,0x0000,0x0000,0x0000,0x0000,0x0000,
  0x0000,0x0000,0x0000,0x0000,0x0000,0x0000,0x0000,0x0000,0x0000,0x0000,0x0000,0x0000,0x0000,0x0000,0x0000,0x0000,
  0x07E0,0x07E0,0x0000,0x0000,0x0000,0x0000,0x0000,0x0000,0x0000,0x0000,0x07E0,0x07E0,0x07E0,0x07E0,0x07E0,0x07E0,
  0x07E0,0x07E0,0x07E0,0x0000,0x0000,0x0000,0x0000,0x0000,0x0000,0x0000,0x0000,0x07E0,0x07E0,0x07E0,0x07E0,0x07E0,
  0x07E0,0x07E0,0x07E0,0x07E0,0x07E0,0x07E0,0x07E0,0x07E0,0x07E0,0x07E0,0x0000,0x0000,0x0000,0x0000,0x0000,0x0000,
  0x0000,0x0000,0x07E0,0x07E0,0x07E0,0x07E0,0x07E0,0x07E0,0x07E0,0x07E0,0x07E0,0x0000,0x0000,0x0000,0x0000,0x0000,
  0x0000,0x0000,0x0000,0x07E0,0x07E0,0x07E0,0x07E0,0x07E0,0x07E0,0x07E0,0x07E0,0x07E0,0x0000,0x0000,0x0000,0x0000,
  0x0000,0x0000,0x0000,0x0000,0x07E0,0x07E0,0x07E0,0x07E0,0x07E0,0x07E0,0x07E0,0x07E0,0x07E0,0x0000,0x0000,0x0000,
  0x0000,0x0000,0x0000,0x0000,0x0000,0x07E0,0x07E0,0x07E0,0x0000,0x0000,0x0000,0x0000,0x0000,0x0000,0x0000,0x0000,
  0x07E0,0x07E0,0x07E0,0x07E0,0x07E0,0x07E0,0x07E0,0x07E0,0x07E0,0x0000,0x0000,0x0000,0x0000,0x0000,0x0000,0x0000,
  0x07E0,0x07E0,0x07E0,0x07E0,0x07E0,0x07E0,0x07E0,0x07E0,0x0000,0x0000,0x0000,0x0000,0x0000,0x0000,0x0000,0x0000,
  0x0000,0x0000,0x0000,0x0000,0x0000,0x0000,0x0000,0x0000,0x0000,0x0000,0x0000,0x0000,0x0000,0x0000,0x0000,0x0000,
  0x0000,0x0000,0x0000,0x0000,0x0000,0x0000,0x0000,0x0000,
  0x07E0,0x07E0,0x07E0,0x07E0,0x07E0,0x0000,0x0000,0x0000,0x0000,0x0000,0x0000,0x0000,0x0000,0x0000,0x0000,0x0000,
  0x0000,0x0000,0x0000,0x0000,0x0000,0x0000,0x0000,0x0000,0x0000,0x0000,0x0000,0x0000,0x0000,0x0000,0x0000,0x0000,
  0x07E0,0x0000,0x0000,0x0000,0x0000,0x0000,0x0000,0x0000,0x0000,0x07E0,0x07E0,0x07E0,0x07E0,0x07E0,0x07E0,0x07E0,
  0x07E0,0x07E0,0x0000,0x0000,0x0000,0x0000,0x0000,0x0000,0x0000,0x0000,0x07E0,0x07E0,0x07E0,0x07E0,0x07E0,0x07E0,
  0x07E0,0x07E0,0x07E0,0x07E0,0x07E0,0x07E0,0x07E0,0x07E0,0x07E0,0x07E0,0x07E0,0x0000,0x0000,0x0000,0x0000,0x0000,
  0x0000,0x0000,0x0000,0x07E0,0x07E0,0x07E0,0x07E0,0x07E0,0x07E0,0x07E0,0x07E0,0x07E0,0x0000,0x0000,0x0000,0x0000,
  0x0000,0x0000,0x0000,0x0000,0x07E0,0x07E0,0x07E0,0x07E0,0x07E0,0x07E0,0x07E0,0x07E0,0x07E0,0x0000,0x0000,0x0000,
  0x0000,0x0000,0x0000,0x0000,0x0000,0x07E0,0x07E0,0x07E0,0x07E0,0x07E0,0x07E0,0x07E0,0x07E0,0x07E0,0x0000,0x0000,
  0x0000,0x0000,0x0000,0x0000,0x0000,0x07E0,0x07E0,0x0000,0x0000,0x0000,0x0000,0x0000,0x0000,0x0000,0x0000,0x07E0,
  0x07E0,0x07E0,0x07E0,0x07E0,0x07E0,0x07E0,0x07E0,0x07E0,0x0000,0x0000,0x0000,0x0000,0x0000,0x0000,0x0000,0x07E0,
  0x07E0,0x07E0,0x07E0,0x07E0,0x07E0,0x07E0,0x07E0,0x07E0,0x0000,0x0000,0x0000,0x0000,0x0000,0x0000,0x0000,0x0000,
  0x0000,0x0000,0x0000,0x0000,0x0000,0x0000,0x0000,0x0000,0x0000,0x0000,0x0000,0x0000,0x0000,0x0000,0x0000,0x0000,
  0x0000,0x0000,0x0000,0x0000,0x0000,0x0000,0x0000,0x0000,
  0x07E0,0x07E0,0x07E0,0x0000,0x0000,0x0000,0x0000,0x0000,0x0000,0x0000,0x0000,0x0000,0x0000,0x0000,0x0000,0x0000,
  0x0000,0x0000,0x0000,0x0000,0x0000,0x0000,0x0000,0x0000,0x0000,0x0000,0x0000,0x0000,0x0000,0x0000,0x0000,0x0000,
  0x0000,0x0000,0x0000,0x0000,0x0000,0x0000,0x0000,0x0000,0x07E0,0x07E0,0x07E0,0x07E0,0x07E0,0x07E0,0x07E0,0x07E0,
  0x07E0,0x0000,0x0000,0x0000,0x0000,0x0000,0x0000,0x0000,0x0000,0x07E0,0x07E0,0x07E0,0x07E0,0x07E0,0x07E0,0x07E0,
  0x07E0,0x07E0,0x0000,0x07E0,0x07E0,0x07E0,0x07E0,0x07E0,0x07E0,0x07E0,0x07E0,0x07E0,0x0000,0x0000,0x0000,0x0000,
  0x0000,0x0000,0x0000,0x0000,0x07E0,0x07E0,0x07E0,0x07E0,0x07E0,0x07E0,0x07E0,0x07E0,0x07E0,0x0000,0x0000,0x0000,
  0x0000,0x0000,0x0000,0x0000,0x0000,0x07E0,0x07E0,0x07E0,0x07E0,0x07E0,0x07E0,0x07E0,0x07E0,0x07E0,0x0000,0x0000,
  0x0000,0x0000,0x0000,0x0000,0x0000,0x0000,0x07E0,0x07E0,0x07E0,0x07E0,0x07E0,0x07E0,0x07E0,0x07E0,0x07E0,0x0000,
  0x0000,0x0000,0x0000,0x0000,0x0000,0x0000,0x0000,0x0000,0x0000,0x0000,0x0000,0x0000,0x0000,0x0000,0x07E0,0x07E0,
  0x07E0,0x07E0,0x07E0,0x07E0,0x07E0,0x07E0,0x07E0,0x0000,0x0000,0x0000,0x0000,0x0000,0x0000,0x0000,0x07E0,0x07E0,
  0x07E0,0x07E0,0x07E0,0x07E0,0x07E0,0x07E0,0x07E0,0x07E0,0x0000,0x0000,0x0000,0x0000,0x0000,0x0000,0x0000,0x0000,
  0x0000,0x0000,0x0000,0x0000,0x0000,0x0000,0x0000,0x0000,0x0000,0x0000,0x0000,0x0000,0x0000,0x0000,0x0000,0x0000,
  0x0000,0x0000,0x0000,0x0000,0x0000,0x0000,0x0000,0x0000,
  0x0000,0x0000,0x0000,0x0000,0x0000,0x0000,0x0000,0x0000,0x0000,0x0000,0x0000,0x0000,0x0000,0x0000,0x0000,0x0000,
  0x0000,0x0000,0x0000,0x0000,0x0000,0x0000,0x0000,0x0000,0x0000,0x0000,0x0000,0x0000,0x0000,0x0000,0x0000,0x0000,
  0x0000,0x0000,0x0000,0x0000,0x0000,0x0000,0x0000,0x07E0,0x07E0,0x07E0,0x07E0,0x07E0,0x07E0,0x07E0,0x07E0,0x07E0,
  0x0000,0x0000,0x0000,0x0000,0x0000,0x0000,0x0000,0x0000,0x07E0,0x07E0,0x07E0,0x07E0,0x07E0,0x07E0,0x07E0,0x07E0,
  0x07E0,0x0000,0x0000,0x0000,0x07E0,0x07E0,0x07E0,0x07E0,0x07E0,0x07E0,0x07E0,0x07E0,0x07E0,0x0000,0x0000,0x0000,
  0x0000,0x0000,0x0000,0x0000,0x0000,0x07E0,0x07E0,0x07E0,0x07E0,0x07E0,0x07E0,0x07E0,0x07E0,0x07E0,0x0000,0x0000,
  0x0000,0x0000,0x0000,0x0000,0x0000,0x0000,0x07E0,0x07E0,0x07E0,0x07E0,0x07E0,0x07E0,0x07E0,0x07E0,0x07E0,0x0000,
  0x0000,0x0000,0x0000,0x0000,0x0000,0x0000,0x0000,0x07E0,0x07E0,0x07E0,0x07E0,0x07E0,0x07E0,0x07E0,0x07E0,0x07E0,
  0x0000,0x0000,0x0000,0x0000,0x0000,0x0000,0x0000,0x0000,0x0000,0x0000,0x0000,0x0000,0x0000,0x07E0,0x07E0,0x07E0,
  0x07E0,0x07E0,0x07E0,0x07E0,0x07E0,0x07E0,0x0000,0x0000,0x0000,0x0000,0x0000,0x0000,0x0000,0x07E0,0x07E0,0x07E0,
  0x07E0,0x07E0,0x07E0,0x07E0,0x07E0,0x07E0,0x07E0,0x0000,0x0000,0x0000,0x0000,0x0000,0x0000,0x0000,0x0000,0x0000,
  0x0000,0x0000,0x0000,0x0000,0x0000,0x0000,0x0000,0x0000,0x0000,0x0000,0x0000,0x0000,0x0000,0x0000,0x0000,0x0000,
  0x0000,0x0000,0x0000,0x0000,0x0000,0x0000,0x0000,0x0000,
  0x0000,0x0000,0x0000,0x0000,0x0000,0x0000,0x0000,0x0000,0x0000,0x0000,0x0000,0x0000,0x0000,0x0000,0x0000,0x0000,
  0x0000,0x0000,0x0000,0x0000,0x0000,0x0000,0x0000,0x0000,0x0000,0x0000,0x0000,0x0000,0x0000,0x0000,0x0000,0x0000,
  0x0000,0x0000,0x0000,0x0000,0x0000,0x0000,0x07E0,0x07E0,0x07E0,0x07E0,0x07E0,0x07E0,0x07E0,0x07E0,0x07E0,0x0000,
  0x0000,0x0000,0x0000,0x0000,0x0000,0x0000,0x0000,0x07E0,0x07E0,0x07E0,0x07E0,0x07E0,0x07E0,0x07E0,0x07E0,0x07E0,
  0x0000,0x0000,0x0000,0x0000,0x0000,0x07E0,0x07E0,0x07E0,0x07E0,0x07E0,0x07E0,0x07E0,0x07E0,0x07E0,0x0000,0x0000,
  0x0000,0x0000,0x0000,0x0000,0x0000,0x0000,0x07E0,0x07E0,0x07E0,0x07E0,0x07E0,0x07E0,0x07E0,0x07E0,0x07E0,0x0000,
  0x0000,0x0000,0x0000,0x0000,0x0000,0x0000,0x0000,0x07E0,0x07E0,0x07E0,0x07E0,0x07E0,0x07E0,0x07E0,0x07E0,0x07E0,
  0x0000,0x0000,0x0000,0x0000,0x0000,0x0000,0x0000,0x0000,0x07E0,0x07E0,0x07E0,0x07E0,0x07E0,0x07E0,0x07E0,0x07E0,
  0x07E0,0x0000,0x0000,0x0000,0x0000,0x0000,0x0000,0x0000,0x0000,0x0000,0x0000,0x0000,0x07E0,0x07E0,0x07E0,0x07E0,
  0x07E0,0x07E0,0x07E0,0x07E0,0x07E0,0x0000,0x0000,0x0000,0x0000,0x0000,0x0000,0x0000,0x0000,0x07E0,0x07E0,0x07E0,
  0x07E0,0x07E0,0x07E0,0x07E0,0x07E0,0x07E0,0x0000,0x0000,0x0000,0x0000,0x0000,0x0000,0x0000,0x0000,0x0000,0x0000,
  0x0000,0x0000,0x0000,0x0000,0x0000,0x0000,0x0000,0x0000,0x0000,0x0000,0x0000,0x0000,0x0000,0x0000,0x0000,0x0000,
  0x0000,0x0000,0x0000,0x0000,0x0000,0x0000,0x0000,0x0000,
  0x0000,0x0000,0x0000,0x0000,0x0000,0x0000,0x0000,0x0000,0x0000,0x0000,0x0000,0x0000,0x0000,0x0000,0x0000,0x0000,
  0x0000,0x0000,0x0000,0x0000,0x0000,0x0000,0x0000,0x0000,0x0000,0x0000,0x0000,0x0000,0x0000,0x0000,0x0000,0x0000,
  0x0000,0x0000,0x0000,0x0000,0x0000,0x07E0,0x07E0,0x07E0,0x07E0,0x07E0,0x07E0,0x07E0,0x07E0,0x07E0,0x0000,0x0000,
  0x0000,0x0000,0x0000,0x0000,0x0000,0x0000,0x07E0,0x07E0,0x07E0,0x07E0,0x07E0,0x07E0,0x07E0,0x07E0,0x07E0,0x0000,
  0x0000,0x0000,0x0000,0x0000,0x0000,0x0000,0x07E0,0x07E0,0x07E0,0x07E0,0x07E0,0x07E0,0x07E0,0x07E0,0x07E0,0x0000,
  0x0000,0x0000,0x0000,0x0000,0x0000,0x0000,0x0000,0x07E0,0x07E0,0x07E0,0x07E0,0x07E0,0x07E0,0x07E0,0x07E0,0x07E0,
  0x0000,0x0000,0x0000,0x0000,0x0000,0x0000,0x0000,0x0000,0x07E0,0x07E0,0x07E0,0x07E0,0x07E0,0x07E0,0x07E0,0x07E0,
  0x07E0,0x0000,0x0000,0x0000,0x0000,0x0000,0x0000,0x0000,0x0000,0x07E0,0x07E0,0x07E0,0x07E0,0x07E0,0x07E0,0x07E0,
  0x07E0,0x07E0,0x0000,0x0000,0x0000,0x0000,0x0000,0x0000,0x0000,0x0000,0x0000,0x07E0,0x07E0,0x07E0,0x07E0,0x07E0,
  0x07E0,0x07E0,0x07E0,0x07E0,0x0000,0x0000,0x0000,0x0000,0x0000,0x0000,0x0000,0x0000,0x07E0,0x07E0,0x07E0,0x07E0,
  0x07E0,0x07E0,0x07E0,0x07E0,0x07E0,0x0000,0x0000,0x0000,0x0000,0x0000,0x0000,0x0000,0x0000,0x0000,0x0000,0x0000,
  0x0000,0x0000,0x0000,0x0000,0x0000,0x0000,0x0000,0x0000,0x0000,0x0000,0x0000,0x0000,0x0000,0x0000,0x0000,0x0000,
  0x0000,0x0000,0x0000,0x0000,0x0000,0x0000,0x0000,0x0000,
  0x0000,0x0000,0x0000,0x0000,0x0000,0x0000,0x0000,0x0000,0x0000,0x0000,0x0000,0x0000,0x0000,0x0000,0x0000,0x0000,
  0x0000,0x0000,0x0000,0x0000,0x0000,0x0000,0x0000,0x0000,0x0000,0x0000,0x0000,0x0000,0x0000,0x0000,0x0000,0x0000,
  0x0000,0x0000,0x0000,0x0000,0x07E0,0x07E0,0x07E0,0x07E0,0x07E0,0x07E0,0x07E0,0x07E0,0x07E0,0x0000,0x0000,0x0000,
  0x0000,0x0000,0x0000,0x0000,0x0000,0x07E0,0x07E0,0x07E0,0x07E0,0x07E0,0x07E0,0x07E0,0x07E0,0x07E0,0x0000,0x0000,
  0x0000,0x0000,0x0000,0x0000,0x0000,0x0000,0x0000,0x07E0,0x07E0,0x07E0,0x07E0,0x07E0,0x07E0,0x07E0,0x07E0,0x07E0,
  0x0000,0x0000,0x0000,0x0000,0x0000,0x0000,0x0000,0x0000,0x07E0,0x07E0,0x07E0,0x07E0,0x07E0,0x07E0,0x07E0,0x07E0,
  0x07E0,0x0000,0x0000,0x0000,0x0000,0x0000,0x0000,0x0000,0x0000,0x07E0,0x07E0,0x07E0,0x07E0,0x07E0,0x07E0,0x07E0,
  0x07E0,0x07E0,0x0000,0x0000,0x0000,0x0000,0x0000,0x0000,0x0000,0x0000,0x07E0,0x07E0,0x07E0,0x07E0,0x07E0,0x07E0,
  0x07E0,0x07E0,0x07E0,0x0000,0x0000,0x0000,0x0000,0x0000,0x0000,0x0000,0x07E0,0x07E0,0x07E0,0x07E0,0x07E0,0x07E0,
  0x07E0,0x07E0,0x07E0,0x0000,0x0000,0x0000,0x0000,0x0000,0x0000,0x0000,0x0000,0x07E0,0x07E0,0x07E0,0x07E0,0x07E0,
  0x07E0,0x07E0,0x07E0,0x07E0,0x0000,0x0000,0x0000,0x0000,0x0000,0x0000,0x0000,0x0000,0x0000,0x0000,0x0000,0x0000,
  0x0000,0x0000,0x0000,0x0000,0x0000,0x0000,0x0000,0x0000,0x0000,0x0000,0x0000,0x0000,0x0000,0x0000,0x0000,0x0000,
  0x0000,0x0000,0x0000,0x0000,0x0000,0x0000,0x0000,0x0000,
  0x0000,0x0000,0x0000,0x0000,0x0000,0x0000,0x0000,0x0000,0x0000,0x0000,0x0000,0x0000,0x0000,0x0000,0x0000,0x0000,
  0x0000,0x0000,0x0000,0x0000,0x0000,0x0000,0x0000,0x0000,0x0000,0x0000,0x0000,0x0000,0x0000,0x0000,0x0000,0x0000,
  0x0000,0x0000,0x0000,0x07E0,0x07E0,0x07E0,0x07E0,0x07E0,0x07E0,0x07E0,0x07E0,0x07E0,0x0000,0x0000,0x0000,0x0000,
  0x0000,0x0000,0x0000,0x0000,0x07E0,0x07E0,0x07E0,0x07E0,0x07E0,0x07E0,0x07E0,0x07E0,0x07E0,0x0000,0x0000,0x0000,
  0x0000,0x0000,0x0000,0x0000,0x0000,0x0000,0x0000,0x0000,0x07E0,0x07E0,0x07E0,0x07E0,0x07E0,0x07E0,0x07E0,0x07E0,
  0x07E0,0x0000,0x0000,0x0000,0x0000,0x0000,0x0000,0x0000,0x0000,0x07E0,0x07E0,0x07E0,0x07E0,0x07E0,0x07E0,0x07E0,
  0x07E0,0x07E0,0x0000,0x0000,0x0000,0x0000,0x0000,0x0000,0x0000,0x0000,0x07E0,0x07E0,0x07E0,0x07E0,0x07E0,0x07E0,
  0x07E0,0x07E0,0x07E0,0x0000,0x0000,0x0000,0x0000,0x0000,0x0000,0x0000,0x0000,0x07E0,0x07E0,0x07E0,0x07E0,0x07E0,
  0x07E0,0x07E0,0x07E0,0x07E0,0x0000,0x0000,0x0000,0x0000,0x0000,0x07E0,0x07E0,0x07E0,0x07E0,0x07E0,0x07E0,0x07E0,
  0x07E0,0x07E0,0x0000,0x0000,0x0000,0x0000,0x0000,0x0000,0x0000,0x0000,0x07E0,0x07E0,0x07E0,0x07E0,0x07E0,0x07E0,
  0x07E0,0x07E0,0x07E0,0x0000,0x0000,0x0000,0x0000,0x0000,0x0000,0x0000,0x0000,0x0000,0x0000,0x0000,0x0000,0x0000,
  0x0000,0x0000,0x0000,0x0000,0x0000,0x0000,0x0000,0x0000,0x0000,0x0000,0x0000,0x0000,0x0000,0x0000,0x0000,0x0000,
  0x0000,0x0000,0x0000,0x0000,0x0000,0x0000,0x0000,0x0000,
  0x0000,0x0000,0x0000,0x0000,0x0000,0x0000,0x0000,0x0000,0x0000,0x0000,0x0000,0x0000,0x0000,0x0000,0x0000,0x0000,
  0x0000,0x0000,0x0000,0x0000,0x0000,0x0000,0x0000,0x0000,0x0000,0x0000,0x0000,0x0000,0x0000,0x0000,0x0000,0x0000,
  0x0000,0x0000,0x07E0,0x07E0,0x07E0,0x07E0,0x07E0,0x07E0,0x07E0,0x07E0,0x07E0,0x0000,0x0000,0x0000,0x0000,0x0000,
  0x0000,0x0000,0x0000,0x07E0,0x07E0,0x07E0,0x07E0,0x07E0,0x07E0,0x07E0,0x07E0,0x07E0,0x0000,0x0000,0x0000,0x0000,
  0x0000,0x0000,0x0000,0x0000,0x0000,0x0000,0x0000,0x0000,0x0000,0x07E0,0x07E0,0x07E0,0x07E0,0x07E0,0x07E0,0x07E0,
  0x07E0,0x07E0,0x0000,0x0000,0x0000,0x0000,0x0000,0x0000,0x0000,0x0000,0x07E0,0x07E0,0x07E0,0x07E0,0x07E0,0x07E0,
  0x07E0,0x07E0,0x07E0,0x0000,0x0000,0x0000,0x0000,0x0000,0x0000,0x0000,0x0000,0x07E0,0x07E0,0x07E0,0x07E0,0x07E0,
  0x07E0,0x07E0,0x07E0,0x07E0,0x0000,0x0000,0x0000,0x0000,0x0000,0x0000,0x0000,0x0000,0x07E0,0x07E0,0x07E0,0x07E0,
  0x07E0,0x07E0,0x07E0,0x07E0,0x07E0,0x0000,0x0000,0x0000,0x07E0,0x07E0,0x07E0,0x07E0,0x07E0,0x07E0,0x07E0,0x07E0,
  0x07E0,0x0000,0x0000,0x0000,0x0000,0x0000,0x0000,0x0000,0x0000,0x07E0,0x07E0,0x07E0,0x07E0,0x07E0,0x07E0,0x07E0,
  0x07E0,0x07E0,0x0000,0x0000,0x0000,0x0000,0x0000,0x0000,0x0000,0x0000,0x0000,0x0000,0x0000,0x0000,0x0000,0x0000,
  0x0000,0x0000,0x0000,0x0000,0x0000,0x0000,0x0000,0x0000,0x0000,0x0000,0x0000,0x0000,0x0000,0x0000,0x0000,0x0000,
  0x0000,0x0000,0x0000,0x0000,0x0000,0x0000,0x0000,0x0000,
  0x0000,0x0000,0x0000,0x0000,0x0000,0x0000,0x0000,0x0000,0x0000,0x0000,0x0000,0x0000,0x0000,0x0000,0x0000,0x0000,
  0x0000,0x0000,0x0000,0x0000,0x0000,0x0000,0x0000,0x0000,0x0000,0x0000,0x0000,0x0000,0x0000,0x0000,0x0000,0x0000,
  0x0000,0x0000,0x07E0,0x07E0,0x07E0,0x07E0,0x07E0,0x07E0,0x07E0,0x07E0,0x0000,0x0000,0x0000,0x0000,0x0000,0x0000,
  0x0000,0x0000,0x07E0,0x07E0,0x07E0,0x07E0,0x07E0,0x07E0,0x07E0,0x07E0,0x07E0,0x0000,0x0000,0x0000,0x0000,0x0000,
  0x0000,0x0000,0x0000,0x0000,0x0000,0x0000,0x0000,0x0000,0x0000,0x0000,0x07E0,0x07E0,0x07E0,0x07E0,0x07E0,0x07E0,
  0x07E0,0x07E0,0x07E0,0x0000,0x0000,0x0000,0x0000,0x0000,0x0000,0x0000,0x0000,0x07E0,0x07E0,0x07E0,0x07E0,0x07E0,
  0x07E0,0x07E0,0x07E0,0x07E0,0x0000,0x0000,0x0000,0x0000,0x0000,0x0000,0x0000,0x0000,0x07E0,0x07E0,0x07E0,0x07E0,
  0x07E0,0x07E0,0x07E0,0x07E0,0x07E0,0x0000,0x0000,0x0000,0x0000,0x0000,0x0000,0x0000,0x0000,0x07E0,0x07E0,0x07E0,
  0x07E0,0x07E0,0x07E0,0x07E0,0x07E0,0x07E0,0x0000,0x07E0,0x07E0,0x07E0,0x07E0,0x07E0,0x07E0,0x07E0,0x07E0,0x07E0,
  0x0000,0x0000,0x0000,0x0000,0x0000,0x0000,0x0000,0x0000,0x07E0,0x07E0,0x07E0,0x07E0,0x07E0,0x07E0,0x07E0,0x07E0,
  0x07E0,0x0000,0x0000,0x0000,0x0000,0x0000,0x0000,0x0000,0x0000,0x0000,0x0000,0x0000,0x0000,0x0000,0x0000,0x0000,
  0x0000,0x0000,0x0000,0x0000,0x0000,0x0000,0x0000,0x0000,0x0000,0x0000,0x0000,0x0000,0x0000,0x0000,0x0000,0x0000,
  0x0000,0x0000,0x0000,0x0000,0x0000,0x0000,0x0000,0x0000,
  0x0000,0x0000,0x0000,0x0000,0x0000,0x0000,0x0000,0x0000,0x0000,0x0000,0x0000,0x0000,0x0000,0x0000,0x0000,0x0000,
  0x0000,0x0000,0x0000,0x0000,0x0000,0x0000,0x0000,0x0000,0x0000,0x0000,0x0000,0x0000,0x0000,0x0000,0x0000,0x0000,
  0x0000,0x0000,0x07E0,0x07E0,0x07E0,0x07E0,0x07E0,0x07E0,0x07E0,0x0000,0x0000,0x0000,0x0000,0x0000,0x0000,0x0000,
  0x0000,0x07E0,0x07E0,0x07E0,0x07E0,0x07E0,0x07E0,0x07E0,0x07E0,0x07E0,0x0000,0x0000,0x0000,0x0000,0x0000,0x0000,
  0x0000,0x0000,0x07E0,0x0000,0x0000,0x0000,0x0000,0x0000,0x0000,0x0000,0x0000,0x07E0,0x07E0,0x07E0,0x07E0,0x07E0,
  0x07E0,0x07E0,0x07E0,0x07E0,0x0000,0x0000,0x0000,0x0000,0x0000,0x0000,0x0000,0x0000,0x07E0,0x07E0,0x07E0,0x07E0,
  0x07E0,0x07E0,0x07E0,0x07E0,0x07E0,0x0000,0x0000,0x0000,0x0000,0x0000,0x0000,0x0000,0x0000,0x07E0,0x07E0,0x07E0,
  0x07E0,0x07E0,0x07E0,0x07E0,0x07E0,0x07E0,0x0000,0x0000,0x0000,0x0000,0x0000,0x0000,0x0000,0x0000,0x07E0,0x07E0,
  0x07E0,0x07E0,0x07E0,0x07E0,0x07E0,0x07E0,0x07E0,0x07E0,0x07E0,0x07E0,0x07E0,0x07E0,0x07E0,0x07E0,0x07E0,0x0000,
  0x0000,0x0000,0x0000,0x0000,0x0000,0x0000,0x0000,0x07E0,0x07E0,0x07E0,0x07E0,0x07E0,0x07E0,0x07E0,0x07E0,0x07E0,
  0x0000,0x0000,0x0000,0x0000,0x0000,0x0000,0x0000,0x0000,0x0000,0x0000,0x0000,0x0000,0x0000,0x0000,0x0000,0x0000,
  0x0000,0x0000,0x0000,0x0000,0x0000,0x0000,0x0000,0x0000,0x0000,0x0000,0x0000,0x0000,0x0000,0x0000,0x0000,0x0000,
  0x0000,0x0000,0x0000,0x0000,0x0000,0x0000,0x0000,0x0000,
  0x0000,0x0000,0x0000,0x0000,0x0000,0x0000,0x0000,0x0000,0x0000,0x0000,0x0000,0x0000,0x0000,0x0000,0x0000,0x0000,
  0x0000,0x0000,0x0000,0x0000,0x0000,0x0000,0x0000,0x0000,0x0000,0x0000,0x0000,0x0000,0x0000,0x0000,0x0000,0x0000,
  0x0000,0x0000,0x07E0,0x07E0,0x07E0,0x07E0,0x07E0,0x07E0,0x0000,0x0000,0x0000,0x0000,0x0000,0x0000,0x0000,0x0000,
  0x07E0,0x07E0,0x07E0,0x07E0,0x07E0,0x07E0,0x07E0,0x07E0,0x07E0,0x0000,0x0000,0x0000,0x0000,0x0000,0x0000,0x0000,
  0x0000,0x07E0,0x07E0,0x07E0,0x0000,0x0000,0x0000,0x0000,0x0000,0x0000,0x0000,0x0000,0x07E0,0x07E0,0x07E0,0x07E0,
  0x07E0,0x07E0,0x07E0,0x07E0,0x07E0,0x0000,0x0000,0x0000,0x0000,0x0000,0x0000,0x0000,0x0000,0x07E0,0x07E0,0x07E0,
  0x07E0,0x07E0,0x07E0,0x07E0,0x07E0,0x07E0,0x0000,0x0000,0x0000,0x0000,0x0000,0x0000,0x0000,0x0000,0x07E0,0x07E0,
  0x07E0,0x07E0,0x07E0,0x07E0,0x07E0,0x07E0,0x07E0,0x0000,0x0000,0x0000,0x0000,0x0000,0x0000,0x0000,0x0000,0x07E0,
  0x07E0,0x07E0,0x07E0,0x07E0,0x07E0,0x07E0,0x07E0,0x07E0,0x07E0,0x07E0,0x07E0,0x07E0,0x07E0,0x07E0,0x0000,0x0000,
  0x0000,0x0000,0x0000,0x0000,0x0000,0x0000,0x07E0,0x07E0,0x07E0,0x07E0,0x07E0,0x07E0,0x07E0,0x07E0,0x07E0,0x0000,
  0x0000,0x0000,0x0000,0x0000,0x0000,0x0000,0x0000,0x0000,0x0000,0x0000,0x0000,0x0000,0x0000,0x0000,0x0000,0x0000,
  0x0000,0x0000,0x0000,0x0000,0x0000,0x0000,0x0000,0x0000,0x0000,0x0000,0x0000,0x0000,0x0000,0x0000,0x0000,0x0000,
  0x0000,0x0000,0x0000,0x0000,0x0000,0x0000,0x0000,0x0000,
  0x0000,0x0000,0x0000,0x0000,0x0000,0x0000,0x0000,0x0000,0x0000,0x0000,0x0000,0x0000,0x0000,0x0000,0x0000,0x0000,
  0x0000,0x0000,0x0000,0x0000,0x0000,0x0000,0x0000,0x0000,0x0000,0x0000,0x0000,0x0000,0x0000,0x0000,0x0000,0x0000,
  0x0000,0x0000,0x0000,0x07E0,0x07E0,0x07E0,0x07E0,0x0000,0x0000,0x0000,0x0000,0x0000,0x0000,0x0000,0x0000,0x07E0,
  0x07E0,0x07E0,0x07E0,0x07E0,0x07E0,0x07E0,0x07E0,0x07E0,0x0000,0x0000,0x0000,0x0000,0x0000,0x0000,0x0000,0x0000,
  0x07E0,0x07E0,0x07E0,0x07E0,0x07E0,0x0000,0x0000,0x0000,0x0000,0x0000,0x0000,0x0000,0x0000,0x07E0,0x07E0,0x07E0,
  0x07E0,0x07E0,0x07E0,0x07E0,0x07E0,0x07E0,0x0000,0x0000,0x0000,0x0000,0x0000,0x0000,0x0000,0x0000,0x07E0,0x07E0,
  0x07E0,0x07E0,0x07E0,0x07E0,0x07E0,0x07E0,0x07E0,0x0000,0x0000,0x0000,0x0000,0x0000,0x0000,0x0000,0x0000,0x07E0,
  0x07E0,0x07E0,0x07E0,0x07E0,0x07E0,0x07E0,0x07E0,0x07E0,0x0000,0x0000,0x0000,0x0000,0x0000,0x0000,0x0000,0x0000,
  0x07E0,0x07E0,0x07E0,0x07E0,0x07E0,0x07E0,0x07E0,0x07E0,0x07E0,0x07E0,0x07E0,0x07E0,0x07E0,0x0000,0x0000,0x0000,
  0x0000,0x0000,0x0000,0x0000,0x0000,0x07E0,0x07E0,0x07E0,0x07E0,0x07E0,0x07E0,0x07E0,0x07E0,0x07E0,0x0000,0x0000,
  0x0000,0x0000,0x0000,0x0000,0x0000,0x0000,0x0000,0x0000,0x0000,0x0000,0x0000,0x0000,0x0000,0x0000,0x0000,0x0000,
  0x07E0,0x07E0,0x07E0,0x0000,0x0000,0x0000,0x0000,0x0000,0x0000,0x0000,0x0000,0x0000,0x0000,0x0000,0x0000,0x0000,
  0x0000,0x0000,0x0000,0x0000,0x0000,0x0000,0x0000,0x0000,
  0x0000,0x0000,0x0000,0x0000,0x0000,0x0000,0x0000,0x0000,0x0000,0x0000,0x0000,0x0000,0x0000,0x0000,0x0000,0x0000,
  0x0000,0x0000,0x0000,0x0000,0x0000,0x0000,0x0000,0x07E0,0x0000,0x0000,0x0000,0x0000,0x0000,0x0000,0x0000,0x0000,
  0x0000,0x0000,0x0000,0x07E0,0x07E0,0x07E0,0x0000,0x0000,0x0000,0x0000,0x0000,0x0000,0x0000,0x0000,0x07E0,0x07E0,
  0x07E0,0x07E0,0x07E0,0x07E0,0x07E0,0x07E0,0x07E0,0x0000,0x0000,0x0000,0x0000,0x0000,0x0000,0x0000,0x0000,0x07E0,
  0x07E0,0x07E0,0x07E0,0x07E0,0x07E0,0x07E0,0x0000,0x0000,0x0000,0x0000,0x0000,0x0000,0x0000,0x0000,0x07E0,0x07E0,
  0x07E0,0x07E0,0x07E0,0x07E0,0x07E0,0x07E0,0x07E0,0x0000,0x0000,0x0000,0x0000,0x0000,0x0000,0x0000,0x0000,0x07E0,
  0x07E0,0x07E0,0x07E0,0x07E0,0x07E0,0x07E0,0x07E0,0x07E0,0x0000,0x0000,0x0000,0x0000,0x0000,0x0000,0x0000,0x0000,
  0x07E0,0x07E0,0x07E0,0x07E0,0x07E0,0x07E0,0x07E0,0x07E0,0x07E0,0x0000,0x0000,0x0000,0x0000,0x0000,0x0000,0x0000,
  0x0000,0x07E0,0x07E0,0x07E0,0x07E0,0x07E0,0x07E0,0x07E0,0x07E0,0x07E0,0x07E0,0x07E0,0x0000,0x0000,0x0000,0x0000,
  0x0000,0x0000,0x0000,0x0000,0x07E0,0x07E0,0x07E0,0x07E0,0x07E0,0x07E0,0x07E0,0x07E0,0x07E0,0x0000,0x0000,0x0000,
  0x0000,0x0000,0x0000,0x0000,0x0000,0x0000,0x0000,0x0000,0x0000,0x0000,0x0000,0x0000,0x0000,0x0000,0x0000,0x0000,
  0x07E0,0x07E0,0x07E0,0x07E0,0x07E0,0x0000,0x0000,0x0000,0x0000,0x0000,0x0000,0x0000,0x0000,0x0000,0x0000,0x0000,
  0x0000,0x0000,0x0000,0x0000,0x0000,0x0000,0x0000,0x0000,
  0x0000,0x0000,0x0000,0x0000,0x0000,0x0000,0x0000,0x0000,0x0000,0x0000,0x0000,0x0000,0x0000,0x0000,0x0000,0x0000,
  0x0000,0x0000,0x0000,0x0000,0x07E0,0x07E0,0x07E0,0x07E0,0x07E0,0x0000,0x0000,0x0000,0x0000,0x0000,0x0000,0x0000,
  0x0000,0x0000,0x0000,0x07E0,0x07E0,0x0000,0x0000,0x0000,0x0000,0x0000,0x0000,0x0000,0x0000,0x07E0,0x07E0,0x07E0,
  0x07E0,0x07E0,0x07E0,0x07E0,0x07E0,0x07E0,0x0000,0x0000,0x0000,0x0000,0x0000,0x0000,0x0000,0x0000,0x07E0,0x07E0,
  0x07E0,0x07E0,0x07E0,0x07E0,0x07E0,0x07E0,0x07E0,0x0000,0x0000,0x0000,0x0000,0x0000,0x0000,0x0000,0x0000,0x07E0,
  0x07E0,0x07E0,0x07E0,0x07E0,0x07E0,0x07E0,0x07E0,0x07E0,0x0000,0x0000,0x0000,0x0000,0x0000,0x0000,0x0000,0x0000,
  0x07E0,0x07E0,0x07E0,0x07E0,0x07E0,0x07E0,0x07E0,0x07E0,0x07E0,0x0000,0x0000,0x0000,0x0000,0x0000,0x0000,0x0000,
  0x0000,0x07E0,0x07E0,0x07E0,0x07E0,0x07E0,0x07E0,0x07E0,0x07E0,0x07E0,0x0000,0x0000,0x0000,0x0000,0x0000,0x0000,
  0x0000,0x0000,0x07E0,0x07E0,0x07E0,0x07E0,0x07E0,0x07E0,0x07E0,0x07E0,0x07E0,0x0000,0x0000,0x0000,0x0000,0x0000,
  0x0000,0x0000,0x0000,0x07E0,0x07E0,0x07E0,0x07E0,0x07E0,0x07E0,0x07E0,0x07E0,0x07E0,0x0000,0x0000,0x0000,0x0000,
  0x0000,0x0000,0x0000,0x0000,0x0000,0x0000,0x0000,0x0000,0x0000,0x0000,0x0000,0x0000,0x0000,0x0000,0x0000,0x0000,
  0x07E0,0x07E0,0x07E0,0x07E0,0x07E0,0x07E0,0x07E0,0x0000,0x0000,0x0000,0x0000,0x0000,0x0000,0x0000,0x0000,0x0000,
  0x0000,0x0000,0x0000,0x0000,0x0000,0x0000,0x0000,0x0000,
  0x0000,0x0000,0x0000,0x0000,0x0000,0x0000,0x0000,0x0000,0x0000,0x0000,0x0000,0x0000,0x0000,0x0000,0x0000,0x0000,
  0x0000,0x0000,0x07E0,0x07E0,0x07E0,0x07E0,0x07E0,0x07E0,0x07E0,0x0000,0x0000,0x0000,0x0000,0x0000,0x0000,0x0000,
  0x0000,0x0000,0x0000,0x0000,0x0000,0x0000,0x0000,0x0000,0x0000,0x0000,0x0000,0x0000,0x07E0,0x07E0,0x07E0,0x07E0,
  0x07E0,0x07E0,0x07E0,0x07E0,0x07E0,0x0000,0x0000,0x0000,0x0000,0x0000,0x0000,0x0000,0x0000,0x07E0,0x07E0,0x07E0,
  0x07E0,0x07E0,0x07E0,0x07E0,0x07E0,0x07E0,0x07E0,0x07E0,0x0000,0x0000,0x0000,0x0000,0x0000,0x0000,0x0000,0x0000,
  0x07E0,0x07E0,0x07E0,0x07E0,0x07E0,0x07E0,0x07E0,0x07E0,0x07E0,0x0000,0x0000,0x0000,0x0000,0x0000,0x0000,0x0000,
  0x0000,0x07E0,0x07E0,0x07E0,0x07E0,0x07E0,0x07E0,0x07E0,0x07E0,0x07E0,0x0000,0x0000,0x0000,0x0000,0x0000,0x0000,
  0x0000,0x0000,0x07E0,0x07E0,0x07E0,0x07E0,0x07E0,0x07E0,0x07E0,0x07E0,0x07E0,0x0000,0x0000,0x0000,0x0000,0x0000,
  0x0000,0x0000,0x0000,0x07E0,0x07E0,0x07E0,0x07E0,0x07E0,0x07E0,0x07E0,0x0000,0x0000,0x0000,0x0000,0x0000,0x0000,
  0x0000,0x0000,0x07E0,0x07E0,0x07E0,0x07E0,0x07E0,0x07E0,0x07E0,0x07E0,0x07E0,0x0000,0x0000,0x0000,0x0000,0x0000,
  0x0000,0x0000,0x07E0,0x07E0,0x0000,0x0000,0x0000,0x0000,0x0000,0x0000,0x0000,0x0000,0x0000,0x0000,0x0000,0x07E0,
  0x07E0,0x07E0,0x07E0,0x07E0,0x07E0,0x07E0,0x07E0,0x07E0,0x07E0,0x07E0,0x0000,0x0000,0x0000,0x0000,0x0000,0x0000,
  0x0000,0x0000,0x0000,0x0000,0x0000,0x0000,0x0000,0x0000,
  0x0000,0x0000,0x0000,0x0000,0x0000,0x0000,0x0000,0x0000,0x0000,0x0000,0x0000,0x0000,0x0000,0x0000,0x0000,0x0000,
  0x07E0,0x07E0,0x07E0,0x07E0,0x07E0,0x07E0,0x07E0,0x07E0,0x07E0,0x0000,0x0000,0x0000,0x0000,0x0000,0x0000,0x0000,
  0x0000,0x0000,0x0000,0x0000,0x0000,0x0000,0x0000,0x0000,0x0000,0x0000,0x0000,0x07E0,0x07E0,0x07E0,0x07E0,0x07E0,
  0x07E0,0x07E0,0x07E0,0x07E0,0x0000,0x0000,0x0000,0x0000,0x0000,0x0000,0x0000,0x0000,0x07E0,0x07E0,0x07E0,0x07E0,
  0x07E0,0x07E0,0x07E0,0x07E0,0x07E0,0x07E0,0x07E0,0x07E0,0x07E0,0x0000,0x0000,0x0000,0x0000,0x0000,0x0000,0x0000,
  0x0000,0x07E0,0x07E0,0x07E0,0x07E0,0x07E0,0x07E0,0x07E0,0x07E0,0x07E0,0x0000,0x0000,0x0000,0x0000,0x0000,0x0000,
  0x0000,0x0000,0x07E0,0x07E0,0x07E0,0x07E0,0x07E0,0x07E0,0x07E0,0x07E0,0x07E0,0x0000,0x0000,0x0000,0x0000,0x0000,
  0x0000,0x0000,0x0000,0x07E0,0x07E0,0x07E0,0x07E0,0x07E0,0x07E0,0x07E0,0x07E0,0x07E0,0x0000,0x0000,0x0000,0x0000,
  0x0000,0x0000,0x0000,0x0000,0x07E0,0x07E0,0x07E0,0x07E0,0x07E0,0x0000,0x0000,0x0000,0x0000,0x0000,0x0000,0x0000,
  0x0000,0x07E0,0x07E0,0x07E0,0x07E0,0x07E0,0x07E0,0x07E0,0x07E0,0x07E0,0x0000,0x0000,0x0000,0x0000,0x0000,0x0000,
  0x0000,0x07E0,0x07E0,0x07E0,0x0000,0x0000,0x0000,0x0000,0x0000,0x0000,0x0000,0x0000,0x0000,0x0000,0x0000,0x07E0,
  0x07E0,0x07E0,0x07E0,0x07E0,0x07E0,0x07E0,0x07E0,0x07E0,0x07E0,0x07E0,0x07E0,0x07E0,0x0000,0x0000,0x0000,0x0000,
  0x0000,0x0000,0x0000,0x0000,0x0000,0x0000,0x0000,0x0000,
  0x0000,0x0000,0x0000,0x0000,0x0000,0x0000,0x0000,0x0000,0x0000,0x0000,0x0000,0x0000,0x0000,0x0000,0x07E0,0x07E0,
  0x07E0,0x07E0,0x07E0,0x07E0,0x07E0,0x07E0,0x07E0,0x07E0,0x07E0,0x07E0,0x0000,0x0000,0x0000,0x0000,0x0000,0x0000,
  0x0000,0x0000,0x0000,0x0000,0x0000,0x0000,0x0000,0x0000,0x0000,0x0000,0x07E0,0x07E0,0x07E0,0x07E0,0x07E0,0x07E0,
  0x07E0,0x07E0,0x07E0,0x0000,0x0000,0x0000,0x0000,0x0000,0x0000,0x0000,0x0000,0x07E0,0x07E0,0x07E0,0x07E0,0x07E0,
  0x07E0,0x07E0,0x07E0,0x07E0,0x07E0,0x07E0,0x07E0,0x07E0,0x07E0,0x07E0,0x0000,0x0000,0x0000,0x0000,0x0000,0x0000,
  0x0000,0x0000,0x07E0,0x07E0,0x07E0,0x07E0,0x07E0,0x07E0,0x07E0,0x07E0,0x07E0,0x0000,0x0000,0x0000,0x0000,0x0000,
  0x0000,0x0000,0x0000,0x07E0,0x07E0,0x07E0,0x07E0,0x07E0,0x07E0,0x07E0,0x07E0,0x07E0,0x0000,0x0000,0x0000,0x0000,
  0x0000,0x0000,0x0000,0x0000,0x07E0,0x07E0,0x07E0,0x07E0,0x07E0,0x07E0,0x07E0,0x07E0,0x07E0,0x0000,0x0000,0x0000,
  0x0000,0x0000,0x0000,0x0000,0x0000,0x07E0,0x07E0,0x07E0,0x0000,0x0000,0x0000,0x0000,0x0000,0x0000,0x0000,0x0000,
  0x07E0,0x07E0,0x07E0,0x07E0,0x07E0,0x07E0,0x07E0,0x07E0,0x07E0,0x0000,0x0000,0x0000,0x0000,0x0000,0x0000,0x0000,
  0x0000,0x07E0,0x07E0,0x0000,0x0000,0x0000,0x0000,0x0000,0x0000,0x0000,0x0000,0x0000,0x0000,0x0000,0x0000,0x07E0,
  0x07E0,0x07E0,0x07E0,0x07E0,0x07E0,0x07E0,0x07E0,0x07E0,0x07E0,0x07E0,0x07E0,0x07E0,0x07E0,0x07E0,0x0000,0x0000,
  0x0000,0x0000,0x0000,0x0000,0x0000,0x0000,0x0000,0x0000,
  0x0000,0x0000,0x0000,0x0000,0x0000,0x0000,0x0000,0x0000,0x0000,0x0000,0x0000,0x07E0,0x07E0,0x07E0,0x07E0,0x07E0,
  0x07E0,0x07E0,0x07E0,0x07E0,0x07E0,0x07E0,0x07E0,0x07E0,0x07E0,0x07E0,0x0000,0x0000,0x0000,0x0000,0x0000,0x0000,
  0x0000,0x0000,0x0000,0x0000,0x0000,0x0000,0x0000,0x0000,0x0000,0x07E0,0x07E0,0x07E0,0x07E0,0x07E0,0x07E0,0x07E0,
  0x07E0,0x07E0,0x0000,0x0000,0x0000,0x0000,0x0000,0x0000,0x0000,0x0000,0x07E0,0x07E0,0x07E0,0x07E0,0x07E0,0x07E0,
  0x07E0,0x07E0,0x07E0,0x07E0,0x07E0,0x07E0,0x07E0,0x07E0,0x07E0,0x07E0,0x07E0,0x0000,0x0000,0x0000,0x0000,0x0000,
  0x0000,0x0000,0x0000,0x07E0,0x07E0,0x07E0,0x07E0,0x07E0,0x07E0,0x07E0,0x07E0,0x07E0,0x0000,0x0000,0x0000,0x0000,
  0x0000,0x0000,0x0000,0x0000,0x07E0,0x07E0,0x07E0,0x07E0,0x07E0,0x07E0,0x07E0,0x07E0,0x07E0,0x0000,0x0000,0x0000,
  0x0000,0x0000,0x0000,0x0000,0x0000,0x07E0,0x07E0,0x07E0,0x07E0,0x07E0,0x07E0,0x07E0,0x07E0,0x07E0,0x0000,0x0000,
  0x0000,0x0000,0x0000,0x0000,0x0000,0x07E0,0x07E0,0x0000,0x0000,0x0000,0x0000,0x0000,0x0000,0x0000,0x0000,0x07E0,
  0x07E0,0x07E0,0x07E0,0x07E0,0x07E0,0x07E0,0x07E0,0x07E0,0x0000,0x0000,0x0000,0x0000,0x0000,0x0000,0x0000,0x07E0,
  0x07E0,0x07E0,0x07E0,0x0000,0x0000,0x0000,0x0000,0x0000,0x0000,0x0000,0x0000,0x0000,0x0000,0x0000,0x0000,0x0000,
  0x07E0,0x07E0,0x07E0,0x07E0,0x07E0,0x07E0,0x07E0,0x07E0,0x07E0,0x07E0,0x07E0,0x07E0,0x07E0,0x07E0,0x07E0,0x07E0,
  0x07E0,0x0000,0x0000,0x0000,0x0000,0x0000,0x0000,0x0000,
  0x0000,0x0000,0x0000,0x0000,0x0000,0x0000,0x0000,0x0000,0x0000,0x07E0,0x07E0,0x07E0,0x07E0,0x07E0,0x07E0,0x07E0,
  0x07E0,0x07E0,0x07E0,0x07E0,0x07E0,0x07E0,0x07E0,0x07E0,0x07E0,0x07E0,0x07E0,0x0000,0x0000,0x0000,0x0000,0x0000,
  0x0000,0x0000,0x0000,0x0000,0x0000,0x0000,0x0000,0x0000,0x07E0,0x07E0,0x07E0,0x07E0,0x07E0,0x07E0,0x07E0,0x07E0,
  0x07E0,0x0000,0x0000,0x0000,0x0000,0x0000,0x0000,0x0000,0x0000,0x07E0,0x07E0,0x07E0,0x07E0,0x07E0,0x07E0,0x07E0,
  0x07E0,0x07E0,0x0000,0x07E0,0x07E0,0x07E0,0x07E0,0x07E0,0x07E0,0x07E0,0x07E0,0x07E0,0x0000,0x0000,0x0000,0x0000,
  0x0000,0x0000,0x0000,0x0000,0x07E0,0x07E0,0x07E0,0x07E0,0x07E0,0x07E0,0x07E0,0x07E0,0x07E0,0x0000,0x0000,0x0000,
  0x0000,0x0000,0x0000,0x0000,0x0000,0x07E0,0x07E0,0x07E0,0x07E0,0x07E0,0x07E0,0x07E0,0x07E0,0x07E0,0x0000,0x0000,
  0x0000,0x0000,0x0000,0x0000,0x0000,0x0000,0x07E0,0x07E0,0x07E0,0x07E0,0x07E0,0x07E0,0x07E0,0x07E0,0x07E0,0x0000,
  0x0000,0x0000,0x0000,0x0000,0x0000,0x0000,0x0000,0x0000,0x0000,0x0000,0x0000,0x0000,0x0000,0x0000,0x07E0,0x07E0,
  0x07E0,0x07E0,0x07E0,0x07E0,0x07E0,0x07E0,0x07E0,0x0000,0x0000,0x0000,0x0000,0x0000,0x0000,0x0000,0x07E0,0x07E0,
  0x07E0,0x07E0,0x0000,0x0000,0x0000,0x0000,0x0000,0x0000,0x0000,0x0000,0x0000,0x0000,0x0000,0x0000,0x0000,0x0000,
  0x07E0,0x07E0,0x07E0,0x07E0,0x07E0,0x07E0,0x07E0,0x07E0,0x07E0,0x07E0,0x07E0,0x07E0,0x07E0,0x07E0,0x07E0,0x07E0,
  0x07E0,0x07E0,0x07E0,0x0000,0x0000,0x0000,0x0000,0x0000,
  0x0000,0x0000,0x0000,0x0000,0x0000,0x0000,0x0000,0x07E0,0x07E0,0x07E0,0x07E0,0x07E0,0x07E0,0x07E0,0x07E0,0x07E0,
  0x07E0,0x07E0,0x07E0,0x07E0,0x07E0,0x07E0,0x07E0,0x07E0,0x07E0,0x07E0,0x07E0,0x0000,0x0000,0x0000,0x0000,0x0000,
  0x0000,0x0000,0x0000,0x0000,0x0000,0x0000,0x0000,0x07E0,0x07E0,0x07E0,0x07E0,0x07E0,0x07E0,0x07E0,0x07E0,0x07E0,
  0x0000,0x0000,0x0000,0x0000,0x0000,0x0000,0x0000,0x0000,0x07E0,0x07E0,0x07E0,0x07E0,0x07E0,0x07E0,0x07E0,0x07E0,
  0x07E0,0x0000,0x0000,0x0000,0x07E0,0x07E0,0x07E0,0x07E0,0x07E0,0x07E0,0x07E0,0x07E0,0x07E0,0x0000,0x0000,0x0000,
  0x0000,0x0000,0x0000,0x0000,0x0000,0x07E0,0x07E0,0x07E0,0x07E0,0x07E0,0x07E0,0x07E0,0x07E0,0x07E0,0x0000,0x0000,
  0x0000,0x0000,0x0000,0x0000,0x0000,0x0000,0x07E0,0x07E0,0x07E0,0x07E0,0x07E0,0x07E0,0x07E0,0x07E0,0x07E0,0x0000,
  0x0000,0x0000,0x0000,0x0000,0x0000,0x0000,0x0000,0x07E0,0x07E0,0x07E0,0x07E0,0x07E0,0x07E0,0x07E0,0x07E0,0x07E0,
  0x0000,0x0000,0x0000,0x0000,0x0000,0x0000,0x0000,0x0000,0x0000,0x0000,0x0000,0x0000,0x0000,0x07E0,0x07E0,0x07E0,
  0x07E0,0x07E0,0x07E0,0x07E0,0x07E0,0x07E0,0x0000,0x0000,0x0000,0x0000,0x0000,0x0000,0x0000,0x07E0,0x07E0,0x07E0,
  0x07E0,0x07E0,0x0000,0x0000,0x0000,0x0000,0x0000,0x0000,0x0000,0x0000,0x0000,0x0000,0x0000,0x0000,0x0000,0x0000,
  0x0000,0x07E0,0x07E0,0x07E0,0x07E0,0x07E0,0x07E0,0x07E0,0x07E0,0x07E0,0x07E0,0x07E0,0x07E0,0x07E0,0x07E0,0x07E0,
  0x07E0,0x07E0,0x07E0,0x0000,0x0000,0x0000,0x0000,0x0000,
  0x0000,0x0000,0x0000,0x0000,0x0000,0x07E0,0x07E0,0x07E0,0x07E0,0x07E0,0x07E0,0x07E0,0x07E0,0x07E0,0x07E0,0x07E0,
  0x07E0,0x07E0,0x07E0,0x07E0,0x0000,0x0000,0x0000,0x07E0,0x07E0,0x07E0,0x07E0,0x07E0,0x0000,0x0000,0x0000,0x0000,
  0x0000,0x0000,0x0000,0x0000,0x0000,0x0000,0x0000,0x07E0,0x07E0,0x07E0,0x07E0,0x07E0,0x07E0,0x07E0,0x07E0,0x0000,
  0x0000,0x0000,0x0000,0x0000,0x0000,0x0000,0x0000,0x07E0,0x07E0,0x07E0,0x07E0,0x07E0,0x07E0,0x07E0,0x07E0,0x07E0,
  0x0000,0x0000,0x0000,0x0000,0x0000,0x07E0,0x07E0,0x07E0,0x07E0,0x07E0,0x07E0,0x07E0,0x07E0,0x07E0,0x0000,0x0000,
  0x0000,0x0000,0x0000,0x0000,0x0000,0x0000,0x07E0,0x07E0,0x07E0,0x07E0,0x07E0,0x07E0,0x07E0,0x07E0,0x07E0,0x0000,
  0x0000,0x0000,0x0000,0x0000,0x0000,0x0000,0x0000,0x07E0,0x07E0,0x07E0,0x07E0,0x07E0,0x07E0,0x07E0,0x07E0,0x07E0,
  0x0000,0x0000,0x0000,0x0000,0x0000,0x0000,0x0000,0x0000,0x07E0,0x07E0,0x07E0,0x07E0,0x07E0,0x07E0,0x07E0,0x07E0,
  0x07E0,0x0000,0x0000,0x0000,0x0000,0x0000,0x0000,0x0000,0x0000,0x0000,0x0000,0x0000,0x07E0,0x07E0,0x07E0,0x07E0,
  0x07E0,0x07E0,0x07E0,0x07E0,0x07E0,0x0000,0x0000,0x0000,0x0000,0x0000,0x0000,0x0000,0x07E0,0x07E0,0x07E0,0x07E0,
  0x07E0,0x0000,0x0000,0x0000,0x0000,0x0000,0x0000,0x0000,0x0000,0x0000,0x0000,0x0000,0x0000,0x0000,0x0000,0x0000,
  0x0000,0x07E0,0x07E0,0x07E0,0x07E0,0x07E0,0x07E0,0x0000,0x07E0,0x07E0,0x07E0,0x07E0,0x07E0,0x07E0,0x07E0,0x07E0,
  0x07E0,0x07E0,0x07E0,0x0000,0x0000,0x0000,0x0000,0x0000,
  0x0000,0x0000,0x0000,0x0000,0x0000,0x0000,0x07E0,0x07E0,0x07E0,0x07E0,0x07E0,0x07E0,0x07E0,0x07E0,0x07E0,0x07E0,
  0x07E0,0x07E0,0x07E0,0x0000,0x0000,0x0000,0x0000,0x07E0,0x07E0,0x07E0,0x07E0,0x07E0,0x0000,0x0000,0x0000,0x0000,
  0x0000,0x0000,0x0000,0x0000,0x0000,0x0000,0x0000,0x07E0,0x07E0,0x07E0,0x07E0,0x07E0,0x07E0,0x07E0,0x0000,0x0000,
  0x0000,0x0000,0x0000,0x0000,0x0000,0x0000,0x07E0,0x07E0,0x07E0,0x07E0,0x07E0,0x07E0,0x07E0,0x07E0,0x07E0,0x0000,
  0x0000,0x0000,0x0000,0x0000,0x0000,0x0000,0x07E0,0x07E0,0x07E0,0x07E0,0x07E0,0x07E0,0x07E0,0x07E0,0x07E0,0x0000,
  0x0000,0x0000,0x0000,0x0000,0x0000,0x0000,0x0000,0x07E0,0x07E0,0x07E0,0x07E0,0x07E0,0x07E0,0x07E0,0x07E0,0x07E0,
  0x0000,0x0000,0x0000,0x0000,0x0000,0x0000,0x0000,0x0000,0x07E0,0x07E0,0x07E0,0x07E0,0x07E0,0x07E0,0x07E0,0x07E0,
  0x07E0,0x0000,0x0000,0x0000,0x0000,0x0000,0x0000,0x0000,0x0000,0x07E0,0x07E0,0x07E0,0x07E0,0x07E0,0x07E0,0x07E0,
  0x07E0,0x07E0,0x0000,0x0000,0x0000,0x0000,0x0000,0x0000,0x0000,0x0000,0x0000,0x07E0,0x07E0,0x07E0,0x07E0,0x07E0,
  0x07E0,0x07E0,0x07E0,0x07E0,0x0000,0x0000,0x0000,0x0000,0x0000,0x0000,0x0000,0x07E0,0x07E0,0x07E0,0x07E0,0x07E0,
  0x07E0,0x0000,0x0000,0x0000,0x0000,0x0000,0x0000,0x0000,0x0000,0x0000,0x0000,0x0000,0x0000,0x0000,0x0000,0x0000,
  0x0000,0x0000,0x07E0,0x07E0,0x07E0,0x07E0,0x07E0,0x07E0,0x0000,0x0000,0x07E0,0x07E0,0x07E0,0x07E0,0x07E0,0x07E0,
  0x07E0,0x07E0,0x0000,0x0000,0x0000,0x0000,0x0000,0x0000,
  0x0000,0x0000,0x0000,0x0000,0x0000,0x0000,0x07E0,0x07E0,0x07E0,0x07E0,0x07E0,0x07E0,0x07E0,0x07E0,0x07E0,0x07E0,
  0x07E0,0x07E0,0x07E0,0x07E0,0x0000,0x0000,0x0000,0x07E0,0x07E0,0x07E0,0x07E0,0x07E0,0x0000,0x0000,0x0000,0x0000,
  0x0000,0x0000,0x0000,0x0000,0x0000,0x0000,0x0000,0x0000,0x07E0,0x07E0,0x07E0,0x07E0,0x07E0,0x0000,0x0000,0x0000,
  0x0000,0x0000,0x0000,0x0000,0x0000,0x07E0,0x07E0,0x07E0,0x07E0,0x07E0,0x07E0,0x07E0,0x07E0,0x07E0,0x0000,0x0000,
  0x0000,0x0000,0x0000,0x0000,0x0000,0x0000,0x07E0,0x07E0,0x07E0,0x07E0,0x07E0,0x07E0,0x07E0,0x07E0,0x07E0,0x0000,
  0x0000,0x0000,0x0000,0x0000,0x0000,0x0000,0x0000,0x07E0,0x07E0,0x07E0,0x07E0,0x07E0,0x07E0,0x07E0,0x07E0,0x07E0,
  0x0000,0x0000,0x0000,0x0000,0x0000,0x0000,0x0000,0x0000,0x07E0,0x07E0,0x07E0,0x07E0,0x07E0,0x07E0,0x07E0,0x07E0,
  0x07E0,0x0000,0x0000,0x0000,0x0000,0x0000,0x0000,0x0000,0x0000,0x07E0,0x07E0,0x07E0,0x07E0,0x07E0,0x07E0,0x07E0,
  0x07E0,0x07E0,0x0000,0x0000,0x0000,0x0000,0x0000,0x0000,0x0000,0x0000,0x07E0,0x07E0,0x07E0,0x07E0,0x07E0,0x07E0,
  0x07E0,0x07E0,0x07E0,0x0000,0x0000,0x0000,0x0000,0x0000,0x0000,0x0000,0x07E0,0x07E0,0x07E0,0x07E0,0x07E0,0x07E0,
  0x0000,0x0000,0x0000,0x0000,0x0000,0x0000,0x0000,0x0000,0x0000,0x0000,0x0000,0x0000,0x0000,0x0000,0x0000,0x0000,
  0x0000,0x0000,0x0000,0x07E0,0x07E0,0x07E0,0x07E0,0x07E0,0x07E0,0x0000,0x0000,0x0000,0x0000,0x07E0,0x07E0,0x07E0,
  0x07E0,0x07E0,0x0000,0x0000,0x0000,0x0000,0x0000,0x0000,
  0x0000,0x0000,0x0000,0x0000,0x0000,0x0000,0x0000,0x07E0,0x07E0,0x07E0,0x07E0,0x07E0,0x07E0,0x0000,0x0000,0x07E0,
  0x07E0,0x07E0,0x07E0,0x07E0,0x0000,0x0000,0x0000,0x0000,0x07E0,0x07E0,0x07E0,0x07E0,0x07E0,0x0000,0x0000,0x0000,
  0x0000,0x0000,0x0000,0x0000,0x0000,0x0000,0x0000,0x0000,0x07E0,0x07E0,0x07E0,0x07E0,0x0000,0x0000,0x0000,0x0000,
  0x0000,0x0000,0x0000,0x0000,0x07E0,0x07E0,0x07E0,0x07E0,0x07E0,0x07E0,0x07E0,0x07E0,0x07E0,0x0000,0x0000,0x0000,
  0x0000,0x0000,0x0000,0x0000,0x0000,0x07E0,0x07E0,0x07E0,0x07E0,0x07E0,0x07E0,0x07E0,0x07E0,0x07E0,0x0000,0x0000,
  0x0000,0x0000,0x0000,0x0000,0x0000,0x0000,0x07E0,0x07E0,0x07E0,0x07E0,0x07E0,0x07E0,0x07E0,0x07E0,0x07E0,0x0000,
  0x0000,0x0000,0x0000,0x0000,0x0000,0x0000,0x0000,0x07E0,0x07E0,0x07E0,0x07E0,0x07E0,0x07E0,0x07E0,0x07E0,0x07E0,
  0x0000,0x0000,0x0000,0x0000,0x0000,0x0000,0x0000,0x0000,0x07E0,0x07E0,0x07E0,0x07E0,0x07E0,0x07E0,0x07E0,0x07E0,
  0x07E0,0x0000,0x0000,0x0000,0x0000,0x0000,0x0000,0x0000,0x0000,0x07E0,0x07E0,0x07E0,0x07E0,0x07E0,0x07E0,0x07E0,
  0x07E0,0x07E0,0x0000,0x0000,0x0000,0x0000,0x0000,0x0000,0x0000,0x07E0,0x07E0,0x07E0,0x07E0,0x07E0,0x07E0,0x0000,
  0x0000,0x0000,0x0000,0x0000,0x0000,0x0000,0x0000,0x0000,0x0000,0x0000,0x0000,0x07E0,0x0000,0x0000,0x0000,0x0000,
  0x0000,0x0000,0x0000,0x07E0,0x07E0,0x07E0,0x07E0,0x07E0,0x07E0,0x0000,0x0000,0x0000,0x0000,0x0000,0x0000,0x07E0,
  0x07E0,0x07E0,0x0000,0x0000,0x0000,0x0000,0x0000,0x0000,
  0x0000,0x0000,0x0000,0x0000,0x0000,0x0000,0x0000,0x07E0,0x07E0,0x07E0,0x07E0,0x07E0,0x0000,0x0000,0x0000,0x0000,
  0x07E0,0x07E0,0x07E0,0x07E0,0x07E0,0x0000,0x0000,0x0000,0x07E0,0x07E0,0x07E0,0x07E0,0x07E0,0x0000,0x0000,0x0000,
  0x0000,0x0000,0x0000,0x0000,0x0000,0x0000,0x0000,0x0000,0x0000,0x07E0,0x07E0,0x0000,0x0000,0x0000,0x0000,0x0000,
  0x0000,0x0000,0x0000,0x07E0,0x07E0,0x07E0,0x07E0,0x07E0,0x07E0,0x07E0,0x07E0,0x07E0,0x0000,0x0000,0x0000,0x0000,
  0x0000,0x0000,0x0000,0x0000,0x07E0,0x07E0,0x07E0,0x07E0,0x07E0,0x07E0,0x07E0,0x07E0,0x07E0,0x0000,0x0000,0x0000,
  0x0000,0x0000,0x0000,0x0000,0x0000,0x07E0,0x07E0,0x07E0,0x07E0,0x07E0,0x07E0,0x07E0,0x07E0,0x07E0,0x0000,0x0000,
  0x0000,0x0000,0x0000,0x0000,0x0000,0x0000,0x07E0,0x07E0,0x07E0,0x07E0,0x07E0,0x07E0,0x07E0,0x07E0,0x07E0,0x0000,
  0x0000,0x0000,0x0000,0x0000,0x0000,0x0000,0x0000,0x07E0,0x07E0,0x07E0,0x07E0,0x07E0,0x07E0,0x07E0,0x07E0,0x07E0,
  0x0000,0x0000,0x0000,0x0000,0x0000,0x0000,0x0000,0x0000,0x07E0,0x07E0,0x07E0,0x07E0,0x07E0,0x07E0,0x07E0,0x07E0,
  0x07E0,0x0000,0x0000,0x0000,0x0000,0x0000,0x0000,0x0000,0x0000,0x07E0,0x07E0,0x07E0,0x07E0,0x07E0,0x07E0,0x0000,
  0x0000,0x0000,0x0000,0x0000,0x0000,0x0000,0x0000,0x0000,0x0000,0x0000,0x0000,0x07E0,0x07E0,0x07E0,0x07E0,0x0000,
  0x0000,0x0000,0x0000,0x0000,0x07E0,0x07E0,0x07E0,0x07E0,0x07E0,0x07E0,0x0000,0x0000,0x0000,0x0000,0x0000,0x0000,
  0x0000,0x0000,0x0000,0x0000,0x0000,0x0000,0x0000,0x0000,
  0x0000,0x0000,0x0000,0x0000,0x0000,0x0000,0x0000,0x07E0,0x07E0,0x07E0,0x07E0,0x07E0,0x0000,0x0000,0x0000,0x0000,
  0x07E0,0x07E0,0x07E0,0x07E0,0x07E0,0x07E0,0x07E0,0x07E0,0x07E0,0x07E0,0x07E0,0x07E0,0x07E0,0x0000,0x0000,0x0000,
  0x0000,0x0000,0x0000,0x0000,0x0000,0x0000,0x0000,0x0000,0x0000,0x0000,0x0000,0x0000,0x0000,0x0000,0x0000,0x0000,
  0x0000,0x0000,0x07E0,0x07E0,0x07E0,0x07E0,0x07E0,0x07E0,0x07E0,0x07E0,0x07E0,0x0000,0x0000,0x0000,0x0000,0x0000,
  0x0000,0x0000,0x0000,0x07E0,0x07E0,0x07E0,0x07E0,0x07E0,0x07E0,0x07E0,0x07E0,0x07E0,0x0000,0x0000,0x0000,0x0000,
  0x0000,0x0000,0x0000,0x0000,0x07E0,0x07E0,0x07E0,0x07E0,0x07E0,0x07E0,0x07E0,0x07E0,0x07E0,0x0000,0x0000,0x0000,
  0x0000,0x0000,0x0000,0x0000,0x0000,0x07E0,0x07E0,0x07E0,0x07E0,0x07E0,0x07E0,0x07E0,0x07E0,0x07E0,0x0000,0x0000,
  0x0000,0x0000,0x0000,0x0000,0x0000,0x0000,0x07E0,0x07E0,0x07E0,0x07E0,0x07E0,0x07E0,0x07E0,0x07E0,0x07E0,0x0000,
  0x0000,0x0000,0x0000,0x0000,0x0000,0x0000,0x0000,0x07E0,0x07E0,0x07E0,0x07E0,0x07E0,0x07E0,0x07E0,0x07E0,0x07E0,
  0x0000,0x0000,0x0000,0x0000,0x0000,0x0000,0x0000,0x0000,0x07E0,0x07E0,0x07E0,0x07E0,0x07E0,0x07E0,0x0000,0x0000,
  0x0000,0x0000,0x0000,0x0000,0x0000,0x0000,0x0000,0x0000,0x0000,0x0000,0x07E0,0x07E0,0x07E0,0x07E0,0x07E0,0x07E0,
  0x07E0,0x0000,0x0000,0x0000,0x07E0,0x07E0,0x07E0,0x07E0,0x07E0,0x07E0,0x0000,0x0000,0x0000,0x0000,0x0000,0x0000,
  0x0000,0x0000,0x0000,0x0000,0x0000,0x0000,0x0000,0x0000,
  0x0000,0x0000,0x0000,0x0000,0x0000,0x0000,0x0000,0x0000,0x07E0,0x07E0,0x07E0,0x07E0,0x07E0,0x0000,0x0000,0x0000,
  0x0000,0x07E0,0x07E0,0x07E0,0x07E0,0x07E0,0x07E0,0x07E0,0x07E0,0x07E0,0x07E0,0x07E0,0x07E0,0x0000,0x0000,0x0000,
  0x0000,0x0000,0x0000,0x0000,0x0000,0x0000,0x0000,0x0000,0x0000,0x0000,0x0000,0x0000,0x0000,0x0000,0x0000,0x0000,
  0x0000,0x07E0,0x07E0,0x07E0,0x07E0,0x07E0,0x07E0,0x07E0,0x07E0,0x07E0,0x0000,0x0000,0x0000,0x0000,0x0000,0x0000,
  0x0000,0x0000,0x07E0,0x07E0,0x07E0,0x07E0,0x07E0,0x07E0,0x07E0,0x07E0,0x07E0,0x0000,0x0000,0x0000,0x0000,0x0000,
  0x0000,0x0000,0x0000,0x07E0,0x07E0,0x07E0,0x07E0,0x07E0,0x07E0,0x07E0,0x07E0,0x07E0,0x0000,0x0000,0x0000,0x0000,
  0x0000,0x0000,0x0000,0x0000,0x07E0,0x07E0,0x07E0,0x07E0,0x07E0,0x07E0,0x07E0,0x07E0,0x07E0,0x0000,0x0000,0x0000,
  0x0000,0x0000,0x0000,0x0000,0x0000,0x07E0,0x07E0,0x07E0,0x07E0,0x07E0,0x07E0,0x07E0,0x07E0,0x07E0,0x0000,0x0000,
  0x0000,0x0000,0x0000,0x0000,0x0000,0x0000,0x07E0,0x07E0,0x07E0,0x07E0,0x07E0,0x07E0,0x07E0,0x07E0,0x07E0,0x0000,
  0x0000,0x0000,0x0000,0x0000,0x0000,0x0000,0x0000,0x07E0,0x07E0,0x07E0,0x07E0,0x07E0,0x07E0,0x0000,0x0000,0x0000,
  0x0000,0x0000,0x0000,0x0000,0x0000,0x0000,0x0000,0x0000,0x0000,0x0000,0x07E0,0x07E0,0x07E0,0x07E0,0x07E0,0x07E0,
  0x07E0,0x07E0,0x07E0,0x0000,0x0000,0x07E0,0x07E0,0x07E0,0x07E0,0x07E0,0x07E0,0x0000,0x0000,0x0000,0x0000,0x0000,
  0x0000,0x0000,0x0000,0x0000,0x0000,0x0000,0x0000,0x0000,
  0x0000,0x0000,0x0000,0x0000,0x0000,0x0000,0x0000,0x0000,0x07E0,0x07E0,0x07E0,0x07E0,0x07E0,0x0000,0x0000,0x0000,
  0x0000,0x07E0,0x07E0,0x07E0,0x07E0,0x07E0,0x07E0,0x07E0,0x07E0,0x07E0,0x07E0,0x07E0,0x07E0,0x0000,0x0000,0x0000,
  0x0000,0x0000,0x0000,0x0000,0x0000,0x0000,0x0000,0x0000,0x0000,0x0000,0x0000,0x0000,0x0000,0x0000,0x0000,0x0000,
  0x07E0,0x07E0,0x07E0,0x07E0,0x07E0,0x07E0,0x07E0,0x07E0,0x07E0,0x0000,0x0000,0x0000,0x0000,0x0000,0x0000,0x0000,
  0x0000,0x07E0,0x07E0,0x07E0,0x07E0,0x07E0,0x07E0,0x07E0,0x07E0,0x07E0,0x0000,0x0000,0x0000,0x0000,0x0000,0x0000,
  0x0000,0x0000,0x07E0,0x07E0,0x07E0,0x07E0,0x07E0,0x07E0,0x07E0,0x07E0,0x07E0,0x0000,0x0000,0x0000,0x0000,0x0000,
  0x0000,0x0000,0x0000,0x07E0,0x07E0,0x07E0,0x07E0,0x07E0,0x07E0,0x07E0,0x07E0,0x07E0,0x0000,0x0000,0x0000,0x0000,
  0x0000,0x0000,0x0000,0x0000,0x07E0,0x07E0,0x07E0,0x07E0,0x07E0,0x07E0,0x07E0,0x07E0,0x07E0,0x0000,0x0000,0x0000,
  0x0000,0x0000,0x0000,0x0000,0x0000,0x07E0,0x07E0,0x07E0,0x07E0,0x07E0,0x07E0,0x07E0,0x07E0,0x07E0,0x0000,0x0000,
  0x0000,0x0000,0x0000,0x0000,0x0000,0x0000,0x07E0,0x07E0,0x07E0,0x07E0,0x07E0,0x07E0,0x07E0,0x0000,0x0000,0x0000,
  0x0000,0x0000,0x0000,0x0000,0x0000,0x0000,0x0000,0x0000,0x0000,0x07E0,0x07E0,0x07E0,0x07E0,0x07E0,0x07E0,0x07E0,
  0x07E0,0x07E0,0x07E0,0x07E0,0x07E0,0x07E0,0x07E0,0x07E0,0x07E0,0x07E0,0x07E0,0x07E0,0x0000,0x0000,0x0000,0x0000,
  0x0000,0x0000,0x0000,0x0000,0x0000,0x0000,0x0000,0x0000,
  0x0000,0x0000,0x0000,0x0000,0x0000,0x0000,0x0000,0x0000,0x0000,0x07E0,0x07E0,0x07E0,0x07E0,0x07E0,0x0000,0x0000,
  0x0000,0x07E0,0x07E0,0x07E0,0x07E0,0x07E0,0x07E0,0x07E0,0x07E0,0x07E0,0x07E0,0x07E0,0x0000,0x0000,0x0000,0x0000,
  0x0000,0x0000,0x0000,0x0000,0x0000,0x0000,0x0000,0x0000,0x0000,0x0000,0x0000,0x0000,0x0000,0x0000,0x0000,0x07E0,
  0x07E0,0x07E0,0x07E0,0x07E0,0x07E0,0x07E0,0x07E0,0x07E0,0x0000,0x0000,0x0000,0x0000,0x0000,0x0000,0x0000,0x0000,
  0x07E0,0x07E0,0x07E0,0x07E0,0x07E0,0x07E0,0x07E0,0x07E0,0x07E0,0x0000,0x0000,0x0000,0x0000,0x0000,0x0000,0x0000,
  0x0000,0x07E0,0x07E0,0x07E0,0x07E0,0x07E0,0x07E0,0x07E0,0x07E0,0x07E0,0x0000,0x0000,0x0000,0x0000,0x0000,0x0000,
  0x0000,0x0000,0x07E0,0x07E0,0x07E0,0x07E0,0x07E0,0x07E0,0x07E0,0x07E0,0x07E0,0x0000,0x0000,0x0000,0x0000,0x0000,
  0x0000,0x0000,0x0000,0x07E0,0x07E0,0x07E0,0x07E0,0x07E0,0x07E0,0x07E0,0x07E0,0x07E0,0x0000,0x0000,0x0000,0x0000,
  0x0000,0x0000,0x0000,0x0000,0x07E0,0x07E0,0x07E0,0x07E0,0x07E0,0x07E0,0x07E0,0x07E0,0x07E0,0x0000,0x0000,0x0000,
  0x0000,0x0000,0x0000,0x0000,0x0000,0x07E0,0x07E0,0x07E0,0x07E0,0x07E0,0x07E0,0x07E0,0x0000,0x0000,0x0000,0x0000,
  0x0000,0x0000,0x0000,0x0000,0x0000,0x0000,0x0000,0x0000,0x0000,0x07E0,0x07E0,0x07E0,0x07E0,0x07E0,0x07E0,0x07E0,
  0x07E0,0x07E0,0x07E0,0x07E0,0x07E0,0x07E0,0x07E0,0x07E0,0x07E0,0x07E0,0x07E0,0x07E0,0x0000,0x0000,0x0000,0x0000,
  0x0000,0x0000,0x0000,0x0000,0x0000,0x0000,0x0000,0x0000,
  0x0000,0x0000,0x0000,0x0000,0x0000,0x0000,0x0000,0x0000,0x0000,0x07E0,0x07E0,0x07E0,0x07E0,0x07E0,0x07E0,0x07E0,
  0x07E0,0x07E0,0x07E0,0x07E0,0x07E0,0x07E0,0x07E0,0x07E0,0x07E0,0x07E0,0x07E0,0x07E0,0x0000,0x0000,0x0000,0x0000,
  0x0000,0x0000,0x0000,0x0000,0x0000,0x0000,0x0000,0x0000,0x0000,0x0000,0x0000,0x0000,0x0000,0x0000,0x07E0,0x07E0,
  0x07E0,0x07E0,0x07E0,0x07E0,0x07E0,0x07E0,0x07E0,0x0000,0x0000,0x0000,0x0000,0x0000,0x0000,0x0000,0x0000,0x07E0,
  0x07E0,0x07E0,0x07E0,0x07E0,0x07E0,0x07E0,0x07E0,0x07E0,0x0000,0x0000,0x0000,0x0000,0x0000,0x0000,0x0000,0x0000,
  0x07E0,0x07E0,0x07E0,0x07E0,0x07E0,0x07E0,0x07E0,0x07E0,0x07E0,0x0000,0x0000,0x0000,0x0000,0x0000,0x0000,0x0000,
  0x0000,0x07E0,0x07E0,0x07E0,0x07E0,0x07E0,0x07E0,0x07E0,0x07E0,0x07E0,0x0000,0x0000,0x0000,0x0000,0x0000,0x0000,
  0x0000,0x0000,0x07E0,0x07E0,0x07E0,0x07E0,0x07E0,0x07E0,0x07E0,0x07E0,0x07E0,0x0000,0x0000,0x0000,0x0000,0x0000,
  0x0000,0x0000,0x0000,0x07E0,0x07E0,0x07E0,0x07E0,0x07E0,0x07E0,0x07E0,0x07E0,0x07E0,0x0000,0x0000,0x0000,0x0000,
  0x0000,0x0000,0x0000,0x0000,0x07E0,0x07E0,0x07E0,0x07E0,0x07E0,0x07E0,0x07E0,0x0000,0x0000,0x0000,0x0000,0x0000,
  0x0000,0x0000,0x0000,0x0000,0x0000,0x0000,0x0000,0x0000,0x0000,0x0000,0x0000,0x07E0,0x07E0,0x07E0,0x07E0,0x07E0,
  0x07E0,0x07E0,0x07E0,0x07E0,0x07E0,0x07E0,0x07E0,0x07E0,0x07E0,0x07E0,0x07E0,0x07E0,0x07E0,0x0000,0x0000,0x0000,
  0x0000,0x0000,0x0000,0x0000,0x0000,0x0000,0x0000,0x0000,
  0x0000,0x0000,0x0000,0x0000,0x0000,0x0000,0x0000,0x0000,0x0000,0x0000,0x07E0,0x07E0,0x07E0,0x07E0,0x07E0,0x07E0,
  0x07E0,0x07E0,0x07E0,0x07E0,0x07E0,0x0000,0x07E0,0x07E0,0x07E0,0x07E0,0x0000,0x0000,0x0000,0x0000,0x0000,0x0000,
  0x0000,0x0000,0x0000,0x0000,0x0000,0x0000,0x0000,0x0000,0x0000,0x0000,0x0000,0x0000,0x0000,0x07E0,0x07E0,0x07E0,
  0x07E0,0x07E0,0x07E0,0x07E0,0x07E0,0x07E0,0x0000,0x0000,0x0000,0x0000,0x0000,0x0000,0x0000,0x0000,0x07E0,0x07E0,
  0x07E0,0x07E0,0x07E0,0x07E0,0x07E0,0x07E0,0x07E0,0x0000,0x0000,0x0000,0x0000,0x0000,0x0000,0x0000,0x0000,0x07E0,
  0x07E0,0x07E0,0x07E0,0x07E0,0x07E0,0x07E0,0x07E0,0x07E0,0x0000,0x0000,0x0000,0x0000,0x0000,0x0000,0x0000,0x0000,
  0x07E0,0x07E0,0x07E0,0x07E0,0x07E0,0x07E0,0x07E0,0x07E0,0x07E0,0x0000,0x0000,0x0000,0x0000,0x0000,0x0000,0x0000,
  0x0000,0x07E0,0x07E0,0x07E0,0x07E0,0x07E0,0x07E0,0x07E0,0x07E0,0x07E0,0x0000,0x0000,0x0000,0x0000,0x0000,0x0000,
  0x0000,0x0000,0x07E0,0x07E0,0x07E0,0x07E0,0x07E0,0x07E0,0x07E0,0x07E0,0x07E0,0x0000,0x0000,0x0000,0x0000,0x0000,
  0x0000,0x0000,0x0000,0x07E0,0x07E0,0x07E0,0x07E0,0x07E0,0x07E0,0x07E0,0x07E0,0x0000,0x0000,0x0000,0x0000,0x0000,
  0x0000,0x0000,0x0000,0x0000,0x0000,0x0000,0x0000,0x0000,0x0000,0x0000,0x0000,0x0000,0x0000,0x07E0,0x07E0,0x07E0,
  0x07E0,0x07E0,0x07E0,0x07E0,0x07E0,0x07E0,0x07E0,0x07E0,0x07E0,0x07E0,0x07E0,0x07E0,0x07E0,0x0000,0x0000,0x0000,
  0x0000,0x0000,0x0000,0x0000,0x0000,0x0000,0x0000,0x0000,
  0x0000,0x0000,0x0000,0x0000,0x0000,0x0000,0x0000,0x0000,0x0000,0x0000,0x07E0,0x07E0,0x07E0,0x07E0,0x07E0,0x07E0,
  0x07E0,0x07E0,0x07E0,0x07E0,0x07E0,0x0000,0x0000,0x0000,0x0000,0x0000,0x0000,0x0000,0x0000,0x0000,0x0000,0x0000,
  0x0000,0x0000,0x0000,0x0000,0x0000,0x0000,0x0000,0x0000,0x0000,0x0000,0x0000,0x0000,0x0000,0x0000,0x07E0,0x07E0,
  0x07E0,0x07E0,0x07E0,0x07E0,0x07E0,0x0000,0x0000,0x0000,0x0000,0x0000,0x0000,0x0000,0x0000,0x07E0,0x07E0,0x07E0,
  0x07E0,0x07E0,0x07E0,0x07E0,0x07E0,0x07E0,0x0000,0x0000,0x0000,0x0000,0x0000,0x0000,0x0000,0x0000,0x07E0,0x07E0,
  0x07E0,0x07E0,0x07E0,0x07E0,0x07E0,0x07E0,0x07E0,0x0000,0x0000,0x0000,0x0000,0x0000,0x0000,0x0000,0x0000,0x07E0,
  0x07E0,0x07E0,0x07E0,0x07E0,0x07E0,0x07E0,0x07E0,0x07E0,0x0000,0x0000,0x0000,0x0000,0x0000,0x0000,0x0000,0x0000,
  0x07E0,0x07E0,0x07E0,0x07E0,0x07E0,0x07E0,0x07E0,0x07E0,0x07E0,0x0000,0x0000,0x0000,0x0000,0x0000,0x0000,0x0000,
  0x0000,0x07E0,0x07E0,0x07E0,0x07E0,0x07E0,0x07E0,0x07E0,0x07E0,0x07E0,0x0000,0x0000,0x0000,0x0000,0x0000,0x0000,
  0x0000,0x0000,0x07E0,0x07E0,0x07E0,0x07E0,0x07E0,0x07E0,0x07E0,0x07E0,0x0000,0x0000,0x0000,0x0000,0x0000,0x0000,
  0x0000,0x0000,0x0000,0x0000,0x0000,0x0000,0x0000,0x0000,0x0000,0x0000,0x0000,0x0000,0x0000,0x0000,0x0000,0x07E0,
  0x07E0,0x07E0,0x07E0,0x07E0,0x07E0,0x07E0,0x07E0,0x07E0,0x07E0,0x07E0,0x07E0,0x07E0,0x07E0,0x07E0,0x0000,0x0000,
  0x0000,0x0000,0x0000,0x0000,0x0000,0x0000,0x0000,0x0000,
  0x0000,0x0000,0x0000,0x0000,0x0000,0x0000,0x0000,0x0000,0x0000,0x0000,0x0000,0x07E0,0x07E0,0x07E0,0x07E0,0x07E0,
  0x07E0,0x07E0,0x07E0,0x07E0,0x07E0,0x0000,0x0000,0x0000,0x0000,0x0000,0x0000,0x0000,0x0000,0x0000,0x0000,0x0000,
  0x0000,0x0000,0x0000,0x0000,0x0000,0x0000,0x0000,0x0000,0x0000,0x0000,0x0000,0x0000,0x0000,0x0000,0x0000,0x07E0,
  0x07E0,0x07E0,0x07E0,0x07E0,0x0000,0x0000,0x0000,0x0000,0x0000,0x0000,0x0000,0x0000,0x07E0,0x07E0,0x07E0,0x07E0,
  0x07E0,0x07E0,0x07E0,0x07E0,0x07E0,0x0000,0x0000,0x0000,0x0000,0x0000,0x0000,0x0000,0x0000,0x07E0,0x07E0,0x07E0,
  0x07E0,0x07E0,0x07E0,0x07E0,0x07E0,0x07E0,0x0000,0x0000,0x0000,0x0000,0x0000,0x0000,0x0000,0x0000,0x07E0,0x07E0,
  0x07E0,0x07E0,0x07E0,0x07E0,0x07E0,0x07E0,0x07E0,0x0000,0x0000,0x0000,0x0000,0x0000,0x0000,0x0000,0x0000,0x07E0,
  0x07E0,0x07E0,0x07E0,0x07E0,0x07E0,0x07E0,0x07E0,0x07E0,0x0000,0x0000,0x0000,0x0000,0x0000,0x0000,0x0000,0x0000,
  0x07E0,0x07E0,0x07E0,0x07E0,0x07E0,0x07E0,0x07E0,0x07E0,0x07E0,0x0000,0x0000,0x0000,0x0000,0x0000,0x0000,0x0000,
  0x0000,0x07E0,0x07E0,0x07E0,0x07E0,0x07E0,0x07E0,0x07E0,0x07E0,0x0000,0x0000,0x0000,0x0000,0x0000,0x0000,0x0000,
  0x0000,0x0000,0x0000,0x0000,0x0000,0x0000,0x0000,0x0000,0x0000,0x0000,0x0000,0x0000,0x0000,0x0000,0x0000,0x0000,
  0x0000,0x0000,0x07E0,0x07E0,0x07E0,0x07E0,0x07E0,0x07E0,0x07E0,0x07E0,0x07E0,0x07E0,0x07E0,0x07E0,0x0000,0x0000,
  0x0000,0x0000,0x0000,0x0000,0x0000,0x0000,0x0000,0x0000,
  0x0000,0x0000,0x0000,0x0000,0x0000,0x0000,0x0000,0x0000,0x0000,0x0000,0x0000,0x0000,0x07E0,0x07E0,0x07E0,0x07E0,
  0x07E0,0x07E0,0x07E0,0x07E0,0x0000,0x0000,0x0000,0x0000,0x0000,0x0000,0x0000,0x0000,0x0000,0x0000,0x0000,0x0000,
  0x0000,0x0000,0x0000,0x0000,0x0000,0x0000,0x0000,0x0000,0x0000,0x0000,0x0000,0x0000,0x0000,0x0000,0x0000,0x0000,
  0x07E0,0x07E0,0x07E0,0x0000,0x0000,0x0000,0x0000,0x0000,0x0000,0x0000,0x0000,0x07E0,0x07E0,0x07E0,0x07E0,0x07E0,
  0x07E0,0x07E0,0x07E0,0x07E0,0x0000,0x0000,0x0000,0x0000,0x0000,0x0000,0x0000,0x0000,0x07E0,0x07E0,0x07E0,0x07E0,
  0x07E0,0x07E0,0x07E0,0x07E0,0x07E0,0x0000,0x0000,0x0000,0x0000,0x0000,0x0000,0x0000,0x0000,0x07E0,0x07E0,0x07E0,
  0x07E0,0x07E0,0x07E0,0x07E0,0x07E0,0x07E0,0x0000,0x0000,0x0000,0x0000,0x0000,0x0000,0x0000,0x0000,0x07E0,0x07E0,
  0x07E0,0x07E0,0x07E0,0x07E0,0x07E0,0x07E0,0x07E0,0x0000,0x0000,0x0000,0x0000,0x0000,0x0000,0x0000,0x0000,0x07E0,
  0x07E0,0x07E0,0x07E0,0x07E0,0x07E0,0x07E0,0x07E0,0x07E0,0x0000,0x0000,0x0000,0x0000,0x0000,0x0000,0x0000,0x0000,
  0x07E0,0x07E0,0x07E0,0x07E0,0x07E0,0x07E0,0x07E0,0x07E0,0x0000,0x0000,0x0000,0x0000,0x0000,0x0000,0x0000,0x0000,
  0x0000,0x0000,0x0000,0x0000,0x0000,0x0000,0x0000,0x0000,0x0000,0x0000,0x0000,0x0000,0x0000,0x0000,0x0000,0x0000,
  0x0000,0x0000,0x0000,0x0000,0x07E0,0x07E0,0x07E0,0x07E0,0x07E0,0x07E0,0x07E0,0x07E0,0x07E0,0x0000,0x0000,0x0000,
  0x0000,0x0000,0x0000,0x0000,0x0000,0x0000,0x0000,0x0000,
  0x0000,0x0000,0x0000,0x0000,0x0000,0x0000,0x0000,0x0000,0x0000,0x0000,0x0000,0x0000,0x0000,0x07E0,0x07E0,0x07E0,
  0x07E0,0x07E0,0x07E0,0x0000,0x0000,0x0000,0x0000,0x0000,0x0000,0x0000,0x0000,0x0000,0x0000,0x0000,0x0000,0x0000,
  0x0000,0x0000,0x0000,0x0000,0x0000,0x0000,0x0000,0x0000,0x0000,0x0000,0x0000,0x0000,0x0000,0x0000,0x0000,0x0000,
  0x0000,0x07E0,0x0000,0x0000,0x0000,0x0000,0x0000,0x0000,0x0000,0x0000,0x07E0,0x07E0,0x07E0,0x07E0,0x07E0,0x07E0,
  0x07E0,0x07E0,0x07E0,0x0000,0x0000,0x0000,0x0000,0x0000,0x0000,0x0000,0x0000,0x07E0,0x07E0,0x07E0,0x07E0,0x07E0,
  0x07E0,0x07E0,0x07E0,0x07E0,0x0000,0x0000,0x0000,0x0000,0x0000,0x0000,0x0000,0x0000,0x07E0,0x07E0,0x07E0,0x07E0,
  0x07E0,0x07E0,0x07E0,0x07E0,0x07E0,0x0000,0x0000,0x0000,0x0000,0x0000,0x0000,0x0000,0x0000,0x07E0,0x07E0,0x07E0,
  0x07E0,0x07E0,0x07E0,0x07E0,0x07E0,0x07E0,0x0000,0x0000,0x0000,0x0000,0x0000,0x0000,0x0000,0x0000,0x07E0,0x07E0,
  0x07E0,0x07E0,0x07E0,0x07E0,0x07E0,0x07E0,0x07E0,0x0000,0x0000,0x0000,0x0000,0x0000,0x0000,0x0000,0x0000,0x07E0,
  0x07E0,0x07E0,0x07E0,0x07E0,0x07E0,0x07E0,0x07E0,0x0000,0x0000,0x0000,0x0000,0x0000,0x0000,0x0000,0x0000,0x0000,
  0x0000,0x0000,0x0000,0x0000,0x0000,0x0000,0x0000,0x0000,0x0000,0x0000,0x0000,0x0000,0x0000,0x0000,0x0000,0x0000,
  0x0000,0x0000,0x0000,0x0000,0x0000,0x0000,0x07E0,0x07E0,0x07E0,0x07E0,0x07E0,0x07E0,0x07E0,0x0000,0x0000,0x0000,
  0x0000,0x0000,0x0000,0x0000,0x0000,0x0000,0x0000,0x0000,
  0x0000,0x0000,0x0000,0x0000,0x0000,0x0000,0x0000,0x0000,0x0000,0x0000,0x0000,0x0000,0x0000,0x0000,0x0000,0x07E0,
  0x07E0,0x0000,0x0000,0x0000,0x0000,0x0000,0x0000,0x0000,0x0000,0x0000,0x0000,0x0000,0x0000,0x0000,0x0000,0x0000,
  0x0000,0x0000,0x0000,0x0000,0x0000,0x0000,0x0000,0x0000,0x0000,0x0000,0x0000,0x0000,0x0000,0x0000,0x0000,0x0000,
  0x0000,0x0000,0x0000,0x0000,0x0000,0x0000,0x0000,0x0000,0x0000,0x07E0,0x07E0,0x07E0,0x07E0,0x07E0,0x07E0,0x07E0,
  0x07E0,0x07E0,0x0000,0x0000,0x0000,0x0000,0x0000,0x0000,0x0000,0x0000,0x07E0,0x07E0,0x07E0,0x07E0,0x07E0,0x07E0,
  0x07E0,0x07E0,0x07E0,0x0000,0x0000,0x0000,0x0000,0x0000,0x0000,0x0000,0x0000,0x07E0,0x07E0,0x07E0,0x07E0,0x07E0,
  0x07E0,0x07E0,0x07E0,0x07E0,0x0000,0x0000,0x0000,0x0000,0x0000,0x0000,0x0000,0x0000,0x07E0,0x07E0,0x07E0,0x07E0,
  0x07E0,0x07E0,0x07E0,0x07E0,0x07E0,0x0000,0x0000,0x0000,0x0000,0x0000,0x0000,0x0000,0x0000,0x07E0,0x07E0,0x07E0,
  0x07E0,0x07E0,0x07E0,0x07E0,0x07E0,0x07E0,0x0000,0x0000,0x0000,0x0000,0x0000,0x0000,0x0000,0x0000,0x07E0,0x07E0,
  0x07E0,0x07E0,0x07E0,0x07E0,0x07E0,0x07E0,0x0000,0x0000,0x0000,0x0000,0x0000,0x0000,0x0000,0x0000,0x0000,0x0000,
  0x0000,0x0000,0x0000,0x0000,0x0000,0x0000,0x0000,0x0000,0x0000,0x0000,0x0000,0x0000,0x0000,0x0000,0x0000,0x0000,
  0x0000,0x0000,0x0000,0x0000,0x0000,0x0000,0x0000,0x0000,0x0000,0x07E0,0x07E0,0x07E0,0x0000,0x0000,0x0000,0x0000,
  0x0000,0x0000,0x0000,0x0000,0x0000,0x0000,0x0000,0x0000,
  0x0000,0x0000,0x0000,0x0000,0x0000,0x0000,0x0000,0x0000,0x0000,0x0000,0x0000,0x0000,0x0000,0x0000,0x0000,0x0000,
  0x0000,0x0000,0x0000,0x0000,0x0000,0x0000,0x0000,0x0000,0x0000,0x0000,0x0000,0x0000,0x0000,0x0000,0x0000,0x0000,
  0x0000,0x0000,0x0000,0x0000,0x0000,0x0000,0x0000,0x0000,0x0000,0x0000,0x0000,0x0000,0x0000,0x0000,0x0000,0x0000,
  0x0000,0x0000,0x0000,0x0000,0x0000,0x0000,0x0000,0x0000,0x07E0,0x07E0,0x07E0,0x07E0,0x07E0,0x07E0,0x07E0,0x07E0,
  0x07E0,0x0000,0x0000,0x0000,0x0000,0x0000,0x0000,0x0000,0x0000,0x07E0,0x07E0,0x07E0,0x07E0,0x07E0,0x07E0,0x07E0,
  0x07E0,0x07E0,0x0000,0x0000,0x0000,0x0000,0x0000,0x0000,0x0000,0x0000,0x07E0,0x07E0,0x07E0,0x07E0,0x07E0,0x07E0,
  0x07E0,0x07E0,0x07E0,0x0000,0x0000,0x0000,0x0000,0x0000,0x0000,0x0000,0x0000,0x07E0,0x07E0,0x07E0,0x07E0,0x07E0,
  0x07E0,0x07E0,0x07E0,0x07E0,0x0000,0x0000,0x0000,0x0000,0x0000,0x0000,0x0000,0x0000,0x07E0,0x07E0,0x07E0,0x07E0,
  0x07E0,0x07E0,0x07E0,0x07E0,0x07E0,0x0000,0x0000,0x0000,0x0000,0x0000,0x0000,0x0000,0x0000,0x07E0,0x07E0,0x07E0,
  0x07E0,0x07E0,0x07E0,0x07E0,0x07E0,0x0000,0x0000,0x0000,0x0000,0x0000,0x0000,0x0000,0x0000,0x0000,0x0000,0x0000,
  0x0000,0x0000,0x0000,0x0000,0x0000,0x0000,0x0000,0x0000,0x0000,0x0000,0x0000,0x0000,0x0000,0x0000,0x0000,0x0000,
  0x0000,0x0000,0x0000,0x0000,0x0000,0x0000,0x0000,0x0000,0x0000,0x0000,0x0000,0x07E0,0x0000,0x0000,0x0000,0x0000,
  0x0000,0x0000,0x0000,0x0000,0x0000,0x0000,0x0000,0x0000,
  0x0000,0x0000,0x0000,0x0000,0x0000,0x0000,0x0000,0x0000,0x0000,0x0000,0x0000,0x0000,0x0000,0x0000,0x0000,0x0000,
  0x0000,0x0000,0x0000,0x0000,0x0000,0x0000,0x0000,0x0000,0x0000,0x0000,0x0000,0x0000,0x0000,0x0000,0x0000,0x0000,
  0x0000,0x0000,0x0000,0x0000,0x07E0,0x0000,0x0000,0x0000,0x0000,0x0000,0x0000,0x0000,0x0000,0x0000,0x0000,0x0000,
  0x0000,0x0000,0x0000,0x0000,0x0000,0x0000,0x0000,0x07E0,0x07E0,0x07E0,0x07E0,0x07E0,0x07E0,0x07E0,0x07E0,0x07E0,
  0x0000,0x0000,0x0000,0x0000,0x0000,0x0000,0x0000,0x0000,0x07E0,0x07E0,0x07E0,0x07E0,0x07E0,0x07E0,0x07E0,0x07E0,
  0x07E0,0x0000,0x0000,0x0000,0x0000,0x0000,0x0000,0x0000,0x0000,0x07E0,0x07E0,0x07E0,0x07E0,0x07E0,0x07E0,0x07E0,
  0x07E0,0x07E0,0x0000,0x0000,0x0000,0x0000,0x0000,0x0000,0x0000,0x0000,0x07E0,0x07E0,0x07E0,0x07E0,0x07E0,0x07E0,
  0x07E0,0x07E0,0x07E0,0x0000,0x0000,0x0000,0x0000,0x0000,0x0000,0x0000,0x0000,0x07E0,0x07E0,0x07E0,0x07E0,0x07E0,
  0x07E0,0x07E0,0x07E0,0x07E0,0x0000,0x0000,0x0000,0x0000,0x0000,0x0000,0x0000,0x0000,0x07E0,0x07E0,0x07E0,0x07E0,
  0x07E0,0x07E0,0x07E0,0x07E0,0x0000,0x0000,0x0000,0x0000,0x0000,0x0000,0x0000,0x0000,0x0000,0x0000,0x0000,0x0000,
  0x0000,0x0000,0x0000,0x0000,0x0000,0x0000,0x0000,0x0000,0x0000,0x0000,0x0000,0x0000,0x0000,0x0000,0x0000,0x0000,
  0x0000,0x0000,0x0000,0x0000,0x0000,0x0000,0x0000,0x0000,0x0000,0x0000,0x0000,0x0000,0x0000,0x0000,0x0000,0x0000,
  0x0000,0x0000,0x0000,0x0000,0x0000,0x0000,0x0000,0x0000,
  0x0000,0x0000,0x0000,0x0000,0x0000,0x0000,0x0000,0x0000,0x0000,0x0000,0x0000,0x0000,0x0000,0x0000,0x0000,0x0000,
  0x0000,0x0000,0x0000,0x0000,0x0000,0x0000,0x0000,0x0000,0x0000,0x0000,0x0000,0x0000,0x0000,0x0000,0x0000,0x0000,
  0x0000,0x0000,0x0000,0x07E0,0x07E0,0x07E0,0x0000,0x0000,0x0000,0x0000,0x0000,0x0000,0x0000,0x0000,0x0000,0x0000,
  0x0000,0x0000,0x0000,0x0000,0x0000,0x0000,0x07E0,0x07E0,0x07E0,0x07E0,0x07E0,0x07E0,0x07E0,0x07E0,0x07E0,0x0000,
  0x0000,0x0000,0x0000,0x0000,0x0000,0x0000,0x0000,0x07E0,0x07E0,0x07E0,0x07E0,0x07E0,0x07E0,0x07E0,0x07E0,0x07E0,
  0x0000,0x0000,0x0000,0x0000,0x0000,0x0000,0x0000,0x0000,0x07E0,0x07E0,0x07E0,0x07E0,0x07E0,0x07E0,0x07E0,0x07E0,
  0x07E0,0x0000,0x0000,0x0000,0x0000,0x0000,0x0000,0x0000,0x0000,0x07E0,0x07E0,0x07E0,0x07E0,0x07E0,0x07E0,0x07E0,
  0x07E0,0x07E0,0x0000,0x0000,0x0000,0x0000,0x0000,0x0000,0x0000,0x0000,0x07E0,0x07E0,0x07E0,0x07E0,0x07E0,0x07E0,
  0x07E0,0x07E0,0x07E0,0x0000,0x0000,0x0000,0x0000,0x0000,0x0000,0x0000,0x0000,0x07E0,0x07E0,0x07E0,0x07E0,0x07E0,
  0x07E0,0x07E0,0x07E0,0x0000,0x0000,0x0000,0x0000,0x0000,0x0000,0x0000,0x0000,0x0000,0x0000,0x0000,0x0000,0x0000,
  0x0000,0x0000,0x07E0,0x07E0,0x0000,0x0000,0x0000,0x0000,0x0000,0x0000,0x0000,0x0000,0x0000,0x0000,0x0000,0x0000,
  0x0000,0x0000,0x0000,0x0000,0x0000,0x0000,0x0000,0x0000,0x0000,0x0000,0x0000,0x0000,0x0000,0x0000,0x0000,0x0000,
  0x0000,0x0000,0x0000,0x0000,0x0000,0x0000,0x0000,0x0000,
  0x0000,0x0000,0x0000,0x0000,0x0000,0x0000,0x0000,0x0000,0x0000,0x0000,0x0000,0x0000,0x0000,0x0000,0x0000,0x0000,
  0x0000,0x0000,0x0000,0x0000,0x0000,0x0000,0x0000,0x0000,0x0000,0x0000,0x0000,0x0000,0x0000,0x0000,0x0000,0x0000,
  0x0000,0x0000,0x07E0,0x07E0,0x07E0,0x07E0,0x07E0,0x0000,0x0000,0x0000,0x0000,0x0000,0x0000,0x0000,0x0000,0x0000,
  0x0000,0x0000,0x0000,0x0000,0x0000,0x0000,0x07E0,0x07E0,0x07E0,0x07E0,0x07E0,0x07E0,0x07E0,0x07E0,0x0000,0x0000,
  0x0000,0x0000,0x0000,0x0000,0x0000,0x0000,0x07E0,0x07E0,0x07E0,0x07E0,0x07E0,0x07E0,0x07E0,0x07E0,0x07E0,0x0000,
  0x0000,0x0000,0x0000,0x0000,0x0000,0x0000,0x0000,0x07E0,0x07E0,0x07E0,0x07E0,0x07E0,0x07E0,0x07E0,0x07E0,0x07E0,
  0x0000,0x0000,0x0000,0x0000,0x0000,0x0000,0x0000,0x0000,0x07E0,0x07E0,0x07E0,0x07E0,0x07E0,0x07E0,0x07E0,0x07E0,
  0x07E0,0x0000,0x0000,0x0000,0x0000,0x0000,0x0000,0x0000,0x0000,0x07E0,0x07E0,0x07E0,0x07E0,0x07E0,0x07E0,0x07E0,
  0x07E0,0x07E0,0x0000,0x0000,0x0000,0x0000,0x0000,0x0000,0x0000,0x0000,0x07E0,0x07E0,0x07E0,0x07E0,0x07E0,0x07E0,
  0x07E0,0x07E0,0x0000,0x0000,0x0000,0x0000,0x0000,0x0000,0x0000,0x0000,0x0000,0x0000,0x0000,0x0000,0x0000,0x0000,
  0x0000,0x07E0,0x07E0,0x07E0,0x07E0,0x0000,0x0000,0x0000,0x0000,0x0000,0x0000,0x0000,0x0000,0x0000,0x0000,0x0000,
  0x0000,0x0000,0x0000,0x0000,0x0000,0x0000,0x0000,0x0000,0x0000,0x0000,0x0000,0x0000,0x0000,0x0000,0x0000,0x0000,
  0x0000,0x0000,0x0000,0x0000,0x0000,0x0000,0x0000,0x0000,
  0x0000,0x0000,0x0000,0x0000,0x0000,0x0000,0x0000,0x0000,0x0000,0x0000,0x0000,0x0000,0x0000,0x0000,0x0000,0x0000,
  0x0000,0x0000,0x0000,0x0000,0x0000,0x0000,0x0000,0x0000,0x0000,0x0000,0x0000,0x0000,0x0000,0x0000,0x0000,0x0000,
  0x0000,0x0000,0x07E0,0x07E0,0x07E0,0x07E0,0x07E0,0x07E0,0x0000,0x0000,0x0000,0x0000,0x0000,0x0000,0x0000,0x0000,
  0x0000,0x0000,0x0000,0x0000,0x0000,0x0000,0x0000,0x07E0,0x07E0,0x07E0,0x07E0,0x07E0,0x07E0,0x0000,0x0000,0x0000,
  0x0000,0x0000,0x0000,0x0000,0x0000,0x07E0,0x07E0,0x07E0,0x07E0,0x07E0,0x07E0,0x07E0,0x07E0,0x07E0,0x0000,0x0000,
  0x0000,0x0000,0x0000,0x0000,0x0000,0x0000,0x07E0,0x07E0,0x07E0,0x07E0,0x07E0,0x07E0,0x07E0,0x07E0,0x07E0,0x0000,
  0x0000,0x0000,0x0000,0x0000,0x0000,0x0000,0x0000,0x07E0,0x07E0,0x07E0,0x07E0,0x07E0,0x07E0,0x07E0,0x07E0,0x07E0,
  0x0000,0x0000,0x0000,0x0000,0x0000,0x0000,0x0000,0x0000,0x07E0,0x07E0,0x07E0,0x07E0,0x07E0,0x07E0,0x07E0,0x07E0,
  0x07E0,0x0000,0x0000,0x0000,0x0000,0x0000,0x0000,0x0000,0x0000,0x07E0,0x07E0,0x07E0,0x07E0,0x07E0,0x07E0,0x07E0,
  0x07E0,0x0000,0x0000,0x0000,0x0000,0x0000,0x0000,0x0000,0x0000,0x0000,0x0000,0x0000,0x0000,0x0000,0x0000,0x0000,
  0x07E0,0x07E0,0x07E0,0x07E0,0x07E0,0x07E0,0x0000,0x0000,0x0000,0x0000,0x0000,0x0000,0x0000,0x0000,0x0000,0x0000,
  0x0000,0x0000,0x0000,0x0000,0x0000,0x0000,0x0000,0x0000,0x0000,0x0000,0x0000,0x0000,0x0000,0x0000,0x0000,0x0000,
  0x0000,0x0000,0x0000,0x0000,0x0000,0x0000,0x0000,0x0000,
  0x0000,0x0000,0x0000,0x0000,0x0000,0x0000,0x0000,0x0000,0x0000,0x0000,0x0000,0x0000,0x0000,0x0000,0x0000,0x0000,
  0x0000,0x0000,0x0000,0x0000,0x0000,0x0000,0x0000,0x0000,0x0000,0x0000,0x0000,0x0000,0x0000,0x0000,0x0000,0x0000,
  0x0000,0x0000,0x07E0,0x07E0,0x07E0,0x07E0,0x07E0,0x07E0,0x07E0,0x0000,0x0000,0x0000,0x0000,0x0000,0x0000,0x0000,
  0x0000,0x0000,0x0000,0x0000,0x0000,0x0000,0x0000,0x0000,0x07E0,0x07E0,0x07E0,0x07E0,0x0000,0x0000,0x0000,0x0000,
  0x0000,0x0000,0x0000,0x0000,0x07E0,0x07E0,0x07E0,0x07E0,0x07E0,0x07E0,0x07E0,0x07E0,0x07E0,0x0000,0x0000,0x0000,
  0x0000,0x0000,0x0000,0x0000,0x0000,0x07E0,0x07E0,0x07E0,0x07E0,0x07E0,0x07E0,0x07E0,0x07E0,0x07E0,0x0000,0x0000,
  0x0000,0x0000,0x0000,0x0000,0x0000,0x0000,0x07E0,0x07E0,0x07E0,0x07E0,0x07E0,0x07E0,0x07E0,0x07E0,0x07E0,0x0000,
  0x0000,0x0000,0x0000,0x0000,0x0000,0x0000,0x0000,0x07E0,0x07E0,0x07E0,0x07E0,0x07E0,0x07E0,0x07E0,0x07E0,0x07E0,
  0x0000,0x0000,0x0000,0x0000,0x0000,0x0000,0x0000,0x0000,0x07E0,0x07E0,0x07E0,0x07E0,0x07E0,0x07E0,0x07E0,0x07E0,
  0x0000,0x0000,0x0000,0x0000,0x0000,0x0000,0x0000,0x0000,0x0000,0x0000,0x0000,0x0000,0x0000,0x0000,0x0000,0x07E0,
  0x07E0,0x07E0,0x07E0,0x07E0,0x07E0,0x07E0,0x0000,0x0000,0x0000,0x0000,0x0000,0x0000,0x0000,0x0000,0x0000,0x0000,
  0x0000,0x0000,0x0000,0x0000,0x0000,0x0000,0x0000,0x0000,0x0000,0x0000,0x0000,0x0000,0x0000,0x0000,0x0000,0x0000,
  0x0000,0x0000,0x0000,0x0000,0x0000,0x0000,0x0000,0x0000,
  0x0000,0x0000,0x0000,0x0000,0x0000,0x0000,0x0000,0x0000,0x0000,0x0000,0x0000,0x0000,0x0000,0x0000,0x0000,0x0000,
  0x0000,0x0000,0x0000,0x0000,0x0000,0x0000,0x0000,0x0000,0x0000,0x0000,0x0000,0x0000,0x0000,0x0000,0x0000,0x0000,
  0x0000,0x0000,0x0000,0x07E0,0x07E0,0x07E0,0x07E0,0x07E0,0x07E0,0x07E0,0x0000,0x0000,0x0000,0x0000,0x0000,0x0000,
  0x0000,0x0000,0x0000,0x0000,0x0000,0x0000,0x0000,0x0000,0x0000,0x07E0,0x07E0,0x0000,0x0000,0x0000,0x0000,0x0000,
  0x0000,0x0000,0x0000,0x07E0,0x07E0,0x07E0,0x07E0,0x07E0,0x07E0,0x07E0,0x07E0,0x07E0,0x0000,0x0000,0x0000,0x0000,
  0x0000,0x0000,0x0000,0x0000,0x07E0,0x07E0,0x07E0,0x07E0,0x07E0,0x07E0,0x07E0,0x07E0,0x07E0,0x0000,0x0000,0x0000,
  0x0000,0x0000,0x0000,0x0000,0x0000,0x07E0,0x07E0,0x07E0,0x07E0,0x07E0,0x07E0,0x07E0,0x07E0,0x07E0,0x0000,0x0000,
  0x0000,0x0000,0x0000,0x0000,0x0000,0x0000,0x07E0,0x07E0,0x07E0,0x07E0,0x07E0,0x07E0,0x07E0,0x07E0,0x07E0,0x0000,
  0x0000,0x0000,0x0000,0x0000,0x0000,0x0000,0x0000,0x07E0,0x07E0,0x07E0,0x07E0,0x07E0,0x07E0,0x07E0,0x07E0,0x0000,
  0x0000,0x0000,0x0000,0x0000,0x0000,0x0000,0x0000,0x0000,0x0000,0x0000,0x0000,0x0000,0x0000,0x0000,0x07E0,0x07E0,
  0x07E0,0x07E0,0x07E0,0x07E0,0x07E0,0x0000,0x0000,0x0000,0x0000,0x0000,0x0000,0x0000,0x0000,0x0000,0x0000,0x0000,
  0x0000,0x0000,0x0000,0x0000,0x0000,0x0000,0x0000,0x0000,0x0000,0x0000,0x0000,0x0000,0x0000,0x0000,0x0000,0x0000,
  0x0000,0x0000,0x0000,0x0000,0x0000,0x0000,0x0000,0x0000,
  0x0000,0x0000,0x0000,0x0000,0x0000,0x0000,0x0000,0x0000,0x0000,0x0000,0x0000,0x0000,0x0000,0x0000,0x0000,0x0000,
  0x0000,0x0000,0x0000,0x0000,0x0000,0x0000,0x0000,0x0000,0x0000,0x0000,0x0000,0x0000,0x0000,0x0000,0x0000,0x0000,
  0x0000,0x0000,0x0000,0x0000,0x07E0,0x07E0,0x07E0,0x07E0,0x07E0,0x07E0,0x07E0,0x0000,0x0000,0x0000,0x0000,0x0000,
  0x0000,0x0000,0x0000,0x0000,0x0000,0x0000,0x0000,0x0000,0x0000,0x0000,0x0000,0x0000,0x0000,0x0000,0x0000,0x0000,
  0x0000,0x0000,0x07E0,0x07E0,0x07E0,0x07E0,0x07E0,0x07E0,0x07E0,0x07E0,0x07E0,0x0000,0x0000,0x0000,0x0000,0x0000,
  0x0000,0x0000,0x0000,0x07E0,0x07E0,0x07E0,0x07E0,0x07E0,0x07E0,0x07E0,0x07E0,0x07E0,0x0000,0x0000,0x0000,0x0000,
  0x0000,0x0000,0x0000,0x0000,0x07E0,0x07E0,0x07E0,0x07E0,0x07E0,0x07E0,0x07E0,0x07E0,0x07E0,0x0000,0x0000,0x0000,
  0x0000,0x0000,0x0000,0x0000,0x0000,0x07E0,0x07E0,0x07E0,0x07E0,0x07E0,0x07E0,0x07E0,0x07E0,0x07E0,0x0000,0x0000,
  0x0000,0x0000,0x0000,0x0000,0x0000,0x0000,0x07E0,0x07E0,0x07E0,0x07E0,0x07E0,0x07E0,0x07E0,0x0000,0x0000,0x0000,
  0x0000,0x0000,0x0000,0x0000,0x0000,0x0000,0x0000,0x0000,0x0000,0x0000,0x0000,0x0000,0x0000,0x07E0,0x07E0,0x07E0,
  0x07E0,0x07E0,0x07E0,0x07E0,0x0000,0x0000,0x0000,0x0000,0x0000,0x0000,0x0000,0x0000,0x0000,0x0000,0x0000,0x0000,
  0x0000,0x0000,0x0000,0x0000,0x0000,0x0000,0x0000,0x0000,0x0000,0x0000,0x0000,0x0000,0x0000,0x0000,0x0000,0x0000,
  0x0000,0x0000,0x0000,0x0000,0x0000,0x0000,0x0000,0x0000,
  0x0000,0x0000,0x0000,0x0000,0x0000,0x0000,0x0000,0x0000,0x0000,0x0000,0x0000,0x0000,0x0000,0x0000,0x0000,0x0000,
  0x0000,0x0000,0x0000,0x0000,0x0000,0x0000,0x0000,0x0000,0x0000,0x0000,0x0000,0x0000,0x0000,0x0000,0x0000,0x0000,
  0x0000,0x0000,0x0000,0x0000,0x0000,0x07E0,0x07E0,0x07E0,0x07E0,0x07E0,0x07E0,0x07E0,0x0000,0x0000,0x0000,0x0000,
  0x0000,0x0000,0x0000,0x0000,0x0000,0x0000,0x0000,0x0000,0x0000,0x0000,0x0000,0x0000,0x0000,0x0000,0x0000,0x0000,
  0x0000,0x07E0,0x07E0,0x07E0,0x07E0,0x07E0,0x07E0,0x07E0,0x07E0,0x07E0,0x0000,0x0000,0x0000,0x0000,0x0000,0x0000,
  0x0000,0x0000,0x07E0,0x07E0,0x07E0,0x07E0,0x07E0,0x07E0,0x07E0,0x07E0,0x07E0,0x0000,0x0000,0x0000,0x0000,0x0000,
  0x0000,0x0000,0x0000,0x07E0,0x07E0,0x07E0,0x07E0,0x07E0,0x07E0,0x07E0,0x07E0,0x07E0,0x0000,0x0000,0x0000,0x0000,
  0x0000,0x0000,0x0000,0x0000,0x07E0,0x07E0,0x07E0,0x07E0,0x07E0,0x07E0,0x07E0,0x07E0,0x07E0,0x0000,0x0000,0x0000,
  0x0000,0x0000,0x0000,0x0000,0x0000,0x07E0,0x07E0,0x07E0,0x07E0,0x07E0,0x07E0,0x07E0,0x0000,0x0000,0x0000,0x0000,
  0x0000,0x0000,0x0000,0x0000,0x0000,0x0000,0x0000,0x0000,0x0000,0x0000,0x0000,0x0000,0x07E0,0x07E0,0x07E0,0x07E0,
  0x07E0,0x07E0,0x07E0,0x0000,0x0000,0x0000,0x0000,0x0000,0x0000,0x0000,0x0000,0x0000,0x0000,0x0000,0x0000,0x0000,
  0x0000,0x0000,0x0000,0x0000,0x0000,0x0000,0x0000,0x0000,0x0000,0x0000,0x0000,0x0000,0x0000,0x0000,0x0000,0x0000,
  0x0000,0x0000,0x0000,0x0000,0x0000,0x0000,0x0000,0x0000,
  0x0000,0x0000,0x0000,0x0000,0x0000,0x0000,0x0000,0x0000,0x0000,0x0000,0x0000,0x0000,0x0000,0x0000,0x0000,0x0000,
  0x0000,0x0000,0x0000,0x0000,0x0000,0x0000,0x0000,0x0000,0x0000,0x0000,0x0000,0x0000,0x0000,0x0000,0x0000,0x0000,
  0x0000,0x0000,0x0000,0x0000,0x0000,0x07E0,0x07E0,0x07E0,0x07E0,0x07E0,0x07E0,0x07E0,0x07E0,0x0000,0x0000,0x0000,
  0x0000,0x0000,0x0000,0x0000,0x0000,0x0000,0x0000,0x0000,0x0000,0x0000,0x0000,0x0000,0x0000,0x0000,0x0000,0x0000,
  0x07E0,0x07E0,0x07E0,0x07E0,0x07E0,0x07E0,0x07E0,0x07E0,0x07E0,0x0000,0x0000,0x0000,0x0000,0x0000,0x0000,0x0000,
  0x0000,0x07E0,0x07E0,0x07E0,0x07E0,0x07E0,0x07E0,0x07E0,0x07E0,0x07E0,0x0000,0x0000,0x0000,0x0000,0x0000,0x0000,
  0x0000,0x0000,0x07E0,0x07E0,0x07E0,0x07E0,0x07E0,0x07E0,0x07E0,0x07E0,0x07E0,0x0000,0x0000,0x0000,0x0000,0x0000,
  0x0000,0x0000,0x0000,0x07E0,0x07E0,0x07E0,0x07E0,0x07E0,0x07E0,0x07E0,0x07E0,0x07E0,0x0000,0x0000,0x0000,0x0000,
  0x0000,0x0000,0x0000,0x0000,0x07E0,0x07E0,0x07E0,0x07E0,0x07E0,0x07E0,0x0000,0x0000,0x0000,0x0000,0x0000,0x0000,
  0x0000,0x0000,0x0000,0x0000,0x0000,0x0000,0x0000,0x0000,0x0000,0x0000,0x0000,0x07E0,0x07E0,0x07E0,0x07E0,0x07E0,
  0x07E0,0x07E0,0x0000,0x0000,0x0000,0x0000,0x0000,0x0000,0x0000,0x0000,0x0000,0x0000,0x0000,0x0000,0x0000,0x0000,
  0x0000,0x0000,0x0000,0x0000,0x0000,0x0000,0x0000,0x0000,0x0000,0x0000,0x0000,0x0000,0x0000,0x0000,0x0000,0x0000,
  0x0000,0x0000,0x0000,0x0000,0x0000,0x0000,0x0000,0x0000,
  0x0000,0x0000,0x0000,0x0000,0x0000,0x0000,0x0000,0x0000,0x0000,0x0000,0x0000,0x0000,0x0000,0x0000,0x0000,0x0000,
  0x0000,0x0000,0x0000,0x0000,0x0000,0x0000,0x0000,0x0000,0x0000,0x0000,0x0000,0x0000,0x0000,0x0000,0x0000,0x0000,
  0x0000,0x0000,0x0000,0x0000,0x07E0,0x07E0,0x07E0,0x07E0,0x07E0,0x07E0,0x07E0,0x07E0,0x07E0,0x07E0,0x0000,0x0000,
  0x0000,0x0000,0x0000,0x0000,0x0000,0x0000,0x0000,0x0000,0x0000,0x0000,0x0000,0x0000,0x0000,0x0000,0x0000,0x07E0,
  0x07E0,0x07E0,0x07E0,0x07E0,0x07E0,0x07E0,0x07E0,0x07E0,0x0000,0x0000,0x0000,0x0000,0x0000,0x0000,0x0000,0x0000,
  0x07E0,0x07E0,0x07E0,0x07E0,0x07E0,0x07E0,0x07E0,0x07E0,0x07E0,0x0000,0x0000,0x0000,0x0000,0x0000,0x0000,0x0000,
  0x0000,0x07E0,0x07E0,0x07E0,0x07E0,0x07E0,0x07E0,0x07E0,0x07E0,0x07E0,0x0000,0x0000,0x0000,0x0000,0x0000,0x0000,
  0x0000,0x0000,0x07E0,0x07E0,0x07E0,0x07E0,0x07E0,0x07E0,0x07E0,0x07E0,0x07E0,0x0000,0x0000,0x0000,0x0000,0x0000,
  0x0000,0x0000,0x0000,0x07E0,0x07E0,0x07E0,0x07E0,0x07E0,0x07E0,0x0000,0x0000,0x0000,0x0000,0x0000,0x0000,0x0000,
  0x0000,0x0000,0x0000,0x0000,0x0000,0x0000,0x0000,0x0000,0x0000,0x0000,0x07E0,0x07E0,0x07E0,0x07E0,0x07E0,0x07E0,
  0x07E0,0x07E0,0x07E0,0x0000,0x0000,0x0000,0x0000,0x0000,0x0000,0x0000,0x0000,0x0000,0x0000,0x0000,0x0000,0x0000,
  0x0000,0x0000,0x0000,0x0000,0x0000,0x0000,0x0000,0x0000,0x0000,0x0000,0x0000,0x0000,0x0000,0x0000,0x0000,0x0000,
  0x0000,0x0000,0x0000,0x0000,0x0000,0x0000,0x0000,0x0000,
  0x0000,0x0000,0x0000,0x0000,0x0000,0x0000,0x0000,0x0000,0x0000,0x0000,0x0000,0x0000,0x0000,0x0000,0x0000,0x0000,
  0x0000,0x0000,0x0000,0x0000,0x0000,0x0000,0x0000,0x0000,0x0000,0x0000,0x0000,0x0000,0x0000,0x0000,0x0000,0x0000,
  0x0000,0x0000,0x0000,0x07E0,0x07E0,0x07E0,0x07E0,0x07E0,0x07E0,0x07E0,0x07E0,0x07E0,0x07E0,0x07E0,0x07E0,0x0000,
  0x0000,0x0000,0x0000,0x0000,0x0000,0x0000,0x0000,0x0000,0x0000,0x0000,0x0000,0x0000,0x0000,0x0000,0x0000,0x0000,
  0x07E0,0x07E0,0x07E0,0x07E0,0x07E0,0x07E0,0x07E0,0x0000,0x0000,0x0000,0x0000,0x0000,0x0000,0x0000,0x0000,0x07E0,
  0x07E0,0x07E0,0x07E0,0x07E0,0x07E0,0x07E0,0x07E0,0x07E0,0x0000,0x0000,0x0000,0x0000,0x0000,0x0000,0x0000,0x0000,
  0x07E0,0x07E0,0x07E0,0x07E0,0x07E0,0x07E0,0x07E0,0x07E0,0x07E0,0x0000,0x0000,0x0000,0x0000,0x0000,0x0000,0x0000,
  0x0000,0x07E0,0x07E0,0x07E0,0x07E0,0x07E0,0x07E0,0x07E0,0x07E0,0x07E0,0x0000,0x0000,0x0000,0x0000,0x0000,0x0000,
  0x0000,0x0000,0x07E0,0x07E0,0x07E0,0x07E0,0x07E0,0x0000,0x0000,0x0000,0x0000,0x0000,0x0000,0x0000,0x0000,0x0000,
  0x0000,0x0000,0x0000,0x0000,0x0000,0x0000,0x0000,0x0000,0x0000,0x07E0,0x07E0,0x07E0,0x07E0,0x07E0,0x07E0,0x07E0,
  0x07E0,0x07E0,0x07E0,0x07E0,0x0000,0x0000,0x0000,0x0000,0x0000,0x0000,0x0000,0x0000,0x0000,0x0000,0x0000,0x0000,
  0x0000,0x0000,0x0000,0x0000,0x0000,0x0000,0x0000,0x0000,0x0000,0x0000,0x0000,0x0000,0x0000,0x0000,0x0000,0x0000,
  0x0000,0x0000,0x0000,0x0000,0x0000,0x0000,0x0000,0x0000,
  0x0000,0x0000,0x0000,0x0000,0x0000,0x0000,0x0000,0x0000,0x0000,0x0000,0x0000,0x0000,0x0000,0x0000,0x0000,0x0000,
  0x0000,0x0000,0x0000,0x0000,0x0000,0x0000,0x0000,0x0000,0x0000,0x0000,0x0000,0x0000,0x0000,0x0000,0x0000,0x0000,
  0x0000,0x0000,0x07E0,0x07E0,0x07E0,0x07E0,0x07E0,0x07E0,0x07E0,0x07E0,0x07E0,0x07E0,0x07E0,0x07E0,0x07E0,0x07E0,
  0x0000,0x0000,0x0000,0x0000,0x0000,0x0000,0x0000,0x0000,0x0000,0x0000,0x0000,0x0000,0x0000,0x0000,0x0000,0x0000,
  0x0000,0x0000,0x07E0,0x07E0,0x07E0,0x07E0,0x0000,0x0000,0x0000,0x0000,0x0000,0x0000,0x0000,0x0000,0x07E0,0x07E0,
  0x07E0,0x07E0,0x07E0,0x07E0,0x07E0,0x07E0,0x07E0,0x0000,0x0000,0x0000,0x0000,0x0000,0x0000,0x0000,0x0000,0x07E0,
  0x07E0,0x07E0,0x07E0,0x07E0,0x07E0,0x07E0,0x07E0,0x07E0,0x0000,0x0000,0x0000,0x0000,0x0000,0x0000,0x0000,0x0000,
  0x07E0,0x07E0,0x07E0,0x07E0,0x07E0,0x07E0,0x07E0,0x07E0,0x07E0,0x0000,0x0000,0x0000,0x0000,0x0000,0x0000,0x0000,
  0x0000,0x07E0,0x07E0,0x07E0,0x07E0,0x07E0,0x0000,0x0000,0x0000,0x0000,0x0000,0x0000,0x0000,0x0000,0x0000,0x0000,
  0x0000,0x0000,0x0000,0x0000,0x0000,0x0000,0x0000,0x0000,0x07E0,0x07E0,0x07E0,0x07E0,0x07E0,0x07E0,0x07E0,0x07E0,
  0x07E0,0x07E0,0x07E0,0x07E0,0x07E0,0x0000,0x0000,0x0000,0x0000,0x0000,0x0000,0x0000,0x0000,0x0000,0x0000,0x0000,
  0x0000,0x0000,0x0000,0x0000,0x0000,0x0000,0x0000,0x0000,0x0000,0x0000,0x0000,0x0000,0x0000,0x0000,0x0000,0x0000,
  0x0000,0x0000,0x0000,0x0000,0x0000,0x0000,0x0000,0x0000,
  0x0000,0x0000,0x0000,0x0000,0x0000,0x0000,0x0000,0x0000,0x0000,0x0000,0x0000,0x0000,0x0000,0x0000,0x0000,0x0000,
  0x0000,0x0000,0x0000,0x0000,0x0000,0x0000,0x0000,0x0000,0x0000,0x0000,0x0000,0x0000,0x0000,0x0000,0x0000,0x0000,
  0x0000,0x07E0,0x07E0,0x07E0,0x07E0,0x07E0,0x07E0,0x07E0,0x07E0,0x0000,0x07E0,0x07E0,0x07E0,0x07E0,0x07E0,0x07E0,
  0x07E0,0x0000,0x0000,0x0000,0x0000,0x0000,0x0000,0x0000,0x0000,0x0000,0x0000,0x0000,0x0000,0x0000,0x0000,0x0000,
  0x0000,0x0000,0x0000,0x0000,0x07E0,0x0000,0x0000,0x0000,0x0000,0x0000,0x0000,0x0000,0x0000,0x07E0,0x07E0,0x07E0,
  0x07E0,0x07E0,0x07E0,0x07E0,0x07E0,0x07E0,0x0000,0x0000,0x0000,0x0000,0x0000,0x0000,0x0000,0x0000,0x07E0,0x07E0,
  0x07E0,0x07E0,0x07E0,0x07E0,0x07E0,0x07E0,0x07E0,0x0000,0x0000,0x0000,0x0000,0x0000,0x0000,0x0000,0x0000,0x07E0,
  0x07E0,0x07E0,0x07E0,0x07E0,0x07E0,0x07E0,0x07E0,0x07E0,0x0000,0x0000,0x0000,0x0000,0x0000,0x0000,0x0000,0x0000,
  0x07E0,0x07E0,0x07E0,0x07E0,0x0000,0x0000,0x0000,0x0000,0x0000,0x0000,0x0000,0x0000,0x0000,0x0000,0x0000,0x0000,
  0x0000,0x0000,0x0000,0x0000,0x0000,0x0000,0x0000,0x07E0,0x07E0,0x07E0,0x07E0,0x07E0,0x07E0,0x07E0,0x07E0,0x07E0,
  0x07E0,0x07E0,0x07E0,0x07E0,0x07E0,0x07E0,0x0000,0x0000,0x0000,0x0000,0x0000,0x0000,0x0000,0x0000,0x0000,0x0000,
  0x0000,0x0000,0x0000,0x0000,0x0000,0x0000,0x0000,0x0000,0x0000,0x0000,0x0000,0x0000,0x0000,0x0000,0x0000,0x0000,
  0x0000,0x0000,0x0000,0x0000,0x0000,0x0000,0x0000,0x0000,
  0x0000,0x0000,0x0000,0x0000,0x0000,0x0000,0x0000,0x0000,0x0000,0x0000,0x0000,0x0000,0x0000,0x0000,0x0000,0x0000,
  0x0000,0x0000,0x0000,0x0000,0x0000,0x0000,0x0000,0x0000,0x0000,0x0000,0x0000,0x0000,0x0000,0x0000,0x0000,0x0000,
  0x07E0,0x07E0,0x07E0,0x07E0,0x07E0,0x07E0,0x07E0,0x07E0,0x0000,0x0000,0x0000,0x07E0,0x07E0,0x07E0,0x07E0,0x07E0,
  0x07E0,0x0000,0x0000,0x0000,0x0000,0x0000,0x0000,0x0000,0x0000,0x0000,0x0000,0x0000,0x0000,0x0000,0x0000,0x0000,
  0x0000,0x0000,0x0000,0x0000,0x0000,0x0000,0x0000,0x0000,0x0000,0x0000,0x0000,0x0000,0x07E0,0x07E0,0x07E0,0x07E0,
  0x07E0,0x07E0,0x07E0,0x07E0,0x07E0,0x0000,0x0000,0x0000,0x0000,0x0000,0x0000,0x0000,0x0000,0x07E0,0x07E0,0x07E0,
  0x07E0,0x07E0,0x07E0,0x07E0,0x07E0,0x07E0,0x0000,0x0000,0x0000,0x0000,0x0000,0x0000,0x0000,0x0000,0x07E0,0x07E0,
  0x07E0,0x07E0,0x07E0,0x07E0,0x07E0,0x07E0,0x07E0,0x0000,0x0000,0x0000,0x0000,0x0000,0x0000,0x0000,0x07E0,0x07E0,
  0x07E0,0x07E0,0x0000,0x0000,0x0000,0x0000,0x0000,0x0000,0x0000,0x0000,0x0000,0x0000,0x0000,0x0000,0x0000,0x0000,
  0x0000,0x0000,0x0000,0x0000,0x0000,0x0000,0x07E0,0x07E0,0x07E0,0x07E0,0x07E0,0x07E0,0x07E0,0x0000,0x0000,0x07E0,
  0x07E0,0x07E0,0x07E0,0x07E0,0x07E0,0x07E0,0x07E0,0x0000,0x0000,0x0000,0x0000,0x0000,0x0000,0x0000,0x0000,0x0000,
  0x0000,0x0000,0x0000,0x0000,0x0000,0x0000,0x0000,0x0000,0x0000,0x0000,0x0000,0x0000,0x0000,0x0000,0x0000,0x0000,
  0x0000,0x0000,0x0000,0x0000,0x0000,0x0000,0x0000,0x0000,
  0x0000,0x0000,0x0000,0x0000,0x0000,0x0000,0x0000,0x0000,0x0000,0x0000,0x0000,0x0000,0x0000,0x0000,0x0000,0x0000,
  0x0000,0x0000,0x0000,0x0000,0x0000,0x0000,0x0000,0x0000,0x0000,0x0000,0x0000,0x0000,0x0000,0x0000,0x0000,0x07E0,
  0x07E0,0x07E0,0x07E0,0x07E0,0x07E0,0x07E0,0x07E0,0x0000,0x0000,0x0000,0x0000,0x0000,0x07E0,0x07E0,0x07E0,0x07E0,
  0x0000,0x0000,0x0000,0x0000,0x0000,0x0000,0x0000,0x0000,0x0000,0x0000,0x0000,0x0000,0x0000,0x0000,0x0000,0x0000,
  0x0000,0x0000,0x0000,0x0000,0x0000,0x0000,0x0000,0x0000,0x0000,0x0000,0x0000,0x07E0,0x07E0,0x07E0,0x07E0,0x07E0,
  0x07E0,0x07E0,0x07E0,0x07E0,0x0000,0x0000,0x0000,0x0000,0x0000,0x0000,0x0000,0x0000,0x07E0,0x07E0,0x07E0,0x07E0,
  0x07E0,0x07E0,0x07E0,0x07E0,0x07E0,0x0000,0x0000,0x0000,0x0000,0x0000,0x0000,0x0000,0x0000,0x07E0,0x07E0,0x07E0,
  0x07E0,0x07E0,0x07E0,0x07E0,0x07E0,0x07E0,0x0000,0x0000,0x0000,0x0000,0x0000,0x0000,0x0000,0x0000,0x07E0,0x07E0,
  0x0000,0x0000,0x0000,0x0000,0x0000,0x0000,0x0000,0x0000,0x0000,0x0000,0x0000,0x0000,0x0000,0x0000,0x0000,0x0000,
  0x0000,0x0000,0x0000,0x0000,0x0000,0x0000,0x0000,0x07E0,0x07E0,0x07E0,0x07E0,0x07E0,0x0000,0x0000,0x0000,0x07E0,
  0x07E0,0x07E0,0x07E0,0x07E0,0x07E0,0x07E0,0x07E0,0x07E0,0x0000,0x0000,0x0000,0x0000,0x0000,0x0000,0x0000,0x0000,
  0x0000,0x0000,0x0000,0x0000,0x0000,0x0000,0x0000,0x0000,0x0000,0x0000,0x0000,0x0000,0x0000,0x0000,0x0000,0x0000,
  0x0000,0x0000,0x0000,0x0000,0x0000,0x0000,0x0000,0x0000,
  0x0000,0x0000,0x0000,0x0000,0x0000,0x0000,0x0000,0x0000,0x0000,0x0000,0x0000,0x0000,0x0000,0x0000,0x0000,0x0000,
  0x0000,0x0000,0x0000,0x0000,0x0000,0x0000,0x0000,0x0000,0x0000,0x0000,0x0000,0x0000,0x0000,0x0000,0x07E0,0x07E0,
  0x07E0,0x07E0,0x07E0,0x07E0,0x07E0,0x07E0,0x0000,0x0000,0x0000,0x0000,0x0000,0x0000,0x0000,0x07E0,0x07E0,0x0000,
  0x0000,0x0000,0x0000,0x0000,0x0000,0x0000,0x0000,0x0000,0x0000,0x0000,0x0000,0x0000,0x0000,0x0000,0x0000,0x0000,
  0x0000,0x0000,0x0000,0x0000,0x0000,0x0000,0x0000,0x0000,0x0000,0x0000,0x07E0,0x07E0,0x07E0,0x07E0,0x07E0,0x07E0,
  0x07E0,0x07E0,0x07E0,0x0000,0x0000,0x0000,0x0000,0x0000,0x0000,0x0000,0x0000,0x07E0,0x07E0,0x07E0,0x07E0,0x07E0,
  0x07E0,0x07E0,0x07E0,0x07E0,0x0000,0x0000,0x0000,0x0000,0x0000,0x0000,0x0000,0x0000,0x07E0,0x07E0,0x07E0,0x07E0,
  0x07E0,0x07E0,0x07E0,0x07E0,0x07E0,0x0000,0x0000,0x0000,0x0000,0x0000,0x0000,0x0000,0x0000,0x0000,0x0000,0x0000,
  0x0000,0x0000,0x0000,0x0000,0x0000,0x0000,0x0000,0x0000,0x0000,0x0000,0x0000,0x0000,0x0000,0x0000,0x0000,0x0000,
  0x0000,0x0000,0x0000,0x0000,0x0000,0x0000,0x0000,0x0000,0x07E0,0x07E0,0x07E0,0x0000,0x0000,0x0000,0x0000,0x0000,
  0x07E0,0x07E0,0x07E0,0x07E0,0x07E0,0x07E0,0x07E0,0x07E0,0x07E0,0x0000,0x0000,0x0000,0x0000,0x0000,0x0000,0x0000,
  0x0000,0x0000,0x0000,0x0000,0x0000,0x0000,0x0000,0x0000,0x0000,0x0000,0x0000,0x0000,0x0000,0x0000,0x0000,0x0000,
  0x0000,0x0000,0x0000,0x0000,0x0000,0x0000,0x0000,0x0000,
  0x0000,0x0000,0x0000,0x0000,0x0000,0x0000,0x0000,0x0000,0x0000,0x0000,0x0000,0x0000,0x0000,0x0000,0x0000,0x0000,
  0x0000,0x0000,0x0000,0x0000,0x0000,0x0000,0x0000,0x0000,0x0000,0x0000,0x0000,0x0000,0x0000,0x07E0,0x07E0,0x07E0,
  0x07E0,0x07E0,0x07E0,0x07E0,0x07E0,0x0000,0x0000,0x0000,0x0000,0x0000,0x0000,0x0000,0x0000,0x0000,0x0000,0x0000,
  0x0000,0x0000,0x0000,0x0000,0x0000,0x0000,0x0000,0x0000,0x0000,0x0000,0x0000,0x0000,0x0000,0x0000,0x0000,0x0000,
  0x0000,0x0000,0x0000,0x0000,0x0000,0x0000,0x0000,0x0000,0x0000,0x0000,0x0000,0x0000,0x0000,0x07E0,0x07E0,0x07E0,
  0x07E0,0x07E0,0x0000,0x0000,0x0000,0x0000,0x0000,0x0000,0x0000,0x0000,0x07E0,0x07E0,0x07E0,0x07E0,0x07E0,0x07E0,
  0x07E0,0x07E0,0x07E0,0x0000,0x0000,0x0000,0x0000,0x0000,0x0000,0x0000,0x0000,0x07E0,0x07E0,0x07E0,0x07E0,0x07E0,
  0x07E0,0x07E0,0x07E0,0x07E0,0x0000,0x0000,0x0000,0x0000,0x0000,0x0000,0x0000,0x0000,0x0000,0x0000,0x0000,0x0000,
  0x0000,0x0000,0x0000,0x0000,0x0000,0x0000,0x0000,0x0000,0x0000,0x0000,0x0000,0x0000,0x0000,0x0000,0x0000,0x0000,
  0x0000,0x0000,0x0000,0x0000,0x0000,0x0000,0x0000,0x0000,0x0000,0x07E0,0x0000,0x0000,0x0000,0x0000,0x0000,0x0000,
  0x0000,0x07E0,0x07E0,0x07E0,0x07E0,0x07E0,0x07E0,0x07E0,0x07E0,0x07E0,0x0000,0x0000,0x0000,0x0000,0x0000,0x0000,
  0x0000,0x0000,0x0000,0x0000,0x0000,0x0000,0x0000,0x0000,0x0000,0x0000,0x0000,0x0000,0x0000,0x0000,0x0000,0x0000,
  0x0000,0x0000,0x0000,0x0000,0x0000,0x0000,0x0000,0x0000,
  0x0000,0x0000,0x0000,0x0000,0x0000,0x0000,0x0000,0x0000,0x0000,0x0000,0x0000,0x0000,0x0000,0x0000,0x0000,0x0000,
  0x0000,0x0000,0x0000,0x0000,0x0000,0x0000,0x0000,0x0000,0x0000,0x0000,0x0000,0x0000,0x07E0,0x07E0,0x07E0,0x07E0,
  0x07E0,0x07E0,0x07E0,0x07E0,0x0000,0x0000,0x0000,0x0000,0x0000,0x0000,0x0000,0x0000,0x0000,0x0000,0x0000,0x0000,
  0x0000,0x0000,0x0000,0x0000,0x0000,0x0000,0x0000,0x0000,0x0000,0x0000,0x0000,0x0000,0x0000,0x0000,0x0000,0x0000,
  0x0000,0x0000,0x0000,0x0000,0x0000,0x0000,0x0000,0x0000,0x0000,0x0000,0x0000,0x0000,0x0000,0x0000,0x0000,0x0000,
  0x07E0,0x0000,0x0000,0x0000,0x0000,0x0000,0x0000,0x0000,0x0000,0x07E0,0x07E0,0x07E0,0x07E0,0x07E0,0x07E0,0x07E0,
  0x07E0,0x07E0,0x0000,0x0000,0x0000,0x0000,0x0000,0x0000,0x0000,0x0000,0x07E0,0x07E0,0x07E0,0x07E0,0x07E0,0x07E0,
  0x07E0,0x07E0,0x07E0,0x0000,0x0000,0x0000,0x0000,0x0000,0x0000,0x0000,0x0000,0x0000,0x0000,0x0000,0x0000,0x0000,
  0x0000,0x0000,0x0000,0x0000,0x0000,0x0000,0x0000,0x0000,0x0000,0x0000,0x0000,0x0000,0x0000,0x0000,0x0000,0x0000,
  0x0000,0x0000,0x0000,0x0000,0x0000,0x0000,0x0000,0x0000,0x0000,0x0000,0x0000,0x0000,0x0000,0x0000,0x0000,0x0000,
  0x0000,0x0000,0x07E0,0x07E0,0x07E0,0x07E0,0x07E0,0x07E0,0x07E0,0x07E0,0x07E0,0x0000,0x0000,0x0000,0x0000,0x0000,
  0x0000,0x0000,0x0000,0x0000,0x0000,0x0000,0x0000,0x0000,0x0000,0x0000,0x0000,0x0000,0x0000,0x0000,0x0000,0x0000,
  0x0000,0x0000,0x0000,0x0000,0x0000,0x0000,0x0000,0x0000,
  0x0000,0x0000,0x0000,0x0000,0x0000,0x0000,0x0000,0x0000,0x0000,0x0000,0x0000,0x0000,0x0000,0x0000,0x0000,0x0000,
  0x0000,0x0000,0x0000,0x0000,0x0000,0x0000,0x0000,0x0000,0x0000,0x0000,0x0000,0x07E0,0x07E0,0x07E0,0x07E0,0x07E0,
  0x07E0,0x07E0,0x07E0,0x0000,0x0000,0x0000,0x0000,0x0000,0x0000,0x0000,0x0000,0x0000,0x0000,0x0000,0x0000,0x0000,
  0x0000,0x0000,0x0000,0x0000,0x0000,0x0000,0x0000,0x0000,0x0000,0x0000,0x0000,0x0000,0x0000,0x0000,0x0000,0x0000,
  0x0000,0x0000,0x0000,0x0000,0x0000,0x0000,0x0000,0x0000,0x0000,0x0000,0x0000,0x0000,0x0000,0x0000,0x0000,0x0000,
  0x0000,0x0000,0x0000,0x0000,0x0000,0x0000,0x0000,0x0000,0x07E0,0x07E0,0x07E0,0x07E0,0x07E0,0x07E0,0x07E0,0x07E0,
  0x07E0,0x0000,0x0000,0x0000,0x0000,0x0000,0x0000,0x0000,0x0000,0x07E0,0x07E0,0x07E0,0x07E0,0x07E0,0x07E0,0x07E0,
  0x07E0,0x07E0,0x0000,0x0000,0x0000,0x0000,0x0000,0x0000,0x0000,0x0000,0x0000,0x0000,0x0000,0x0000,0x0000,0x0000,
  0x0000,0x0000,0x0000,0x0000,0x0000,0x0000,0x0000,0x0000,0x0000,0x0000,0x0000,0x0000,0x0000,0x0000,0x0000,0x0000,
  0x0000,0x0000,0x0000,0x0000,0x0000,0x0000,0x0000,0x0000,0x0000,0x0000,0x0000,0x0000,0x0000,0x0000,0x0000,0x0000,
  0x0000,0x0000,0x0000,0x07E0,0x07E0,0x07E0,0x07E0,0x07E0,0x07E0,0x07E0,0x07E0,0x07E0,0x0000,0x0000,0x0000,0x0000,
  0x0000,0x0000,0x0000,0x0000,0x0000,0x0000,0x0000,0x0000,0x0000,0x0000,0x0000,0x0000,0x0000,0x0000,0x0000,0x0000,
  0x0000,0x0000,0x0000,0x0000,0x0000,0x0000,0x0000,0x0000,
  0x0000,0x0000,0x0000,0x0000,0x0000,0x0000,0x0000,0x0000,0x0000,0x0000,0x0000,0x0000,0x0000,0x0000,0x0000,0x0000,
  0x0000,0x0000,0x0000,0x0000,0x0000,0x0000,0x0000,0x0000,0x0000,0x0000,0x0000,0x07E0,0x07E0,0x07E0,0x07E0,0x07E0,
  0x07E0,0x07E0,0x0000,0x0000,0x0000,0x0000,0x0000,0x0000,0x0000,0x0000,0x0000,0x0000,0x0000,0x0000,0x0000,0x0000,
  0x0000,0x0000,0x0000,0x0000,0x0000,0x0000,0x0000,0x0000,0x0000,0x0000,0x0000,0x0000,0x0000,0x0000,0x0000,0x0000,
  0x0000,0x0000,0x0000,0x0000,0x0000,0x0000,0x0000,0x0000,0x0000,0x0000,0x0000,0x0000,0x0000,0x0000,0x0000,0x0000,
  0x0000,0x0000,0x0000,0x0000,0x0000,0x0000,0x0000,0x0000,0x0000,0x07E0,0x07E0,0x07E0,0x07E0,0x07E0,0x07E0,0x07E0,
  0x0000,0x0000,0x0000,0x0000,0x0000,0x0000,0x0000,0x0000,0x07E0,0x07E0,0x07E0,0x07E0,0x07E0,0x07E0,0x0000,0x0000,
  0x0000,0x0000,0x0000,0x0000,0x0000,0x0000,0x0000,0x0000,0x0000,0x0000,0x0000,0x0000,0x0000,0x0000,0x0000,0x0000,
  0x0000,0x0000,0x0000,0x0000,0x0000,0x0000,0x0000,0x0000,0x0000,0x0000,0x0000,0x0000,0x0000,0x0000,0x0000,0x0000,
  0x0000,0x0000,0x0000,0x0000,0x0000,0x0000,0x0000,0x0000,0x0000,0x0000,0x0000,0x0000,0x0000,0x0000,0x0000,0x0000,
  0x0000,0x0000,0x0000,0x0000,0x07E0,0x07E0,0x07E0,0x07E0,0x07E0,0x07E0,0x07E0,0x07E0,0x07E0,0x0000,0x0000,0x0000,
  0x0000,0x0000,0x0000,0x0000,0x0000,0x0000,0x0000,0x0000,0x0000,0x0000,0x0000,0x0000,0x0000,0x0000,0x0000,0x0000,
  0x0000,0x0000,0x0000,0x0000,0x0000,0x0000,0x0000,0x0000,
  0x0000,0x0000,0x0000,0x0000,0x0000,0x0000,0x0000,0x0000,0x0000,0x0000,0x0000,0x0000,0x0000,0x0000,0x0000,0x0000,
  0x0000,0x0000,0x0000,0x0000,0x0000,0x0000,0x0000,0x0000,0x0000,0x0000,0x0000,0x0000,0x07E0,0x07E0,0x07E0,0x07E0,
  0x07E0,0x0000,0x0000,0x0000,0x0000,0x0000,0x0000,0x0000,0x0000,0x0000,0x0000,0x0000,0x0000,0x0000,0x0000,0x0000,
  0x0000,0x0000,0x0000,0x0000,0x0000,0x0000,0x0000,0x0000,0x0000,0x0000,0x0000,0x0000,0x0000,0x0000,0x0000,0x0000,
  0x0000,0x0000,0x0000,0x0000,0x0000,0x0000,0x0000,0x0000,0x0000,0x0000,0x0000,0x0000,0x0000,0x0000,0x0000,0x0000,
  0x0000,0x0000,0x0000,0x0000,0x0000,0x0000,0x0000,0x0000,0x0000,0x0000,0x0000,0x0000,0x0000,0x0000,0x0000,0x0000,
  0x0000,0x0000,0x0000,0x0000,0x0000,0x0000,0x0000,0x0000,0x0000,0x0000,0x0000,0x0000,0x0000,0x0000,0x0000,0x0000,
  0x0000,0x0000,0x0000,0x0000,0x0000,0x0000,0x0000,0x0000,0x0000,0x0000,0x0000,0x0000,0x0000,0x0000,0x0000,0x0000,
  0x0000,0x0000,0x0000,0x0000,0x0000,0x0000,0x0000,0x0000,0x0000,0x0000,0x0000,0x0000,0x0000,0x0000,0x0000,0x0000,
  0x0000,0x0000,0x0000,0x0000,0x0000,0x0000,0x0000,0x0000,0x0000,0x0000,0x0000,0x0000,0x0000,0x0000,0x0000,0x0000,
  0x0000,0x0000,0x0000,0x0000,0x0000,0x07E0,0x07E0,0x07E0,0x07E0,0x07E0,0x07E0,0x07E0,0x0000,0x0000,0x0000,0x0000,
  0x0000,0x0000,0x0000,0x0000,0x0000,0x0000,0x0000,0x0000,0x0000,0x0000,0x0000,0x0000,0x0000,0x0000,0x0000,0x0000,
  0x0000,0x0000,0x0000,0x0000,0x0000,0x0000,0x0000,0x0000,
  0x0000,0x0000,0x0000,0x0000,0x0000,0x0000,0x0000,0x0000,0x0000,0x0000,0x0000,0x0000,0x0000,0x0000,0x0000,0x0000,
  0x0000,0x0000,0x0000,0x0000,0x0000,0x0000,0x0000,0x0000,0x0000,0x0000,0x0000,0x0000,0x0000,0x07E0,0x07E0,0x07E0,
  0x0000,0x0000,0x0000,0x0000,0x0000,0x0000,0x0000,0x0000,0x0000,0x0000,0x0000,0x0000,0x0000,0x0000,0x0000,0x0000,
  0x0000,0x0000,0x0000,0x0000,0x0000,0x0000,0x0000,0x0000,0x0000,0x0000,0x0000,0x0000,0x0000,0x0000,0x0000,0x0000,
  0x0000,0x0000,0x0000,0x0000,0x0000,0x0000,0x0000,0x0000,0x0000,0x0000,0x0000,0x0000,0x0000,0x0000,0x0000,0x0000,
  0x0000,0x0000,0x0000,0x0000,0x0000,0x0000,0x0000,0x0000,0x0000,0x0000,0x0000,0x0000,0x0000,0x0000,0x0000,0x0000,
  0x0000,0x0000,0x0000,0x0000,0x0000,0x0000,0x0000,0x0000,0x0000,0x0000,0x0000,0x0000,0x0000,0x0000,0x0000,0x0000,
  0x0000,0x0000,0x0000,0x0000,0x0000,0x0000,0x0000,0x0000,0x0000,0x0000,0x0000,0x0000,0x0000,0x0000,0x0000,0x0000,
  0x0000,0x0000,0x0000,0x0000,0x0000,0x0000,0x0000,0x0000,0x0000,0x0000,0x0000,0x0000,0x0000,0x0000,0x0000,0x0000,
  0x0000,0x0000,0x0000,0x0000,0x0000,0x0000,0x0000,0x0000,0x0000,0x0000,0x0000,0x0000,0x0000,0x0000,0x0000,0x0000,
  0x0000,0x0000,0x0000,0x0000,0x0000,0x0000,0x07E0,0x07E0,0x07E0,0x07E0,0x07E0,0x0000,0x0000,0x0000,0x0000,0x0000,
  0x0000,0x0000,0x0000,0x0000,0x0000,0x0000,0x0000,0x0000,0x0000,0x0000,0x0000,0x0000,0x0000,0x0000,0x0000,0x0000,
  0x0000,0x0000,0x0000,0x0000,0x0000,0x0000,0x0000,0x0000,
  0x0000,0x0000,0x0000,0x0000,0x0000,0x0000,0x0000,0x0000,0x0000,0x0000,0x0000,0x0000,0x0000,0x0000,0x0000,0x0000,
  0x0000,0x0000,0x0000,0x0000,0x0000,0x0000,0x0000,0x0000,0x0000,0x0000,0x0000,0x0000,0x0000,0x0000,0x07E0,0x0000,
  0x0000,0x0000,0x0000,0x0000,0x0000,0x0000,0x0000,0x0000,0x0000,0x0000,0x0000,0x0000,0x0000,0x0000,0x0000,0x0000,
  0x0000,0x0000,0x0000,0x0000,0x0000,0x0000,0x0000,0x0000,0x0000,0x0000,0x0000,0x07E0,0x07E0,0x07E0,0x07E0,0x07E0,
  0x07E0,0x07E0,0x0000,0x0000,0x0000,0x0000,0x0000,0x0000,0x0000,0x0000,0x0000,0x0000,0x0000,0x0000,0x0000,0x0000,
  0x0000,0x0000,0x0000,0x0000,0x0000,0x0000,0x0000,0x0000,0x0000,0x0000,0x0000,0x0000,0x0000,0x0000,0x0000,0x0000,
  0x0000,0x0000,0x0000,0x0000,0x0000,0x0000,0x0000,0x0000,0x0000,0x0000,0x0000,0x0000,0x0000,0x0000,0x0000,0x0000,
  0x0000,0x0000,0x0000,0x0000,0x0000,0x0000,0x0000,0x0000,0x0000,0x0000,0x0000,0x0000,0x0000,0x0000,0x0000,0x0000,
  0x0000,0x0000,0x0000,0x0000,0x0000,0x0000,0x0000,0x07E0,0x0000,0x0000,0x0000,0x0000,0x0000,0x0000,0x0000,0x0000,
  0x0000,0x0000,0x0000,0x0000,0x0000,0x0000,0x0000,0x0000,0x0000,0x0000,0x0000,0x0000,0x0000,0x0000,0x0000,0x0000,
  0x0000,0x0000,0x0000,0x0000,0x0000,0x0000,0x0000,0x07E0,0x07E0,0x07E0,0x0000,0x0000,0x0000,0x0000,0x0000,0x0000,
  0x0000,0x0000,0x0000,0x0000,0x0000,0x0000,0x0000,0x0000,0x0000,0x0000,0x0000,0x0000,0x0000,0x0000,0x0000,0x0000,
  0x0000,0x0000,0x0000,0x0000,0x0000,0x0000,0x0000,0x0000,
  0x0000,0x0000,0x0000,0x0000,0x0000,0x0000,0x0000,0x0000,0x0000,0x0000,0x0000,0x0000,0x0000,0x0000,0x0000,0x0000,
  0x0000,0x0000,0x0000,0x0000,0x0000,0x0000,0x0000,0x0000,0x0000,0x0000,0x0000,0x0000,0x0000,0x0000,0x0000,0x0000,
  0x0000,0x0000,0x0000,0x0000,0x0000,0x0000,0x0000,0x0000,0x0000,0x0000,0x0000,0x0000,0x0000,0x0000,0x0000,0x0000,
  0x0000,0x0000,0x0000,0x0000,0x0000,0x0000,0x0000,0x0000,0x0000,0x07E0,0x07E0,0x07E0,0x07E0,0x07E0,0x07E0,0x07E0,
  0x07E0,0x07E0,0x07E0,0x07E0,0x0000,0x0000,0x0000,0x0000,0x0000,0x0000,0x0000,0x0000,0x0000,0x0000,0x0000,0x0000,
  0x0000,0x0000,0x0000,0x0000,0x0000,0x0000,0x0000,0x0000,0x0000,0x0000,0x0000,0x0000,0x0000,0x0000,0x0000,0x0000,
  0x0000,0x0000,0x0000,0x0000,0x0000,0x0000,0x0000,0x0000,0x0000,0x0000,0x0000,0x0000,0x0000,0x0000,0x0000,0x0000,
  0x0000,0x0000,0x0000,0x0000,0x0000,0x0000,0x0000,0x0000,0x0000,0x0000,0x0000,0x0000,0x0000,0x0000,0x0000,0x0000,
  0x0000,0x0000,0x0000,0x0000,0x0000,0x07E0,0x07E0,0x07E0,0x07E0,0x0000,0x0000,0x0000,0x0000,0x0000,0x0000,0x0000,
  0x0000,0x0000,0x0000,0x0000,0x0000,0x0000,0x0000,0x0000,0x0000,0x0000,0x0000,0x0000,0x0000,0x0000,0x0000,0x0000,
  0x0000,0x0000,0x0000,0x0000,0x0000,0x0000,0x0000,0x0000,0x0000,0x0000,0x0000,0x0000,0x0000,0x0000,0x0000,0x0000,
  0x0000,0x0000,0x0000,0x0000,0x0000,0x0000,0x0000,0x0000,0x0000,0x0000,0x0000,0x0000,0x0000,0x0000,0x0000,0x0000,
  0x0000,0x0000,0x0000,0x0000,0x0000,0x0000,0x0000,0x0000,
  0x0000,0x0000,0x0000,0x0000,0x0000,0x0000,0x0000,0x0000,0x0000,0x0000,0x0000,0x0000,0x0000,0x0000,0x0000,0x0000,
  0x0000,0x0000,0x0000,0x0000,0x0000,0x0000,0x0000,0x0000,0x0000,0x0000,0x0000,0x0000,0x0000,0x0000,0x0000,0x0000,
  0x0000,0x0000,0x0000,0x0000,0x0000,0x0000,0x0000,0x0000,0x0000,0x0000,0x0000,0x0000,0x0000,0x0000,0x0000,0x0000,
  0x0000,0x0000,0x0000,0x0000,0x0000,0x0000,0x0000,0x07E0,0x07E0,0x07E0,0x07E0,0x07E0,0x07E0,0x07E0,0x07E0,0x07E0,
  0x07E0,0x07E0,0x07E0,0x07E0,0x07E0,0x07E0,0x0000,0x0000,0x0000,0x0000,0x0000,0x0000,0x0000,0x0000,0x0000,0x0000,
  0x0000,0x0000,0x0000,0x0000,0x0000,0x0000,0x0000,0x0000,0x0000,0x0000,0x0000,0x0000,0x0000,0x0000,0x0000,0x0000,
  0x0000,0x0000,0x0000,0x0000,0x0000,0x0000,0x0000,0x0000,0x0000,0x0000,0x0000,0x0000,0x0000,0x0000,0x0000,0x0000,
  0x0000,0x0000,0x0000,0x0000,0x0000,0x0000,0x0000,0x0000,0x0000,0x0000,0x0000,0x0000,0x0000,0x0000,0x0000,0x0000,
  0x0000,0x0000,0x0000,0x07E0,0x07E0,0x07E0,0x07E0,0x07E0,0x07E0,0x07E0,0x0000,0x0000,0x0000,0x0000,0x0000,0x0000,
  0x0000,0x0000,0x0000,0x0000,0x0000,0x0000,0x0000,0x0000,0x0000,0x0000,0x0000,0x0000,0x0000,0x0000,0x0000,0x0000,
  0x0000,0x0000,0x0000,0x0000,0x0000,0x0000,0x0000,0x0000,0x0000,0x0000,0x0000,0x0000,0x0000,0x0000,0x0000,0x0000,
  0x0000,0x0000,0x0000,0x0000,0x0000,0x0000,0x0000,0x0000,0x0000,0x0000,0x0000,0x0000,0x0000,0x0000,0x0000,0x0000,
  0x0000,0x0000,0x0000,0x0000,0x0000,0x0000,0x0000,0x0000,
  0x0000,0x0000,0x0000,0x0000,0x0000,0x0000,0x0000,0x0000,0x0000,0x0000,0x0000,0x0000,0x0000,0x0000,0x0000,0x0000,
  0x0000,0x0000,0x0000,0x0000,0x0000,0x0000,0x0000,0x0000,0x0000,0x0000,0x0000,0x0000,0x0000,0x0000,0x0000,0x0000,
  0x0000,0x0000,0x0000,0x0000,0x0000,0x0000,0x0000,0x0000,0x0000,0x0000,0x0000,0x0000,0x0000,0x0000,0x0000,0x0000,
  0x0000,0x0000,0x0000,0x0000,0x0000,0x0000,0x07E0,0x07E0,0x07E0,0x07E0,0x07E0,0x07E0,0x07E0,0x07E0,0x07E0,0x07E0,
  0x07E0,0x07E0,0x07E0,0x07E0,0x07E0,0x07E0,0x07E0,0x0000,0x0000,0x0000,0x0000,0x0000,0x0000,0x0000,0x0000,0x0000,
  0x0000,0x0000,0x0000,0x0000,0x0000,0x0000,0x0000,0x0000,0x0000,0x0000,0x0000,0x0000,0x0000,0x0000,0x0000,0x0000,
  0x0000,0x0000,0x0000,0x0000,0x0000,0x0000,0x0000,0x0000,0x0000,0x0000,0x0000,0x0000,0x0000,0x0000,0x0000,0x0000,
  0x0000,0x0000,0x0000,0x0000,0x0000,0x0000,0x0000,0x0000,0x0000,0x0000,0x0000,0x0000,0x0000,0x0000,0x0000,0x0000,
  0x0000,0x0000,0x07E0,0x07E0,0x07E0,0x07E0,0x07E0,0x07E0,0x07E0,0x07E0,0x07E0,0x0000,0x0000,0x0000,0x0000,0x0000,
  0x0000,0x0000,0x0000,0x0000,0x0000,0x0000,0x0000,0x0000,0x0000,0x0000,0x0000,0x0000,0x0000,0x0000,0x0000,0x0000,
  0x0000,0x0000,0x0000,0x0000,0x0000,0x0000,0x0000,0x0000,0x0000,0x0000,0x0000,0x0000,0x0000,0x0000,0x0000,0x0000,
  0x0000,0x0000,0x0000,0x0000,0x0000,0x0000,0x0000,0x0000,0x0000,0x0000,0x0000,0x0000,0x0000,0x0000,0x0000,0x0000,
  0x0000,0x0000,0x0000,0x0000,0x0000,0x0000,0x0000,0x0000,
  0x0000,0x0000,0x0000,0x0000,0x0000,0x0000,0x0000,0x0000,0x0000,0x0000,0x0000,0x0000,0x0000,0x0000,0x0000,0x0000,
  0x0000,0x0000,0x0000,0x0000,0x0000,0x0000,0x0000,0x0000,0x0000,0x0000,0x0000,0x0000,0x0000,0x0000,0x0000,0x0000,
  0x0000,0x0000,0x0000,0x0000,0x0000,0x0000,0x0000,0x0000,0x0000,0x0000,0x0000,0x0000,0x0000,0x0000,0x0000,0x0000,
  0x0000,0x0000,0x0000,0x0000,0x0000,0x0000,0x07E0,0x07E0,0x07E0,0x07E0,0x07E0,0x07E0,0x07E0,0x07E0,0x07E0,0x07E0,
  0x07E0,0x07E0,0x07E0,0x07E0,0x07E0,0x07E0,0x07E0,0x07E0,0x0000,0x0000,0x0000,0x0000,0x0000,0x0000,0x0000,0x0000,
  0x0000,0x0000,0x0000,0x0000,0x0000,0x0000,0x0000,0x0000,0x0000,0x0000,0x0000,0x0000,0x0000,0x0000,0x0000,0x0000,
  0x0000,0x0000,0x0000,0x0000,0x0000,0x0000,0x0000,0x0000,0x0000,0x0000,0x0000,0x0000,0x0000,0x0000,0x0000,0x0000,
  0x0000,0x0000,0x0000,0x0000,0x0000,0x0000,0x0000,0x0000,0x0000,0x0000,0x0000,0x0000,0x0000,0x0000,0x0000,0x0000,
  0x0000,0x0000,0x07E0,0x07E0,0x07E0,0x07E0,0x07E0,0x07E0,0x07E0,0x07E0,0x07E0,0x07E0,0x0000,0x0000,0x0000,0x0000,
  0x0000,0x0000,0x0000,0x0000,0x0000,0x0000,0x0000,0x0000,0x0000,0x0000,0x0000,0x0000,0x0000,0x0000,0x0000,0x0000,
  0x0000,0x0000,0x0000,0x0000,0x0000,0x0000,0x0000,0x0000,0x0000,0x0000,0x0000,0x0000,0x0000,0x0000,0x0000,0x0000,
  0x0000,0x0000,0x0000,0x0000,0x0000,0x0000,0x0000,0x0000,0x0000,0x0000,0x0000,0x0000,0x0000,0x0000,0x0000,0x0000,
  0x0000,0x0000,0x0000,0x0000,0x0000,0x0000,0x0000,0x0000,
  0x0000,0x0000,0x0000,0x0000,0x0000,0x0000,0x0000,0x0000,0x0000,0x0000,0x0000,0x0000,0x0000,0x0000,0x0000,0x0000,
  0x0000,0x0000,0x0000,0x0000,0x0000,0x0000,0x0000,0x0000,0x0000,0x0000,0x0000,0x0000,0x0000,0x0000,0x0000,0x0000,
  0x0000,0x0000,0x0000,0x0000,0x0000,0x0000,0x0000,0x0000,0x0000,0x0000,0x0000,0x0000,0x0000,0x0000,0x0000,0x0000,
  0x0000,0x0000,0x0000,0x0000,0x0000,0x07E0,0x07E0,0x07E0,0x07E0,0x07E0,0x07E0,0x07E0,0x07E0,0x07E0,0x0000,0x0000,
  0x07E0,0x07E0,0x07E0,0x07E0,0x07E0,0x07E0,0x07E0,0x07E0,0x07E0,0x0000,0x0000,0x0000,0x0000,0x0000,0x0000,0x0000,
  0x0000,0x0000,0x0000,0x0000,0x0000,0x0000,0x0000,0x0000,0x0000,0x0000,0x0000,0x0000,0x0000,0x0000,0x0000,0x0000,
  0x0000,0x0000,0x0000,0x0000,0x0000,0x0000,0x0000,0x0000,0x0000,0x0000,0x0000,0x0000,0x0000,0x0000,0x0000,0x0000,
  0x0000,0x0000,0x0000,0x0000,0x0000,0x0000,0x0000,0x0000,0x0000,0x0000,0x0000,0x0000,0x0000,0x0000,0x0000,0x0000,
  0x0000,0x0000,0x07E0,0x07E0,0x07E0,0x07E0,0x07E0,0x07E0,0x07E0,0x07E0,0x07E0,0x07E0,0x07E0,0x0000,0x0000,0x0000,
  0x0000,0x0000,0x0000,0x0000,0x0000,0x0000,0x0000,0x0000,0x0000,0x0000,0x0000,0x0000,0x0000,0x0000,0x0000,0x0000,
  0x0000,0x0000,0x0000,0x0000,0x0000,0x0000,0x0000,0x0000,0x0000,0x0000,0x0000,0x0000,0x0000,0x0000,0x0000,0x0000,
  0x0000,0x0000,0x0000,0x0000,0x0000,0x0000,0x0000,0x0000,0x0000,0x0000,0x0000,0x0000,0x0000,0x0000,0x0000,0x0000,
  0x0000,0x0000,0x0000,0x0000,0x0000,0x0000,0x0000,0x0000,
  0x0000,0x0000,0x0000,0x0000,0x0000,0x0000,0x0000,0x0000,0x0000,0x0000,0x0000,0x0000,0x0000,0x0000,0x0000,0x0000,
  0x0000,0x0000,0x0000,0x0000,0x0000,0x0000,0x0000,0x0000,0x0000,0x0000,0x0000,0x0000,0x0000,0x0000,0x0000,0x0000,
  0x0000,0x0000,0x0000,0x0000,0x0000,0x0000,0x0000,0x0000,0x0000,0x0000,0x0000,0x0000,0x0000,0x0000,0x0000,0x0000,
  0x0000,0x0000,0x0000,0x0000,0x0000,0x07E0,0x07E0,0x07E0,0x07E0,0x07E0,0x07E0,0x07E0,0x0000,0x0000,0x0000,0x0000,
  0x0000,0x0000,0x07E0,0x07E0,0x07E0,0x07E0,0x07E0,0x07E0,0x07E0,0x0000,0x0000,0x0000,0x0000,0x0000,0x0000,0x0000,
  0x0000,0x0000,0x0000,0x0000,0x0000,0x0000,0x0000,0x0000,0x0000,0x0000,0x0000,0x0000,0x0000,0x0000,0x0000,0x0000,
  0x0000,0x0000,0x0000,0x0000,0x0000,0x0000,0x0000,0x0000,0x0000,0x0000,0x0000,0x0000,0x0000,0x0000,0x0000,0x0000,
  0x0000,0x0000,0x0000,0x0000,0x0000,0x0000,0x0000,0x0000,0x0000,0x0000,0x0000,0x0000,0x0000,0x0000,0x0000,0x0000,
  0x0000,0x0000,0x07E0,0x07E0,0x07E0,0x07E0,0x07E0,0x07E0,0x07E0,0x07E0,0x07E0,0x07E0,0x07E0,0x07E0,0x07E0,0x0000,
  0x0000,0x0000,0x0000,0x0000,0x0000,0x0000,0x0000,0x0000,0x0000,0x0000,0x0000,0x0000,0x0000,0x0000,0x0000,0x0000,
  0x0000,0x0000,0x0000,0x0000,0x0000,0x0000,0x0000,0x0000,0x0000,0x0000,0x0000,0x0000,0x0000,0x0000,0x0000,0x0000,
  0x0000,0x0000,0x0000,0x0000,0x0000,0x0000,0x0000,0x0000,0x0000,0x0000,0x0000,0x0000,0x0000,0x0000,0x0000,0x0000,
  0x0000,0x0000,0x0000,0x0000,0x0000,0x0000,0x0000,0x0000,
  0x0000,0x0000,0x0000,0x0000,0x0000,0x0000,0x0000,0x0000,0x0000,0x0000,0x0000,0x0000,0x0000,0x0000,0x0000,0x0000,
  0x0000,0x0000,0x0000,0x0000,0x0000,0x0000,0x0000,0x0000,0x0000,0x0000,0x0000,0x0000,0x0000,0x0000,0x0000,0x0000,
  0x0000,0x0000,0x0000,0x0000,0x0000,0x0000,0x0000,0x0000,0x0000,0x0000,0x0000,0x0000,0x0000,0x0000,0x0000,0x0000,
  0x0000,0x0000,0x0000,0x0000,0x07E0,0x07E0,0x07E0,0x07E0,0x07E0,0x07E0,0x07E0,0x0000,0x0000,0x0000,0x0000,0x0000,
  0x0000,0x0000,0x0000,0x07E0,0x07E0,0x07E0,0x07E0,0x07E0,0x07E0,0x07E0,0x0000,0x0000,0x0000,0x0000,0x0000,0x0000,
  0x0000,0x0000,0x0000,0x0000,0x0000,0x0000,0x0000,0x0000,0x0000,0x0000,0x0000,0x0000,0x0000,0x0000,0x0000,0x0000,
  0x0000,0x0000,0x0000,0x0000,0x0000,0x0000,0x0000,0x0000,0x0000,0x0000,0x0000,0x0000,0x0000,0x0000,0x0000,0x0000,
  0x0000,0x0000,0x0000,0x0000,0x0000,0x0000,0x0000,0x0000,0x0000,0x0000,0x0000,0x0000,0x0000,0x0000,0x0000,0x0000,
  0x0000,0x0000,0x07E0,0x07E0,0x07E0,0x07E0,0x07E0,0x07E0,0x07E0,0x07E0,0x07E0,0x07E0,0x07E0,0x07E0,0x07E0,0x07E0,
  0x0000,0x0000,0x0000,0x0000,0x0000,0x0000,0x0000,0x0000,0x0000,0x0000,0x0000,0x0000,0x0000,0x0000,0x0000,0x0000,
  0x0000,0x0000,0x0000,0x0000,0x0000,0x0000,0x0000,0x0000,0x0000,0x0000,0x0000,0x0000,0x0000,0x0000,0x0000,0x0000,
  0x0000,0x0000,0x0000,0x0000,0x0000,0x0000,0x0000,0x0000,0x0000,0x0000,0x0000,0x0000,0x0000,0x0000,0x0000,0x0000,
  0x0000,0x0000,0x0000,0x0000,0x0000,0x0000,0x0000,0x0000,
  0x0000,0x0000,0x0000,0x0000,0x0000,0x0000,0x0000,0x0000,0x0000,0x0000,0x0000,0x0000,0x0000,0x0000,0x0000,0x0000,
  0x0000,0x0000,0x0000,0x0000,0x0000,0x0000,0x0000,0x0000,0x0000,0x0000,0x0000,0x0000,0x0000,0x0000,0x0000,0x0000,
  0x0000,0x0000,0x0000,0x0000,0x0000,0x0000,0x0000,0x0000,0x0000,0x0000,0x0000,0x0000,0x0000,0x0000,0x0000,0x0000,
  0x0000,0x0000,0x0000,0x0000,0x07E0,0x07E0,0x07E0,0x07E0,0x07E0,0x07E0,0x0000,0x0000,0x0000,0x0000,0x0000,0x0000,
  0x0000,0x0000,0x0000,0x0000,0x07E0,0x07E0,0x07E0,0x07E0,0x07E0,0x07E0,0x0000,0x0000,0x0000,0x0000,0x0000,0x0000,
  0x0000,0x0000,0x0000,0x0000,0x0000,0x0000,0x0000,0x0000,0x0000,0x0000,0x0000,0x0000,0x0000,0x0000,0x0000,0x0000,
  0x0000,0x0000,0x0000,0x0000,0x0000,0x0000,0x0000,0x0000,0x0000,0x0000,0x0000,0x07E0,0x07E0,0x07E0,0x07E0,0x0000,
  0x0000,0x0000,0x0000,0x0000,0x0000,0x0000,0x0000,0x0000,0x0000,0x0000,0x0000,0x0000,0x0000,0x0000,0x0000,0x0000,
  0x0000,0x0000,0x07E0,0x07E0,0x07E0,0x07E0,0x07E0,0x0000,0x0000,0x07E0,0x07E0,0x07E0,0x07E0,0x07E0,0x07E0,0x07E0,
  0x07E0,0x0000,0x0000,0x0000,0x0000,0x0000,0x0000,0x0000,0x0000,0x0000,0x0000,0x0000,0x0000,0x0000,0x0000,0x0000,
  0x0000,0x0000,0x0000,0x0000,0x0000,0x0000,0x0000,0x0000,0x0000,0x0000,0x0000,0x0000,0x0000,0x0000,0x0000,0x0000,
  0x0000,0x0000,0x0000,0x0000,0x0000,0x0000,0x0000,0x0000,0x0000,0x0000,0x0000,0x0000,0x0000,0x0000,0x0000,0x0000,
  0x0000,0x0000,0x0000,0x0000,0x0000,0x0000,0x0000,0x0000,
  0x0000,0x0000,0x0000,0x0000,0x0000,0x0000,0x0000,0x0000,0x0000,0x0000,0x0000,0x0000,0x0000,0x0000,0x0000,0x0000,
  0x0000,0x0000,0x0000,0x0000,0x0000,0x0000,0x0000,0x0000,0x0000,0x0000,0x0000,0x0000,0x0000,0x0000,0x0000,0x0000,
  0x0000,0x0000,0x0000,0x0000,0x0000,0x0000,0x0000,0x0000,0x0000,0x0000,0x0000,0x0000,0x0000,0x0000,0x0000,0x0000,
  0x0000,0x0000,0x0000,0x0000,0x07E0,0x07E0,0x07E0,0x07E0,0x07E0,0x07E0,0x0000,0x0000,0x0000,0x0000,0x0000,0x0000,
  0x0000,0x0000,0x0000,0x0000,0x07E0,0x07E0,0x07E0,0x07E0,0x07E0,0x07E0,0x0000,0x0000,0x0000,0x0000,0x0000,0x0000,
  0x0000,0x0000,0x0000,0x0000,0x0000,0x0000,0x0000,0x0000,0x07E0,0x07E0,0x07E0,0x07E0,0x07E0,0x07E0,0x0000,0x0000,
  0x0000,0x0000,0x0000,0x0000,0x0000,0x0000,0x0000,0x0000,0x0000,0x0000,0x07E0,0x07E0,0x07E0,0x07E0,0x07E0,0x07E0,
  0x0000,0x0000,0x0000,0x0000,0x0000,0x0000,0x0000,0x0000,0x0000,0x0000,0x0000,0x0000,0x0000,0x0000,0x0000,0x0000,
  0x0000,0x0000,0x07E0,0x07E0,0x07E0,0x07E0,0x07E0,0x07E0,0x0000,0x0000,0x07E0,0x07E0,0x07E0,0x07E0,0x07E0,0x07E0,
  0x07E0,0x07E0,0x0000,0x0000,0x0000,0x0000,0x0000,0x0000,0x0000,0x0000,0x0000,0x0000,0x0000,0x0000,0x0000,0x0000,
  0x0000,0x0000,0x0000,0x0000,0x0000,0x0000,0x0000,0x0000,0x0000,0x0000,0x0000,0x0000,0x0000,0x0000,0x0000,0x0000,
  0x0000,0x0000,0x0000,0x0000,0x0000,0x0000,0x0000,0x0000,0x0000,0x0000,0x0000,0x0000,0x0000,0x0000,0x0000,0x0000,
  0x0000,0x0000,0x0000,0x0000,0x0000,0x0000,0x0000,0x0000,
  0x0000,0x0000,0x0000,0x0000,0x0000,0x0000,0x0000,0x0000,0x0000,0x0000,0x0000,0x0000,0x0000,0x0000,0x0000,0x0000,
  0x0000,0x0000,0x0000,0x0000,0x0000,0x0000,0x0000,0x0000,0x0000,0x0000,0x0000,0x0000,0x0000,0x0000,0x0000,0x0000,
  0x0000,0x0000,0x0000,0x0000,0x0000,0x0000,0x0000,0x0000,0x0000,0x0000,0x0000,0x0000,0x0000,0x0000,0x0000,0x0000,
  0x0000,0x0000,0x0000,0x0000,0x07E0,0x07E0,0x07E0,0x07E0,0x07E0,0x07E0,0x0000,0x0000,0x0000,0x0000,0x0000,0x0000,
  0x0000,0x0000,0x0000,0x0000,0x07E0,0x07E0,0x07E0,0x07E0,0x07E0,0x07E0,0x0000,0x0000,0x0000,0x0000,0x0000,0x0000,
  0x0000,0x0000,0x0000,0x0000,0x0000,0x0000,0x0000,0x0000,0x07E0,0x07E0,0x07E0,0x07E0,0x07E0,0x07E0,0x0000,0x0000,
  0x0000,0x0000,0x0000,0x0000,0x0000,0x0000,0x0000,0x0000,0x0000,0x07E0,0x07E0,0x07E0,0x07E0,0x07E0,0x07E0,0x07E0,
  0x0000,0x0000,0x0000,0x0000,0x0000,0x0000,0x0000,0x0000,0x0000,0x0000,0x0000,0x0000,0x0000,0x0000,0x0000,0x0000,
  0x0000,0x0000,0x07E0,0x07E0,0x07E0,0x07E0,0x07E0,0x07E0,0x0000,0x0000,0x0000,0x07E0,0x07E0,0x07E0,0x07E0,0x07E0,
  0x07E0,0x07E0,0x07E0,0x0000,0x0000,0x0000,0x0000,0x0000,0x0000,0x0000,0x0000,0x0000,0x0000,0x0000,0x0000,0x0000,
  0x0000,0x0000,0x0000,0x0000,0x0000,0x0000,0x0000,0x0000,0x0000,0x0000,0x0000,0x0000,0x0000,0x0000,0x0000,0x0000,
  0x0000,0x0000,0x0000,0x0000,0x0000,0x0000,0x0000,0x0000,0x0000,0x0000,0x0000,0x0000,0x0000,0x0000,0x0000,0x0000,
  0x0000,0x0000,0x0000,0x0000,0x0000,0x0000,0x0000,0x0000,
  0x0000,0x0000,0x0000,0x0000,0x0000,0x0000,0x0000,0x0000,0x0000,0x0000,0x0000,0x0000,0x0000,0x0000,0x0000,0x0000,
  0x0000,0x0000,0x0000,0x0000,0x0000,0x0000,0x0000,0x0000,0x0000,0x0000,0x0000,0x0000,0x0000,0x0000,0x0000,0x0000,
  0x0000,0x0000,0x0000,0x0000,0x0000,0x0000,0x0000,0x0000,0x0000,0x0000,0x0000,0x0000,0x0000,0x0000,0x0000,0x0000,
  0x0000,0x0000,0x0000,0x0000,0x07E0,0x07E0,0x07E0,0x07E0,0x07E0,0x07E0,0x0000,0x0000,0x0000,0x0000,0x0000,0x0000,
  0x0000,0x0000,0x0000,0x0000,0x07E0,0x07E0,0x07E0,0x07E0,0x07E0,0x07E0,0x0000,0x0000,0x0000,0x0000,0x0000,0x0000,
  0x0000,0x0000,0x0000,0x0000,0x0000,0x0000,0x0000,0x0000,0x07E0,0x07E0,0x07E0,0x07E0,0x07E0,0x07E0,0x07E0,0x0000,
  0x0000,0x0000,0x0000,0x0000,0x0000,0x0000,0x0000,0x0000,0x0000,0x07E0,0x07E0,0x07E0,0x07E0,0x07E0,0x07E0,0x07E0,
  0x0000,0x0000,0x0000,0x0000,0x0000,0x0000,0x0000,0x0000,0x0000,0x0000,0x0000,0x0000,0x0000,0x0000,0x0000,0x0000,
  0x0000,0x0000,0x07E0,0x07E0,0x07E0,0x07E0,0x07E0,0x07E0,0x0000,0x0000,0x0000,0x07E0,0x07E0,0x07E0,0x07E0,0x07E0,
  0x07E0,0x07E0,0x07E0,0x07E0,0x0000,0x0000,0x0000,0x0000,0x0000,0x0000,0x0000,0x0000,0x0000,0x0000,0x0000,0x0000,
  0x0000,0x0000,0x0000,0x0000,0x0000,0x0000,0x0000,0x0000,0x0000,0x0000,0x0000,0x0000,0x0000,0x0000,0x0000,0x0000,
  0x0000,0x0000,0x0000,0x0000,0x0000,0x0000,0x0000,0x0000,0x0000,0x0000,0x0000,0x0000,0x0000,0x0000,0x0000,0x0000,
  0x0000,0x0000,0x0000,0x0000,0x0000,0x0000,0x0000,0x0000,
  0x0000,0x0000,0x0000,0x0000,0x0000,0x0000,0x0000,0x0000,0x0000,0x0000,0x0000,0x0000,0x0000,0x0000,0x0000,0x0000,
  0x0000,0x0000,0x0000,0x0000,0x0000,0x0000,0x0000,0x0000,0x0000,0x0000,0x0000,0x0000,0x0000,0x0000,0x0000,0x0000,
  0x0000,0x0000,0x0000,0x0000,0x0000,0x0000,0x0000,0x0000,0x0000,0x0000,0x0000,0x0000,0x0000,0x0000,0x0000,0x0000,
  0x0000,0x0000,0x0000,0x0000,0x07E0,0x07E0,0x07E0,0x07E0,0x07E0,0x07E0,0x0000,0x0000,0x0000,0x0000,0x0000,0x0000,
  0x0000,0x0000,0x0000,0x0000,0x07E0,0x07E0,0x07E0,0x07E0,0x07E0,0x07E0,0x0000,0x0000,0x0000,0x0000,0x0000,0x0000,
  0x0000,0x0000,0x0000,0x0000,0x0000,0x0000,0x0000,0x0000,0x07E0,0x07E0,0x07E0,0x07E0,0x07E0,0x07E0,0x07E0,0x0000,
  0x0000,0x0000,0x0000,0x0000,0x0000,0x0000,0x0000,0x0000,0x07E0,0x07E0,0x07E0,0x07E0,0x07E0,0x07E0,0x07E0,0x07E0,
  0x0000,0x0000,0x0000,0x0000,0x0000,0x0000,0x0000,0x0000,0x0000,0x0000,0x0000,0x0000,0x0000,0x0000,0x0000,0x0000,
  0x0000,0x0000,0x07E0,0x07E0,0x07E0,0x07E0,0x07E0,0x07E0,0x0000,0x07E0,0x07E0,0x07E0,0x07E0,0x07E0,0x07E0,0x07E0,
  0x07E0,0x07E0,0x07E0,0x07E0,0x07E0,0x0000,0x0000,0x0000,0x0000,0x0000,0x0000,0x0000,0x0000,0x0000,0x0000,0x0000,
  0x0000,0x0000,0x0000,0x0000,0x0000,0x0000,0x0000,0x0000,0x0000,0x0000,0x0000,0x0000,0x0000,0x0000,0x0000,0x0000,
  0x0000,0x0000,0x0000,0x0000,0x0000,0x0000,0x0000,0x0000,0x0000,0x0000,0x0000,0x0000,0x0000,0x0000,0x0000,0x0000,
  0x0000,0x0000,0x0000,0x0000,0x0000,0x0000,0x0000,0x0000,
  0x0000,0x0000,0x0000,0x0000,0x0000,0x0000,0x0000,0x0000,0x0000,0x0000,0x0000,0x0000,0x0000,0x0000,0x0000,0x0000,
  0x0000,0x0000,0x0000,0x0000,0x0000,0x0000,0x0000,0x0000,0x0000,0x0000,0x0000,0x0000,0x0000,0x0000,0x0000,0x0000,
  0x0000,0x0000,0x0000,0x0000,0x0000,0x0000,0x0000,0x0000,0x0000,0x0000,0x0000,0x0000,0x0000,0x0000,0x0000,0x0000,
  0x0000,0x0000,0x0000,0x0000,0x07E0,0x07E0,0x07E0,0x07E0,0x07E0,0x07E0,0x0000,0x0000,0x0000,0x0000,0x0000,0x0000,
  0x0000,0x0000,0x0000,0x07E0,0x07E0,0x07E0,0x07E0,0x07E0,0x07E0,0x07E0,0x0000,0x0000,0x0000,0x0000,0x0000,0x0000,
  0x0000,0x0000,0x0000,0x0000,0x0000,0x0000,0x0000,0x0000,0x07E0,0x07E0,0x07E0,0x07E0,0x07E0,0x07E0,0x07E0,0x07E0,
  0x0000,0x0000,0x0000,0x0000,0x0000,0x0000,0x0000,0x0000,0x07E0,0x07E0,0x07E0,0x07E0,0x07E0,0x07E0,0x07E0,0x07E0,
  0x0000,0x0000,0x0000,0x0000,0x0000,0x0000,0x0000,0x0000,0x0000,0x0000,0x0000,0x0000,0x0000,0x0000,0x0000,0x0000,
  0x0000,0x0000,0x07E0,0x07E0,0x07E0,0x07E0,0x07E0,0x07E0,0x07E0,0x07E0,0x07E0,0x07E0,0x07E0,0x07E0,0x07E0,0x07E0,
  0x07E0,0x07E0,0x07E0,0x07E0,0x07E0,0x07E0,0x0000,0x0000,0x0000,0x0000,0x0000,0x0000,0x0000,0x0000,0x0000,0x0000,
  0x0000,0x0000,0x0000,0x0000,0x0000,0x0000,0x0000,0x0000,0x0000,0x0000,0x0000,0x0000,0x0000,0x0000,0x0000,0x0000,
  0x0000,0x0000,0x0000,0x0000,0x0000,0x0000,0x0000,0x0000,0x0000,0x0000,0x0000,0x0000,0x0000,0x0000,0x0000,0x0000,
  0x0000,0x0000,0x0000,0x0000,0x0000,0x0000,0x0000,0x0000,
  0x0000,0x0000,0x0000,0x0000,0x0000,0x0000,0x0000,0x0000,0x0000,0x0000,0x0000,0x0000,0x0000,0x0000,0x0000,0x0000,
  0x0000,0x0000,0x0000,0x0000,0x0000,0x0000,0x0000,0x0000,0x0000,0x0000,0x0000,0x0000,0x0000,0x0000,0x0000,0x0000,
  0x0000,0x0000,0x0000,0x0000,0x0000,0x0000,0x0000,0x0000,0x0000,0x0000,0x0000,0x0000,0x0000,0x0000,0x0000,0x0000,
  0x0000,0x0000,0x0000,0x0000,0x0000,0x07E0,0x07E0,0x07E0,0x07E0,0x07E0,0x07E0,0x0000,0x0000,0x0000,0x0000,0x0000,
  0x0000,0x0000,0x0000,0x07E0,0x07E0,0x07E0,0x07E0,0x07E0,0x07E0,0x07E0,0x0000,0x0000,0x0000,0x0000,0x0000,0x0000,
  0x0000,0x0000,0x0000,0x0000,0x0000,0x0000,0x0000,0x0000,0x07E0,0x07E0,0x07E0,0x07E0,0x07E0,0x07E0,0x07E0,0x07E0,
  0x07E0,0x0000,0x0000,0x0000,0x0000,0x0000,0x0000,0x07E0,0x07E0,0x07E0,0x07E0,0x07E0,0x07E0,0x07E0,0x07E0,0x07E0,
  0x0000,0x0000,0x0000,0x0000,0x0000,0x0000,0x0000,0x0000,0x0000,0x0000,0x0000,0x0000,0x0000,0x0000,0x0000,0x0000,
  0x0000,0x0000,0x07E0,0x07E0,0x07E0,0x07E0,0x07E0,0x07E0,0x07E0,0x07E0,0x07E0,0x07E0,0x07E0,0x07E0,0x07E0,0x07E0,
  0x07E0,0x07E0,0x07E0,0x07E0,0x07E0,0x07E0,0x07E0,0x07E0,0x0000,0x0000,0x0000,0x0000,0x0000,0x0000,0x0000,0x0000,
  0x0000,0x0000,0x0000,0x0000,0x0000,0x0000,0x0000,0x0000,0x0000,0x0000,0x0000,0x0000,0x0000,0x0000,0x0000,0x0000,
  0x0000,0x0000,0x0000,0x0000,0x0000,0x0000,0x0000,0x0000,0x0000,0x0000,0x0000,0x0000,0x0000,0x0000,0x0000,0x0000,
  0x0000,0x0000,0x0000,0x0000,0x0000,0x0000,0x0000,0x0000,
  0x0000,0x0000,0x0000,0x0000,0x0000,0x0000,0x0000,0x0000,0x0000,0x0000,0x0000,0x0000,0x0000,0x0000,0x0000,0x0000,
  0x0000,0x0000,0x0000,0x0000,0x0000,0x0000,0x0000,0x0000,0x0000,0x0000,0x0000,0x0000,0x0000,0x0000,0x0000,0x0000,
  0x0000,0x0000,0x0000,0x0000,0x0000,0x0000,0x0000,0x0000,0x0000,0x0000,0x0000,0x0000,0x0000,0x0000,0x0000,0x0000,
  0x0000,0x0000,0x0000,0x0000,0x0000,0x07E0,0x07E0,0x07E0,0x07E0,0x07E0,0x07E0,0x07E0,0x0000,0x0000,0x0000,0x0000,
  0x0000,0x07E0,0x07E0,0x07E0,0x07E0,0x07E0,0x07E0,0x07E0,0x07E0,0x0000,0x0000,0x0000,0x0000,0x0000,0x0000,0x0000,
  0x0000,0x0000,0x0000,0x0000,0x0000,0x0000,0x0000,0x0000,0x07E0,0x07E0,0x07E0,0x07E0,0x07E0,0x07E0,0x07E0,0x07E0,
  0x07E0,0x0000,0x0000,0x0000,0x0000,0x0000,0x07E0,0x07E0,0x07E0,0x07E0,0x07E0,0x07E0,0x07E0,0x07E0,0x07E0,0x07E0,
  0x0000,0x0000,0x0000,0x0000,0x0000,0x0000,0x0000,0x0000,0x0000,0x0000,0x0000,0x0000,0x0000,0x0000,0x0000,0x0000,
  0x0000,0x0000,0x07E0,0x07E0,0x07E0,0x07E0,0x07E0,0x07E0,0x07E0,0x07E0,0x07E0,0x07E0,0x07E0,0x07E0,0x0000,0x0000,
  0x07E0,0x07E0,0x07E0,0x07E0,0x07E0,0x07E0,0x07E0,0x0000,0x0000,0x0000,0x0000,0x0000,0x0000,0x0000,0x0000,0x0000,
  0x0000,0x0000,0x0000,0x0000,0x0000,0x0000,0x0000,0x0000,0x0000,0x0000,0x0000,0x0000,0x0000,0x0000,0x0000,0x0000,
  0x0000,0x0000,0x0000,0x0000,0x0000,0x0000,0x0000,0x0000,0x0000,0x0000,0x0000,0x0000,0x0000,0x0000,0x0000,0x0000,
  0x0000,0x0000,0x0000,0x0000,0x0000,0x0000,0x0000,0x0000,
  0x0000,0x0000,0x0000,0x0000,0x0000,0x0000,0x0000,0x0000,0x0000,0x0000,0x0000,0x0000,0x0000,0x0000,0x0000,0x0000,
  0x0000,0x0000,0x0000,0x0000,0x0000,0x0000,0x0000,0x0000,0x0000,0x0000,0x0000,0x0000,0x0000,0x0000,0x0000,0x0000,
  0x0000,0x0000,0x0000,0x0000,0x0000,0x0000,0x0000,0x0000,0x0000,0x0000,0x0000,0x0000,0x0000,0x0000,0x0000,0x0000,
  0x0000,0x0000,0x0000,0x0000,0x0000,0x0000,0x07E0,0x07E0,0x07E0,0x07E0,0x07E0,0x07E0,0x07E0,0x07E0,0x07E0,0x07E0,
  0x07E0,0x07E0,0x07E0,0x07E0,0x07E0,0x07E0,0x07E0,0x07E0,0x07E0,0x0000,0x0000,0x0000,0x0000,0x0000,0x0000,0x0000,
  0x0000,0x0000,0x0000,0x0000,0x0000,0x0000,0x0000,0x0000,0x07E0,0x07E0,0x07E0,0x07E0,0x07E0,0x07E0,0x07E0,0x07E0,
  0x07E0,0x07E0,0x0000,0x0000,0x0000,0x0000,0x07E0,0x07E0,0x07E0,0x07E0,0x07E0,0x07E0,0x07E0,0x07E0,0x07E0,0x07E0,
  0x0000,0x0000,0x0000,0x0000,0x0000,0x0000,0x0000,0x0000,0x0000,0x0000,0x0000,0x0000,0x0000,0x0000,0x0000,0x0000,
  0x0000,0x0000,0x07E0,0x07E0,0x07E0,0x07E0,0x07E0,0x07E0,0x07E0,0x07E0,0x07E0,0x07E0,0x0000,0x0000,0x0000,0x0000,
  0x0000,0x07E0,0x07E0,0x07E0,0x07E0,0x0000,0x0000,0x0000,0x0000,0x0000,0x0000,0x0000,0x0000,0x0000,0x0000,0x0000,
  0x0000,0x0000,0x0000,0x0000,0x0000,0x0000,0x0000,0x0000,0x0000,0x0000,0x0000,0x0000,0x0000,0x0000,0x0000,0x0000,
  0x0000,0x0000,0x0000,0x0000,0x0000,0x0000,0x0000,0x0000,0x0000,0x0000,0x0000,0x0000,0x0000,0x0000,0x0000,0x0000,
  0x0000,0x0000,0x0000,0x0000,0x0000,0x0000,0x0000,0x0000,
  0x0000,0x0000,0x0000,0x0000,0x0000,0x0000,0x0000,0x0000,0x0000,0x0000,0x0000,0x0000,0x0000,0x0000,0x0000,0x0000,
  0x0000,0x0000,0x0000,0x0000,0x0000,0x0000,0x0000,0x0000,0x0000,0x0000,0x0000,0x0000,0x0000,0x0000,0x0000,0x0000,
  0x0000,0x0000,0x0000,0x0000,0x0000,0x0000,0x0000,0x0000,0x0000,0x0000,0x0000,0x0000,0x0000,0x0000,0x0000,0x0000,
  0x0000,0x0000,0x0000,0x0000,0x0000,0x0000,0x0000,0x07E0,0x07E0,0x07E0,0x07E0,0x07E0,0x07E0,0x07E0,0x07E0,0x07E0,
  0x07E0,0x07E0,0x07E0,0x07E0,0x07E0,0x07E0,0x07E0,0x07E0,0x0000,0x0000,0x0000,0x0000,0x0000,0x0000,0x0000,0x0000,
  0x0000,0x0000,0x0000,0x0000,0x0000,0x0000,0x0000,0x0000,0x07E0,0x07E0,0x07E0,0x07E0,0x07E0,0x07E0,0x07E0,0x07E0,
  0x07E0,0x07E0,0x07E0,0x0000,0x0000,0x07E0,0x07E0,0x07E0,0x07E0,0x07E0,0x07E0,0x07E0,0x07E0,0x07E0,0x07E0,0x07E0,
  0x0000,0x0000,0x0000,0x0000,0x0000,0x0000,0x0000,0x0000,0x0000,0x0000,0x0000,0x0000,0x0000,0x0000,0x0000,0x0000,
  0x0000,0x0000,0x07E0,0x07E0,0x07E0,0x07E0,0x07E0,0x07E0,0x07E0,0x07E0,0x0000,0x0000,0x0000,0x0000,0x0000,0x0000,
  0x0000,0x0000,0x07E0,0x0000,0x0000,0x0000,0x0000,0x0000,0x0000,0x0000,0x0000,0x0000,0x0000,0x0000,0x0000,0x0000,
  0x0000,0x0000,0x0000,0x0000,0x0000,0x0000,0x0000,0x0000,0x0000,0x0000,0x0000,0x0000,0x0000,0x0000,0x0000,0x0000,
  0x0000,0x0000,0x0000,0x0000,0x0000,0x0000,0x0000,0x0000,0x0000,0x0000,0x0000,0x0000,0x0000,0x0000,0x0000,0x0000,
  0x0000,0x0000,0x0000,0x0000,0x0000,0x0000,0x0000,0x0000,
  0x0000,0x0000,0x0000,0x0000,0x0000,0x0000,0x0000,0x0000,0x0000,0x0000,0x0000,0x0000,0x0000,0x0000,0x0000,0x0000,
  0x0000,0x0000,0x0000,0x0000,0x0000,0x0000,0x0000,0x0000,0x0000,0x0000,0x0000,0x0000,0x0000,0x0000,0x0000,0x0000,
  0x0000,0x0000,0x0000,0x0000,0x0000,0x0000,0x0000,0x0000,0x0000,0x0000,0x0000,0x0000,0x0000,0x0000,0x0000,0x0000,
  0x0000,0x0000,0x0000,0x0000,0x0000,0x0000,0x0000,0x0000,0x07E0,0x07E0,0x07E0,0x07E0,0x07E0,0x07E0,0x07E0,0x07E0,
  0x07E0,0x07E0,0x07E0,0x07E0,0x07E0,0x07E0,0x07E0,0x0000,0x0000,0x0000,0x0000,0x0000,0x0000,0x0000,0x0000,0x0000,
  0x0000,0x0000,0x0000,0x0000,0x0000,0x0000,0x0000,0x0000,0x07E0,0x07E0,0x07E0,0x07E0,0x07E0,0x07E0,0x07E0,0x07E0,
  0x07E0,0x07E0,0x07E0,0x0000,0x0000,0x07E0,0x07E0,0x07E0,0x07E0,0x07E0,0x07E0,0x07E0,0x07E0,0x07E0,0x07E0,0x07E0,
  0x0000,0x0000,0x0000,0x0000,0x0000,0x0000,0x0000,0x0000,0x0000,0x0000,0x0000,0x0000,0x0000,0x0000,0x0000,0x0000,
  0x0000,0x0000,0x07E0,0x07E0,0x07E0,0x07E0,0x07E0,0x07E0,0x0000,0x0000,0x0000,0x0000,0x0000,0x0000,0x0000,0x0000,
  0x0000,0x0000,0x0000,0x0000,0x0000,0x0000,0x0000,0x0000,0x0000,0x0000,0x0000,0x0000,0x0000,0x0000,0x0000,0x0000,
  0x0000,0x0000,0x0000,0x0000,0x0000,0x0000,0x0000,0x0000,0x0000,0x0000,0x0000,0x0000,0x0000,0x0000,0x0000,0x0000,
  0x0000,0x0000,0x0000,0x0000,0x0000,0x0000,0x0000,0x0000,0x0000,0x0000,0x0000,0x0000,0x0000,0x0000,0x0000,0x0000,
  0x0000,0x0000,0x0000,0x0000,0x0000,0x0000,0x0000,0x0000,
  0x0000,0x0000,0x0000,0x0000,0x0000,0x0000,0x0000,0x0000,0x0000,0x0000,0x0000,0x0000,0x0000,0x0000,0x0000,0x0000,
  0x0000,0x0000,0x0000,0x0000,0x0000,0x0000,0x0000,0x0000,0x0000,0x0000,0x0000,0x0000,0x0000,0x0000,0x0000,0x0000,
  0x0000,0x0000,0x0000,0x0000,0x0000,0x0000,0x0000,0x0000,0x0000,0x0000,0x0000,0x0000,0x0000,0x0000,0x0000,0x0000,
  0x0000,0x0000,0x0000,0x0000,0x0000,0x0000,0x0000,0x0000,0x0000,0x07E0,0x07E0,0x07E0,0x07E0,0x07E0,0x07E0,0x07E0,
  0x07E0,0x07E0,0x07E0,0x07E0,0x07E0,0x07E0,0x0000,0x0000,0x0000,0x0000,0x0000,0x0000,0x0000,0x0000,0x0000,0x0000,
  0x0000,0x0000,0x0000,0x0000,0x0000,0x0000,0x0000,0x0000,0x07E0,0x07E0,0x07E0,0x07E0,0x07E0,0x07E0,0x07E0,0x07E0,
  0x07E0,0x07E0,0x07E0,0x07E0,0x07E0,0x07E0,0x07E0,0x07E0,0x07E0,0x07E0,0x07E0,0x07E0,0x07E0,0x07E0,0x07E0,0x07E0,
  0x0000,0x0000,0x0000,0x0000,0x0000,0x0000,0x0000,0x0000,0x0000,0x0000,0x0000,0x0000,0x0000,0x0000,0x0000,0x0000,
  0x0000,0x0000,0x07E0,0x07E0,0x07E0,0x07E0,0x07E0,0x07E0,0x0000,0x0000,0x0000,0x0000,0x0000,0x0000,0x0000,0x0000,
  0x0000,0x0000,0x0000,0x0000,0x0000,0x0000,0x0000,0x0000,0x0000,0x0000,0x0000,0x0000,0x0000,0x0000,0x0000,0x0000,
  0x0000,0x0000,0x0000,0x0000,0x0000,0x0000,0x0000,0x0000,0x0000,0x0000,0x0000,0x0000,0x0000,0x0000,0x0000,0x0000,
  0x0000,0x0000,0x0000,0x0000,0x0000,0x0000,0x0000,0x0000,0x0000,0x0000,0x0000,0x0000,0x0000,0x0000,0x0000,0x0000,
  0x0000,0x0000,0x0000,0x0000,0x0000,0x0000,0x0000,0x0000,
  0x0000,0x0000,0x0000,0x0000,0x0000,0x0000,0x0000,0x0000,0x0000,0x0000,0x0000,0x0000,0x0000,0x0000,0x0000,0x0000,
  0x0000,0x0000,0x0000,0x0000,0x0000,0x0000,0x0000,0x0000,0x0000,0x0000,0x0000,0x0000,0x0000,0x0000,0x0000,0x0000,
  0x0000,0x0000,0x0000,0x0000,0x0000,0x0000,0x0000,0x0000,0x0000,0x0000,0x0000,0x0000,0x0000,0x0000,0x0000,0x0000,
  0x0000,0x0000,0x0000,0x0000,0x0000,0x0000,0x0000,0x0000,0x0000,0x0000,0x0000,0x07E0,0x07E0,0x07E0,0x07E0,0x07E0,
  0x07E0,0x07E0,0x07E0,0x07E0,0x07E0,0x0000,0x0000,0x0000,0x0000,0x0000,0x0000,0x0000,0x0000,0x0000,0x0000,0x0000,
  0x0000,0x0000,0x0000,0x0000,0x0000,0x0000,0x0000,0x0000,0x07E0,0x07E0,0x07E0,0x07E0,0x07E0,0x07E0,0x0000,0x07E0,
  0x07E0,0x07E0,0x07E0,0x07E0,0x07E0,0x07E0,0x07E0,0x07E0,0x07E0,0x0000,0x07E0,0x07E0,0x07E0,0x07E0,0x07E0,0x07E0,
  0x0000,0x0000,0x0000,0x0000,0x0000,0x0000,0x0000,0x0000,0x0000,0x0000,0x0000,0x0000,0x0000,0x0000,0x0000,0x0000,
  0x0000,0x0000,0x07E0,0x07E0,0x07E0,0x07E0,0x07E0,0x07E0,0x0000,0x0000,0x0000,0x0000,0x0000,0x0000,0x0000,0x0000,
  0x0000,0x0000,0x0000,0x0000,0x0000,0x0000,0x0000,0x0000,0x0000,0x0000,0x0000,0x0000,0x0000,0x0000,0x0000,0x0000,
  0x0000,0x0000,0x0000,0x0000,0x0000,0x0000,0x0000,0x0000,0x0000,0x0000,0x0000,0x0000,0x0000,0x0000,0x0000,0x0000,
  0x0000,0x0000,0x0000,0x0000,0x0000,0x0000,0x0000,0x0000,0x0000,0x0000,0x0000,0x0000,0x0000,0x0000,0x0000,0x0000,
  0x0000,0x0000,0x0000,0x0000,0x0000,0x0000,0x0000,0x0000,
  0x0000,0x0000,0x0000,0x0000,0x0000,0x0000,0x0000,0x0000,0x0000,0x0000,0x0000,0x0000,0x0000,0x0000,0x0000,0x0000,
  0x0000,0x0000,0x0000,0x0000,0x0000,0x0000,0x0000,0x0000,0x0000,0x0000,0x0000,0x0000,0x0000,0x0000,0x0000,0x0000,
  0x0000,0x0000,0x0000,0x0000,0x0000,0x0000,0x0000,0x0000,0x0000,0x0000,0x0000,0x0000,0x0000,0x0000,0x0000,0x0000,
  0x0000,0x0000,0x0000,0x0000,0x0000,0x0000,0x0000,0x0000,0x0000,0x0000,0x0000,0x0000,0x0000,0x0000,0x07E0,0x07E0,
  0x07E0,0x07E0,0x0000,0x0000,0x0000,0x0000,0x0000,0x0000,0x0000,0x0000,0x0000,0x0000,0x0000,0x0000,0x0000,0x0000,
  0x0000,0x0000,0x0000,0x0000,0x0000,0x0000,0x0000,0x0000,0x07E0,0x07E0,0x07E0,0x07E0,0x07E0,0x07E0,0x0000,0x07E0,
  0x07E0,0x07E0,0x07E0,0x07E0,0x07E0,0x07E0,0x07E0,0x07E0,0x07E0,0x0000,0x07E0,0x07E0,0x07E0,0x07E0,0x07E0,0x07E0,
  0x0000,0x0000,0x0000,0x0000,0x0000,0x0000,0x0000,0x0000,0x0000,0x0000,0x0000,0x0000,0x0000,0x0000,0x0000,0x0000,
  0x0000,0x0000,0x07E0,0x07E0,0x07E0,0x07E0,0x07E0,0x07E0,0x0000,0x0000,0x0000,0x0000,0x0000,0x0000,0x0000,0x0000,
  0x0000,0x0000,0x0000,0x0000,0x0000,0x0000,0x0000,0x0000,0x0000,0x0000,0x0000,0x0000,0x0000,0x0000,0x0000,0x0000,
  0x0000,0x0000,0x0000,0x0000,0x0000,0x0000,0x0000,0x0000,0x0000,0x0000,0x0000,0x0000,0x0000,0x0000,0x0000,0x0000,
  0x0000,0x0000,0x0000,0x0000,0x0000,0x0000,0x0000,0x0000,0x0000,0x0000,0x0000,0x0000,0x0000,0x0000,0x0000,0x0000,
  0x0000,0x0000,0x0000,0x0000,0x0000,0x0000,0x0000,0x0000,
  0x0000,0x0000,0x0000,0x0000,0x0000,0x0000,0x0000,0x0000,0x0000,0x0000,0x0000,0x0000,0x0000,0x0000,0x0000,0x0000,
  0x0000,0x0000,0x0000,0x0000,0x0000,0x0000,0x0000,0x0000,0x0000,0x0000,0x0000,0x0000,0x0000,0x0000,0x0000,0x0000,
  0x0000,0x0000,0x0000,0x0000,0x0000,0x0000,0x0000,0x0000,0x0000,0x0000,0x0000,0x0000,0x0000,0x0000,0x0000,0x0000,
  0x0000,0x0000,0x0000,0x0000,0x0000,0x0000,0x0000,0x0000,0x0000,0x0000,0x0000,0x0000,0x0000,0x0000,0x0000,0x0000,
  0x0000,0x0000,0x0000,0x0000,0x0000,0x0000,0x0000,0x0000,0x0000,0x0000,0x0000,0x0000,0x0000,0x0000,0x0000,0x0000,
  0x0000,0x0000,0x0000,0x0000,0x0000,0x0000,0x0000,0x0000,0x07E0,0x07E0,0x07E0,0x07E0,0x07E0,0x07E0,0x0000,0x0000,
  0x07E0,0x07E0,0x07E0,0x07E0,0x07E0,0x07E0,0x07E0,0x07E0,0x0000,0x0000,0x07E0,0x07E0,0x07E0,0x07E0,0x07E0,0x07E0,
  0x0000,0x0000,0x0000,0x0000,0x0000,0x0000,0x0000,0x0000,0x0000,0x0000,0x0000,0x0000,0x0000,0x0000,0x0000,0x0000,
  0x0000,0x0000,0x07E0,0x07E0,0x07E0,0x07E0,0x07E0,0x07E0,0x0000,0x0000,0x0000,0x0000,0x0000,0x0000,0x0000,0x0000,
  0x0000,0x0000,0x0000,0x0000,0x0000,0x0000,0x0000,0x0000,0x0000,0x0000,0x0000,0x0000,0x0000,0x0000,0x0000,0x0000,
  0x0000,0x0000,0x0000,0x0000,0x0000,0x0000,0x0000,0x0000,0x0000,0x0000,0x0000,0x0000,0x0000,0x0000,0x0000,0x0000,
  0x0000,0x0000,0x0000,0x0000,0x0000,0x0000,0x0000,0x0000,0x0000,0x0000,0x0000,0x0000,0x0000,0x0000,0x0000,0x0000,
  0x0000,0x0000,0x0000,0x0000,0x0000,0x0000,0x0000,0x0000,
  0x0000,0x0000,0x0000,0x0000,0x0000,0x0000,0x0000,0x0000,0x0000,0x0000,0x0000,0x0000,0x0000,0x0000,0x0000,0x0000,
  0x0000,0x0000,0x0000,0x0000,0x0000,0x0000,0x0000,0x0000,0x0000,0x0000,0x0000,0x0000,0x0000,0x0000,0x0000,0x0000,
  0x0000,0x0000,0x0000,0x0000,0x0000,0x0000,0x0000,0x0000,0x0000,0x0000,0x0000,0x0000,0x0000,0x0000,0x0000,0x0000,
  0x0000,0x0000,0x0000,0x0000,0x0000,0x0000,0x0000,0x0000,0x0000,0x0000,0x0000,0x0000,0x0000,0x0000,0x0000,0x0000,
  0x0000,0x0000,0x0000,0x0000,0x0000,0x0000,0x0000,0x0000,0x0000,0x0000,0x0000,0x0000,0x0000,0x0000,0x0000,0x0000,
  0x0000,0x0000,0x0000,0x0000,0x0000,0x0000,0x0000,0x0000,0x07E0,0x07E0,0x07E0,0x07E0,0x07E0,0x07E0,0x0000,0x0000,
  0x07E0,0x07E0,0x07E0,0x07E0,0x07E0,0x07E0,0x07E0,0x0000,0x0000,0x0000,0x07E0,0x07E0,0x07E0,0x07E0,0x07E0,0x07E0,
  0x0000,0x0000,0x0000,0x0000,0x0000,0x0000,0x0000,0x0000,0x0000,0x0000,0x0000,0x0000,0x0000,0x0000,0x0000,0x0000,
  0x0000,0x0000,0x07E0,0x07E0,0x07E0,0x07E0,0x0000,0x0000,0x0000,0x0000,0x0000,0x0000,0x0000,0x0000,0x0000,0x0000,
  0x0000,0x0000,0x0000,0x0000,0x0000,0x0000,0x0000,0x0000,0x0000,0x0000,0x0000,0x0000,0x0000,0x0000,0x0000,0x0000,
  0x0000,0x0000,0x0000,0x0000,0x0000,0x0000,0x0000,0x0000,0x0000,0x0000,0x0000,0x0000,0x0000,0x0000,0x0000,0x0000,
  0x0000,0x0000,0x0000,0x0000,0x0000,0x0000,0x0000,0x0000,0x0000,0x0000,0x0000,0x0000,0x0000,0x0000,0x0000,0x0000,
  0x0000,0x0000,0x0000,0x0000,0x0000,0x0000,0x0000,0x0000,
  0x0000,0x0000,0x0000,0x0000,0x0000,0x0000,0x0000,0x0000,0x0000,0x0000,0x0000,0x0000,0x0000,0x0000,0x0000,0x0000,
  0x0000,0x0000,0x0000,0x0000,0x0000,0x0000,0x0000,0x0000,0x0000,0x0000,0x0000,0x0000,0x0000,0x0000,0x0000,0x0000,
  0x0000,0x0000,0x0000,0x0000,0x0000,0x0000,0x0000,0x0000,0x0000,0x0000,0x0000,0x0000,0x0000,0x0000,0x0000,0x0000,
  0x0000,0x0000,0x0000,0x0000,0x0000,0x0000,0x0000,0x0000,0x0000,0x0000,0x0000,0x0000,0x0000,0x0000,0x0000,0x0000,
  0x0000,0x0000,0x0000,0x0000,0x0000,0x0000,0x0000,0x0000,0x0000,0x0000,0x0000,0x0000,0x0000,0x0000,0x0000,0x0000,
  0x0000,0x0000,0x0000,0x0000,0x0000,0x0000,0x0000,0x0000,0x07E0,0x07E0,0x07E0,0x07E0,0x07E0,0x07E0,0x0000,0x0000,
  0x0000,0x07E0,0x07E0,0x07E0,0x07E0,0x07E0,0x07E0,0x0000,0x0000,0x0000,0x07E0,0x07E0,0x07E0,0x07E0,0x07E0,0x07E0,
  0x0000,0x0000,0x0000,0x0000,0x0000,0x0000,0x0000,0x0000,0x0000,0x0000,0x0000,0x0000,0x0000,0x0000,0x0000,0x0000,
  0x0000,0x0000,0x07E0,0x07E0,0x0000,0x0000,0x0000,0x0000,0x0000,0x0000,0x0000,0x0000,0x0000,0x0000,0x0000,0x0000,
  0x0000,0x0000,0x0000,0x0000,0x0000,0x0000,0x0000,0x0000,0x0000,0x0000,0x0000,0x0000,0x0000,0x0000,0x0000,0x0000,
  0x0000,0x0000,0x0000,0x0000,0x0000,0x0000,0x0000,0x0000,0x0000,0x0000,0x0000,0x0000,0x0000,0x0000,0x0000,0x0000,
  0x0000,0x0000,0x0000,0x0000,0x0000,0x0000,0x0000,0x0000,0x0000,0x0000,0x0000,0x0000,0x0000,0x0000,0x0000,0x0000,
  0x0000,0x0000,0x0000,0x0000,0x0000,0x0000,0x0000,0x0000,
  0x0000,0x0000,0x0000,0x0000,0x0000,0x0000,0x0000,0x0000,0x0000,0x0000,0x0000,0x0000,0x0000,0x0000,0x0000,0x0000,
  0x0000,0x0000,0x0000,0x0000,0x0000,0x0000,0x0000,0x0000,0x0000,0x0000,0x0000,0x0000,0x0000,0x0000,0x0000,0x0000,
  0x0000,0x0000,0x0000,0x0000,0x0000,0x0000,0x0000,0x0000,0x0000,0x0000,0x0000,0x0000,0x0000,0x0000,0x0000,0x0000,
  0x0000,0x0000,0x0000,0x0000,0x0000,0x0000,0x0000,0x0000,0x0000,0x0000,0x0000,0x0000,0x0000,0x0000,0x0000,0x0000,
  0x0000,0x0000,0x0000,0x0000,0x0000,0x0000,0x0000,0x0000,0x0000,0x0000,0x0000,0x0000,0x0000,0x0000,0x0000,0x0000,
  0x0000,0x0000,0x0000,0x0000,0x0000,0x0000,0x0000,0x0000,0x07E0,0x07E0,0x07E0,0x07E0,0x07E0,0x07E0,0x0000,0x0000,
  0x0000,0x0000,0x07E0,0x07E0,0x07E0,0x07E0,0x0000,0x0000,0x0000,0x0000,0x07E0,0x07E0,0x07E0,0x07E0,0x07E0,0x07E0,
  0x0000,0x0000,0x0000,0x0000,0x0000,0x0000,0x0000,0x0000,0x0000,0x0000,0x0000,0x0000,0x0000,0x0000,0x0000,0x0000,
  0x0000,0x0000,0x0000,0x0000,0x0000,0x0000,0x0000,0x0000,0x0000,0x0000,0x0000,0x0000,0x0000,0x0000,0x0000,0x0000,
  0x0000,0x0000,0x0000,0x0000,0x0000,0x0000,0x0000,0x0000,0x0000,0x0000,0x0000,0x0000,0x0000,0x0000,0x0000,0x0000,
  0x0000,0x0000,0x0000,0x0000,0x0000,0x0000,0x0000,0x0000,0x0000,0x0000,0x0000,0x0000,0x0000,0x0000,0x0000,0x0000,
  0x0000,0x0000,0x0000,0x0000,0x0000,0x0000,0x0000,0x0000,0x0000,0x0000,0x0000,0x0000,0x0000,0x0000,0x0000,0x0000,
  0x0000,0x0000,0x0000,0x0000,0x0000,0x0000,0x0000,0x0000,
  0x0000,0x0000,0x0000,0x0000,0x0000,0x0000,0x0000,0x0000,0x0000,0x0000,0x0000,0x0000,0x0000,0x0000,0x0000,0x0000,
  0x0000,0x0000,0x0000,0x0000,0x0000,0x0000,0x0000,0x0000,0x0000,0x0000,0x0000,0x0000,0x0000,0x0000,0x0000,0x0000,
  0x0000,0x0000,0x0000,0x0000,0x0000,0x0000,0x0000,0x0000,0x0000,0x0000,0x0000,0x0000,0x0000,0x0000,0x0000,0x0000,
  0x0000,0x0000,0x0000,0x0000,0x0000,0x0000,0x0000,0x0000,0x0000,0x0000,0x0000,0x0000,0x0000,0x0000,0x0000,0x0000,
  0x0000,0x0000,0x0000,0x0000,0x0000,0x0000,0x0000,0x0000,0x0000,0x0000,0x0000,0x0000,0x0000,0x0000,0x0000,0x0000,
  0x0000,0x0000,0x0000,0x0000,0x0000,0x0000,0x0000,0x0000,0x07E0,0x07E0,0x07E0,0x07E0,0x07E0,0x07E0,0x0000,0x0000,
  0x0000,0x0000,0x07E0,0x07E0,0x07E0,0x07E0,0x0000,0x0000,0x0000,0x0000,0x07E0,0x07E0,0x07E0,0x07E0,0x07E0,0x07E0,
  0x0000,0x0000,0x0000,0x0000,0x0000,0x0000,0x0000,0x0000,0x0000,0x0000,0x0000,0x0000,0x0000,0x0000,0x0000,0x0000,
  0x0000,0x0000,0x0000,0x0000,0x0000,0x0000,0x0000,0x0000,0x0000,0x0000,0x0000,0x0000,0x0000,0x0000,0x0000,0x0000,
  0x0000,0x0000,0x0000,0x0000,0x0000,0x0000,0x0000,0x0000,0x0000,0x0000,0x0000,0x0000,0x0000,0x0000,0x0000,0x0000,
  0x0000,0x0000,0x0000,0x0000,0x0000,0x0000,0x0000,0x0000,0x0000,0x0000,0x0000,0x0000,0x0000,0x0000,0x0000,0x0000,
  0x0000,0x0000,0x0000,0x0000,0x0000,0x0000,0x0000,0x0000,0x0000,0x0000,0x0000,0x0000,0x0000,0x0000,0x0000,0x0000,
  0x0000,0x0000,0x0000,0x0000,0x0000,0x0000,0x0000,0x0000,
  0x0000,0x0000,0x0000,0x0000,0x0000,0x0000,0x0000,0x0000,0x0000,0x0000,0x0000,0x0000,0x0000,0x0000,0x0000,0x0000,
  0x0000,0x0000,0x0000,0x0000,0x0000,0x0000,0x0000,0x0000,0x0000,0x0000,0x0000,0x0000,0x0000,0x0000,0x0000,0x0000,
  0x0000,0x0000,0x0000,0x0000,0x0000,0x0000,0x0000,0x0000,0x0000,0x0000,0x0000,0x0000,0x0000,0x0000,0x0000,0x0000,
  0x0000,0x0000,0x0000,0x0000,0x0000,0x0000,0x0000,0x0000,0x0000,0x0000,0x0000,0x0000,0x0000,0x0000,0x0000,0x0000,
  0x0000,0x0000,0x0000,0x0000,0x0000,0x0000,0x0000,0x0000,0x0000,0x0000,0x0000,0x0000,0x0000,0x0000,0x0000,0x0000,
  0x0000,0x0000,0x0000,0x0000,0x0000,0x0000,0x0000,0x0000,0x07E0,0x07E0,0x07E0,0x07E0,0x07E0,0x07E0,0x0000,0x0000,
  0x0000,0x0000,0x0000,0x0000,0x0000,0x0000,0x0000,0x0000,0x0000,0x0000,0x07E0,0x07E0,0x07E0,0x07E0,0x07E0,0x07E0,
  0x0000,0x0000,0x0000,0x0000,0x0000,0x0000,0x0000,0x0000,0x0000,0x0000,0x0000,0x0000,0x0000,0x0000,0x0000,0x0000,
  0x0000,0x0000,0x0000,0x0000,0x0000,0x0000,0x0000,0x0000,0x0000,0x0000,0x0000,0x0000,0x0000,0x0000,0x0000,0x0000,
  0x0000,0x0000,0x0000,0x0000,0x0000,0x0000,0x0000,0x0000,0x0000,0x0000,0x0000,0x0000,0x0000,0x0000,0x0000,0x0000,
  0x0000,0x0000,0x0000,0x0000,0x0000,0x0000,0x0000,0x0000,0x0000,0x0000,0x0000,0x0000,0x0000,0x0000,0x0000,0x0000,
  0x0000,0x0000,0x0000,0x0000,0x0000,0x0000,0x0000,0x0000,0x0000,0x0000,0x0000,0x0000,0x0000,0x0000,0x0000,0x0000,
  0x0000,0x0000,0x0000,0x0000,0x0000,0x0000,0x0000,0x0000,
  0x0000,0x0000,0x0000,0x0000,0x0000,0x0000,0x0000,0x0000,0x0000,0x0000,0x0000,0x0000,0x0000,0x0000,0x0000,0x0000,
  0x0000,0x0000,0x0000,0x0000,0x0000,0x0000,0x0000,0x0000,0x0000,0x0000,0x0000,0x0000,0x0000,0x0000,0x0000,0x0000,
  0x0000,0x0000,0x0000,0x0000,0x0000,0x0000,0x0000,0x0000,0x0000,0x0000,0x0000,0x0000,0x0000,0x0000,0x0000,0x0000,
  0x0000,0x0000,0x0000,0x0000,0x0000,0x0000,0x0000,0x0000,0x0000,0x0000,0x0000,0x0000,0x0000,0x0000,0x0000,0x0000,
  0x0000,0x0000,0x0000,0x0000,0x0000,0x0000,0x0000,0x0000,0x0000,0x0000,0x0000,0x0000,0x0000,0x0000,0x0000,0x0000,
  0x0000,0x0000,0x0000,0x0000,0x0000,0x0000,0x0000,0x0000,0x07E0,0x07E0,0x07E0,0x07E0,0x07E0,0x07E0,0x0000,0x0000,
  0x0000,0x0000,0x0000,0x0000,0x0000,0x0000,0x0000,0x0000,0x0000,0x0000,0x07E0,0x07E0,0x07E0,0x07E0,0x07E0,0x07E0,
  0x0000,0x0000,0x0000,0x0000,0x0000,0x0000,0x0000,0x0000,0x0000,0x0000,0x0000,0x0000,0x0000,0x0000,0x0000,0x0000,
  0x0000,0x0000,0x0000,0x0000,0x0000,0x0000,0x0000,0x0000,0x0000,0x0000,0x0000,0x0000,0x0000,0x0000,0x0000,0x0000,
  0x0000,0x0000,0x0000,0x0000,0x0000,0x0000,0x0000,0x0000,0x0000,0x0000,0x0000,0x0000,0x0000,0x0000,0x0000,0x0000,
  0x0000,0x0000,0x0000,0x0000,0x0000,0x0000,0x0000,0x0000,0x0000,0x0000,0x0000,0x0000,0x0000,0x0000,0x0000,0x0000,
  0x0000,0x0000,0x0000,0x0000,0x0000,0x0000,0x0000,0x0000,0x0000,0x0000,0x0000,0x0000,0x0000,0x0000,0x0000,0x0000,
  0x0000,0x0000,0x0000,0x0000,0x0000,0x0000,0x0000,0x0000,
};
